user_id,source,syndrome_original,status,chief_complaint,description,detection,qi_deficiency|气虚,blood_deficiency|血虚,yin_deficiency|阴虚,yang_deficiency|阳虚,qi_stagnation|气滞,blood_stasis|血瘀,phlegm_dampness|痰湿,damp_heat|湿热,wind|内风,excess_heat|实热,n_labels,labels_cn
464508,train,气虚血瘀证,auto,反复胸闷痛1周，加重2小时。,患者1周来反复于活动后出现胸闷痛症状，以心前区为主，呈压榨样疼痛，不伴有背部放射痛，每次症状持续半小时左右，休息后症状可逐渐缓解，伴轻度纳差、乏力症状，无咳嗽、咳痰，无盗汗、咳血，无喘息、呼吸困难，无反酸、嗳气，无鼻塞、流涕，无大汗淋漓，无意识障碍，无头痛、黑曚、晕厥等症状，患者症状反复发作，曾于徐州市中心医院就诊（具体诊疗过程不详），患者胸闷痛程度及持续时间逐渐加重，患者不能耐受，2小时前胸闷痛再发，伴恶心呕吐，心慌汗出，遂今日至我院就诊，门诊查心电图示：广泛前壁T波改变，心梗标记物示CKMB7.2ng/ml，MYO182ng/ml，TNI0.18ng/ml，新冠抗体阴性，血常规未见明显异常，胸部CT未见明显异常。为进一步治疗门诊拟以“急性冠脉综合征”收入我科。发病以来患者神志清、精神差，饮食、睡眠、体力欠佳，体重无明显变化，二便正常。,神志清晰，精神欠佳，形体适中，语言清晰，口唇发绀；皮肤正常，无斑疹。头颅大小形态正常，无目窼下陷，白睛无黄染，耳轮正常，无耳瘘及生疮；颈部对称，无青筋暴露，无瘿瘤瘰疬，胸部对称，虚里搏动正常，腹部平坦，无癥瘕痞块，爪甲色泽青紫，双下肢无浮肿，舌质淡紫，苔薄白，脉虚细涩。,1,0,0,0,0,1,0,0,0,0,2,血瘀|气虚
447462,train,痰湿蒙窍证,auto,突发头晕伴恶心呕吐4小时,患者于今日上午8点无明显诱因出现头晕，伴视物旋转、恶心呕吐，呕吐物为清水痰涎，行走不稳，症状持续未见明显缓解，急至我院门诊就诊，为进一步中西医结合治疗，遂入本院求治，病程中患者无头痛，无发热，无四肢抽搐，无饮水呛咳，无心慌胸闷，无视物成双，无意识丧失。入院症状：神志清晰，精神欠佳，头晕伴恶心呕吐、视物旋转，呕吐物为清水痰涎，体位变化时症状加重，行走不能，耳鸣轰响，听力下降，左耳较重，纳食可，夜寐安，大便如常，小便如常。舌淡紫，苔白，脉洪。,神志清晰，精神尚可，形体适中，语言清晰，口唇红润；皮肤正常，无斑疹。头颅大小形态正常，无目窼下陷，白睛无黄染，耳轮正常，无耳瘘及生疮；颈部对称，无青筋暴露，无瘿瘤瘰疬，胸部对称，虚里搏动正常，腹部平坦，无癥瘕痞块，爪甲色泽红润，双下肢无浮肿，舌淡紫，苔白，脉洪。,0,0,0,0,0,0,1,0,0,0,1,痰湿
423978,train,气虚血瘀证,auto,头晕伴口眼歪斜1天。,患者今日晨起无明显诱因出现头晕不适，伴口眼向左侧歪斜，未予重视， 休息后症状无明显缓解，且出现头晕加重，遂至铜山中医院就诊，查头颅CT提示脑梗塞，遂至我院就诊，为进一步诊治收治入院。入院时：患者头晕不适，口眼歪斜，无胸闷痛不适，无明显心悸，全身乏力，无恶心呕吐，无腹痛腹泻，纳可，二便尚调，夜寐尚可。,神志清晰，精神尚可，形体适中，语言清晰，口唇红润；皮肤正常，无斑疹。头颅大小形态正常，无目窼下陷，白睛无黄染，耳轮正常，无耳瘘及生疮；颈部对称，无青筋暴露，无瘿瘤瘰疬，胸部对称，虚里搏动正常，腹部平坦，无癥瘕痞块，爪甲色泽红润，双下肢无浮肿，舌质暗，苔白，脉弦。,1,0,0,0,0,1,0,0,0,0,2,血瘀|气虚
418150,train,寒凝血瘀证,auto,腰痛伴双侧臀部疼痛1年加重伴活动受限1月,"患者1年前受凉后出现双侧臀部疼痛，疼痛较甚，翻身及坐起困难，难以行走，在外院间断治疗后症状稍减轻，现疼痛进行性加重，1月前在无明显诱因的情况下出现腰痛伴双侧臀部疼痛,现腰部转侧不利，翻身困难。患者及家人为求进一步治疗，遂来我院就诊。门诊建议住院治疗，予收住我科。病程中无发热、饮食及二便如常，腰痛及双臀疼痛症状依然。",神志清晰，精神尚可，形体适中，语言清晰，口唇红润；皮肤正常，无斑疹。头颅大小形态正常，无目窼下陷，白睛无黄染，耳轮正常，无耳瘘及生疮；颈部对称，无青筋暴露，无瘿瘤瘰疬，胸部对称，虚里搏动正常，腹部平坦，无癥瘕痞块，爪甲色泽红润，双下肢无浮肿，舌淡红，苔白，脉弦。,0,0,0,0,0,1,0,0,0,0,1,血瘀
436456,test,脾肾两虚证,manual_disambiguated,浮肿间作4年余,"患者2015年1月无明显诱因出现颜面部及下肢浮肿，至附近医院就诊查尿蛋白2+，ALB20.63g/L，Cr68umol/L，后至广州南方医院就诊，复查尿蛋白3+，肾脏彩超大小正常，诊断为肾病综合征，建议其行肾活检，患者拒绝行肾脏穿刺术，2015-1-21至我院就诊，予以激素70mgqd治疗，患者出院后未规律服用激素，2015年6月因双下肢浮肿较前明显加重，查大量蛋白尿伴低蛋白血症、高血脂症，再次住院行肾穿刺检查，北京协和医院肾脏病理结果回示：膜性肾病II期，不典型膜性肾病待除外，予以激素+环磷酰胺及厄贝沙坦氢氯噻嗪等治疗，患者出院后门诊查尿蛋白波动在+-~2+，近1年未复查，环磷酰胺共服用约1年（2粒 qod），强的松由13粒，每周减1粒，减至4粒，2016年11月自行停用全部药物；患者2017年1月因眼睑及双下肢再次浮肿住院治疗，予强的松30mg qd、他克莫司2mg/1mg（每早2粒 每晚1粒）、华法林3.75mg qd（1粒半 1/日）等治疗，2017年2月6日复查ALB27.8g/L，之后未再复诊，自2017.4自行停用所有药物，2017.7再次因因眼睑及双下肢再次浮肿住院治疗，24h尿蛋白定量9.45g，ALB17.4g/L，予强的松30mg qd、他克莫司2mg/1mg（每早2粒 每晚1粒）治疗，2017年8月5日复查白蛋白23.6g/L，2017年10月停药，其后未再复诊；患者2018年1月27因浮肿加重伴发热入住我科，考虑为急性上呼吸道感染，予莫西沙星、头孢克洛治疗；查尿蛋白/尿肌酐 4.03/4331.5g/umol。尿素氮5.85mmol/L,肌酐 148.80umol/L↑，利尿治疗后复查血肌酐 84.10umol/L,治疗予甲强龙30mg/d+他克莫司1mg q12h治疗，好转后出院。2018年3月初查他克莫司浓度<2ng/ml，患者他克莫司浓度偏低，予加量至早2粒晚1粒治疗。2018.3.11-3.29因突发左侧睾丸疼痛半小时后出现阴囊高度肿胀至我院住院治疗，于市立医院就诊查彩超提示双腹股沟区疝可能，血浆白蛋白 16.1g/L，肌酐70umol/L，考虑低蛋白血症所致，予抗凝利尿消肿等治疗后阴囊肿胀缓解，2018-3-25查ALB21.8g/L，GLB14g/L，BUN9mmol/L ,Cr83.8umol/L，UA305umol/L，2018.03.27 24小时尿蛋白 12.50g/24h,患者出院时口服强的松（3-30起）4粒1/日，他克莫司早2粒 晚1粒，钙尔奇D1粒1/晚 阿法骨化醇1粒1/日，速尿2粒2/日，螺内酯1粒2/日，双克 1粒 2/日，硝苯地平控释片1粒1/日，华法林 1.5粒 1/日，补达秀2粒 3/日，嘱其1周后复查，但出院后又不规律复诊，2018.7.26又于我院门诊检查结果示Cr137.8umol/L,ALB 20.5g/L ,K3.0mmol/L,尿蛋白/尿肌酐7.35/9410.8,血压147/99mmHg，2018.7.30因血肌酐升高他克莫司减量为1粒1/日，并加用复方环磷酰胺2粒qod口服，病情至今无缓解，2018.9.12复查ALB20.7g/L，Cr135.4umol/L，尿蛋白/尿肌酐8.04/8020.9，于门诊赵德光主任处就诊，停用他克莫司及复方环磷酰胺，并停用速尿、双克及螺内酯，强的松2粒1/日改为甲泼尼龙3粒1/日，加用赛可平0.5bid口服，效果欠佳，10.8入院改为口服他克莫司1粒1/日、复方环磷酰胺隔日2粒、强的松2粒1/日，2018.10.16查肌酐 138.34umol/L,2018.10.21查肌酐 176.60umol/L，于2018.10.31下午行肾脏穿刺检查，北京协和医院病理报告示1、膜性肾病（III期）2、肾小管间质肾损害。11.09暂停使用他克莫司，停用泼尼松及复方环磷酰胺口服，改为环磷酰胺0.2g qod静滴、甲强龙40mgqd静滴，11.12查肌酐 209.80umol/L，11.14肌酐 221.55umol/L，患者肾穿组织浮肿，利尿后血肌酐有所下降，考虑肾间质水肿可能性较大，11.17-11.18连续2天加大呋塞米剂量为160mg，口服百令胶囊2粒 tid保肾，11.19复查肌酐 152.46umol/L，11.20于北京协和医院肾内科门诊就诊，11.21北京协和医院查24小时尿蛋白 13.93g/24h，白蛋白 21g/L,肌酐 169umol/L,泌尿系彩超示双肾轻度弥漫性病变、前列腺稍大，北京协和医院陈丽萌主任意见：泼尼松片12片 qd、碳酸钙1片 tid、骨化三醇胶丸1粒 qd、卡维地洛1片 bid、辛伐他汀1片 qn、环磷酰胺2片 qd、拜新同30mg q12h。口服以上药物至今，1月前患者全身浮肿加重，12.19北京协和医院查24小时尿蛋白 16.74g/24h，白蛋白 21g/L,肌酐 108umol/L，血白细胞21.27*10^9/L，血红蛋白104g/L，PLA2R阴性，北京协和医院陈丽萌主任建议回当地医院临时1次输注人血白蛋白20g，12.24入我科予人血白蛋白20g静滴，输蛋白后予速尿80mg静滴利尿消肿,12.23患者受凉后出现咳嗽咳痰，咽痛，大量脓黄痰，流脓涕,口服头孢克洛效果欠佳，改为静滴头孢尼西钠2支，正柴胡颗粒清热解毒,之后出现发热,体温38.8℃，加用莫西沙星0.4g控制感染，对乙酰氨基酚退热，患者顽固性低钾血症，最低钾 2.60mmol/L,口服补达秀3片 tid，同时予氯化钾液3g持续微泵注射补钾，血钾仍不理想,12.27行血液透析治疗，透析3小时，脱水量2000ml，透析液中加入氯化钾15支以纠正低钾血症，12.29再次血液透析治疗，透析4小时，脱水量2000ml，透析液中加入氯化钾20支以纠正低钾血症，患者高凝状态，加用低分子肝素钙5000单位iHqd抗凝，复查血钾 4.40mmol/L,建议患者继续血液透析治疗，缓慢减轻水负荷同时补钾，患者因经济困难拒绝继续血液透析治疗，并要求出院，自行于2019.1.15至北京协和医院肾内科就诊，查24小时尿蛋白 14.71g/24h，血钾 4.3mmol/L，白蛋白 23g/L,肌酐 123umol/L，血白细胞14.12*10^9/L，血红蛋白103g/L，尿蛋白1.0g/L，尿红细胞（潜血）25，尿红细胞74.1/ul，PLA2R阴性，2019.1.21泼尼松减量至11片qd，2019.2.13北京协和医院肾内科查24小时尿蛋白18.78g/24h，血钾3.9mmol/L，白蛋白23g/L,肌酐116umol/L，血白细胞12.45*10^9/L，血红蛋白99g/L，尿蛋白1.0g/L，尿红细胞（潜血）25，尿红细胞2/ul，2019.2.18陈丽萌主任建议泼尼松减量至10片qd,复方环磷酰胺2粒qd剂量不变，2019.2.25因重度浮肿于我科血液透析治疗，血液透析2次后自动出院，2019.3.12至北京协和医院就诊，复查显示仍大量蛋白尿、低蛋白血症、血肌酐升高及贫血，嘱其2019.3.23停用环磷酰胺，改为雷公藤多苷2粒2/日口服，2019.4.9强的松减量为8粒1/日口服，患者病情一直不能缓解，2019.04.16停用雷公藤多苷，泼尼松片减量为20mg qd，04.18行利妥昔单抗100mg治疗，复查血浆白蛋白较前升高，ALB27g/L，5.21查白蛋白 27.6g/L，B淋巴细胞CD19+绝对值数目较低，但病情仍需要继续应用美罗华治疗，已告知患者及家属感染风险高，患者及家属表示知情并同意继续使用美罗华，5.23行利妥昔单抗100mg治疗，地塞米松5mgiv预防输液反应，5.26强的松减量为15mg qd，但仍大量蛋白尿、血肌酐升高，此次拟再次行利妥昔单抗治疗入院。现患者颜面部及双下肢轻度浮肿，无咳嗽咳痰，无胸闷憋喘，无头晕头痛，无发热，饮食睡眠欠佳，大便未见明显异常。",神志清晰，精神尚可，形体适中，语言清晰，口唇红润；皮肤正常，无斑疹。头颅大小形态正常，无目窼下陷，白睛无黄染，耳轮正常，无耳瘘及生疮；颈部对称，无青筋暴露，无瘿瘤瘰疬，胸部对称，虚里搏动正常，腹部膨隆，无癥瘕痞块，爪甲色泽红润，双下肢有浮肿，舌淡红，苔白，脉沉细。,0,1,0,1,0,0,1,0,0,0,3,阳虚|血虚|痰湿
422655,test,风痰上扰证,auto,头晕半月余，加重3天。,患者半月前出现头晕，未予重视，近3天症状加重，头晕不欲睁眼，伴恶心欲吐，脑中鸣响，改变体位时明显，症状持续未见明显缓解，为求进一步中西结合诊疗遂来诊，由门诊收治入院，入院时患者神清，精神差，头晕不欲睁眼、语言，行走不稳，伴恶心欲吐，脑中鸣响，改变体位时明显，时有右侧耳鸣，听力尚可，无视物旋转，无肢体不遂及抽搐，食纳、夜寐尚可，二便尚可，舌暗，苔白，脉弦滑。,神志清晰，精神尚可，形体适中，语言清晰，口唇暗红；皮肤正常，无斑疹。头颅大小形态正常，无目窼下陷，白睛无黄染，耳轮正常，无耳瘘及生疮；颈部对称，无青筋暴露，无瘿瘤瘰疬，胸部对称，虚里搏动正常，腹部平坦，无癥瘕痞块，爪甲色泽暗红，双下肢无浮肿，舌暗，苔白，脉弦滑。,0,0,0,0,0,0,1,0,1,0,2,内风|痰湿
441692,train,痰瘀互结证,auto,咳嗽4月余,"患者4月余前无明显诱因出咳嗽，咳少量白痰，无胸闷气喘，无畏寒发热，无胸痛咯血，后未予重视，症状加重，于当地医院查胸部CT示“右上肺占位”，我院就诊，胸部CT示：右肺上叶新生物。排除相关禁忌，于2019-05-30在全麻下行支气管镜活检检查，病理诊断：（右肺上叶尖段）肺癌，考虑为腺癌。（右肺上叶尖段）支气管刷片：见到癌细胞。（右肺上叶）支气管镜灌洗液：见到红细胞、中性粒细胞、淋巴细胞，纤毛柱状上皮及组织细胞。免疫组化结果示：G-;CK7+;TTF-1+;NapsinA+;P40+/-;SY-;CK5/6+/-;CgA-;P63灶+;Ki67 20%+。结合HE，符合（右肺上叶尖段）腺癌，向鳞状分化。排除相关化疗禁忌，于2019-06-14、2019-7-11行化疗，予行“培美曲塞 700mg d1+ 顺铂 90mg d1”方案化疗，化疗过程中轻度上消化道反应。今为行第三疗程化疗，至我院就诊，拟“右肺腺癌”收治入院。病程中,患者神志清，精神可，无胸痛，无咯血，饮食、睡眠一般，二便正常。",神志清晰，精神尚可，形体适中，语言清晰，口唇红润；皮肤正常，无斑疹。头颅大小形态正常，无目窼下陷，白睛无黄染，耳轮正常，无耳瘘及生疮；颈部对称，无青筋暴露，无瘿瘤瘰疬，胸部对称，虚里搏动正常，腹部平坦，无癥瘕痞块，爪甲色泽红润，双下肢无浮肿，舌淡红，苔白，脉细滑。,0,0,0,0,0,1,1,0,0,0,2,痰湿|血瘀
426870,train,气滞血瘀证,auto,颈项部疼痛1月余,患者1月前无明显原因出现颈项部疼痛，在家休息后病情可缓解，未予系统治疗，后患者颈项部疼痛持续加重，休息后不见缓解，为求进一步治疗，来我院门诊就诊，门诊为进一步治疗收入住院，入院时患者神志清，精神可，无发热，无心慌胸闷，饮食尚可，二便未解，颈项部疼痛症状如前。,神志清晰，精神尚可，形体适中，语言清晰，口唇红润；皮肤正常，无斑疹。头颅大小形态正常，无目窼下陷，白睛无黄染，耳轮正常，无耳瘘及生疮；颈部对称，无青筋暴露，无瘿瘤瘰疬，胸部对称，虚里搏动正常，腹部平坦，无癥瘕痞块，爪甲色泽红润，双下肢无浮肿，舌淡红，苔白，脉弦。,0,0,0,0,1,1,0,0,0,0,2,气滞|血瘀
490394,train,湿热下注证,auto,肛内肿物外脱伴肿痛1周。,"患者于入院前1周，出现因食辛辣醇厚且劳累后出现肛缘肿痛伴肛内肿物脱出,未予治疗，症情反复发作渐加重，遂来本院求治。刻下：肛内肿物脱出伴肿缘疼痛，坐卧不宁，行走不利。大便2日/行，质软，排出不畅，无便血，无排便不尽及肛门坠胀感，无粘液便，小溲畅，无发热恶寒。纳食可，夜寐尚可，舌红，苔黄，脉滑数。",神志清晰，精神尚可，形体形体适中，语言清晰，口唇红润；皮肤正常，无斑疹。头颅大小形态正常，无目窼下陷，白睛无黄染，耳轮正常，无耳瘘及生疮；颈部对称，无青筋暴露，无瘿瘤瘰疬，胸部对称，虚里搏动正常，腹部平坦，无癥瘕痞块，爪甲色泽红润，双下肢无浮肿，舌红，苔黄，脉滑数。,0,0,0,0,0,0,0,1,0,0,1,湿热
481113,train,正虚瘀结证,auto,发现肝占位3月余,"患者8年前因消化道出血诊断为酒精性肝硬化，予脾切除治疗,术后反复消化道出血住院治疗。3月再次前因呕血、黑便至徐州市六院就诊，予抑酸护胃止血治疗后好转出院，住院期间查CT提示：肝脏占位性病变，考虑肝癌及肝硬化、门静脉粗大，脾脏缺如等征象，上腹部增强CT示：肝脏左叶占位性病变，考虑肝癌，门静脉干栓塞，及另见肝脏左叶不规则片状影。2020-10-17血常规示：HB69g/L，血糖7.23mmol/L。今至我院就诊，门诊查新型冠状病毒核酸检测阴性，为进一步治疗收入院。目前患者食纳欠佳，无腹痛，无呕血，混合痔肛门滴血，出血量较多，无咳喘发热，大便色黄，小便正常，发病以来体重无明显减轻。",神志清晰，精神尚可，形体适中，语言清晰，口唇红润；皮肤正常，无斑疹。头颅大小形态正常，无目窼下陷，白睛无黄染，耳轮正常，无耳瘘及生疮；颈部对称，无青筋暴露，无瘿瘤瘰疬，胸部对称，虚里搏动正常，腹部平坦，无癥瘕痞块，爪甲色泽红润，双下肢无浮肿，舌淡红，苔白，脉弦。,1,0,0,0,0,1,0,0,0,0,2,血瘀|气虚
455446,train,脾肾两虚证,manual_disambiguated,浮肿间作3年余,患者2016.5出现双下肢可凹性浮肿，未重视，水肿逐渐加重并出现眼睑浮肿，血压升高，最高达170/100mmHg，入我院神经内科，住院后检查发现ALB22.6g/L、尿蛋白2+、高脂血症，诊断为肾病综合征，转入我科住院治疗，行肾穿刺检查，肾脏病理结果为膜性肾病I-II期，予强的松30mgqd、雷公藤多苷20mgtid治疗3月疗效不佳，2016.9.1雷公藤多苷加量至30mgtid口服，复查仍有大量蛋白尿，持续低蛋白血症无缓解停雷公藤多苷片，换用环磷酰胺0.6/2周静滴治疗共10个月，此后未至我科规律就诊及复查。2017.8.21-9.4因浮肿加重，尿中多泡沫，尿量减少，于我院住院治疗，查24小时尿蛋白定量5.33g，ALB26.1g/L，Cr53.66umol/L，予强的松2粒1/日口服、低分子肝素钙抗凝、他克莫司1粒2/日口服、利尿消肿、降脂补钙等治疗，9.2查ALB31.7g/L，Cr95.30umol/L，血肌酐升高，他克莫司减量为1粒1/日口服，9.22查ALB34.6g/L，Cr97.6umol/L，尿蛋白/尿肌酐7.85/15243.3，他克莫司减量为1粒qod口服，10.10复查尿蛋白/尿肌酐：12.79/17735.8，ALB34.5g/L，Cr95.9umol/L，UA409umol/L，尿常规：尿蛋白3+，潜血2+，因血肌酐仍偏高住院治疗，停用他克莫司并予强的松30mgqd+环磷酰胺静滴治疗（2017.10.12-11.01环磷酰胺0.2 qod，2017.11.03环磷酰胺0.6，共计2.8g），出院后患者长期自服强的松10mg口服近1年，未再门诊随诊，双下肢水肿间作。2019-10-20患者左下肢红肿热痛伴局部溃破化脓，住院查大量蛋白尿，低蛋白血症，高脂血症，双下肢重度水肿，考虑膜性肾病病情复发，因皮肤感染不能使用激素及免疫抑制剂，治疗予头孢尼西、阿奇霉素抗感染，清创引流、规律换药。今患者为求进一步中西医结合治疗收住我科，入院时患者双下肢水肿，尿中多泡沫，纳可，大便1-2次/天，睡眠可。,神志清晰，精神尚可，形体适中，语言清晰，口唇红润；皮肤正常，无斑疹。头颅大小形态正常，无目窼下陷，无白睛，耳轮正常，无耳瘘及生疮；颈部对称，无青筋暴露，无瘿瘤瘰疬，胸部对称，虚里搏动正常，腹部平坦，无癥瘕痞块，爪甲色泽红润，双下肢有浮肿，舌淡红，苔白，脉沉细。,0,0,0,1,0,0,0,0,0,0,1,阳虚
437499,test,肝胃不和证,auto,上腹部胀满伴呕吐间作五天,患者五天前无明显诱因出现上腹部胀满不适，以剑下为主，伴反酸，伴口干口苦，伴呕吐间作，呕吐物为胃内容物及胃液，无肉眼鲜血，口服奥美拉唑对症治疗，效果一般，今为求中西医结合进一步诊治再来我院，门诊遂拟慢性胃炎收住入院。病程中患者上腹部胀满，嗳气，口干口苦间作，食欲尚可，无发热、黄疸，无吞咽困难，无呕血、黑便，无腹泻，食纳、睡眠尚可，小便正常，大便干，近期无明显消瘦。,神志清晰，精神尚可，形体适中，语言清晰，口唇红润；皮肤正常，无斑疹。头颅大小形态正常，无目窼下陷，无白睛，耳轮正常，无耳瘘级生疮；颈部对称，无青筋暴露，无瘿瘤瘰疬，胸部对称，虚里搏动正常，腹部平坦，无癥瘕痞块，爪甲色泽红润，双下肢对称，舌质红，苔薄黄，脉弦。,0,0,0,0,1,0,0,0,0,0,1,气滞
434351,train,湿热下注证,auto,肛内肿物外脱伴肿痛4天,"患者于入院前4天，出现因食辛辣醇厚且劳累后出现肛缘肿痛伴肛内肿物脱出,未予治疗，症情反复发作渐加重，遂来本院求治。刻下：肛内肿物脱出伴肿缘疼痛，坐卧不宁，行走不利。大便，日行1次，质软，排出畅，无便血，伴排便不尽及肛门坠胀感，无粘液便，小溲畅，无发热恶寒。纳食可，夜寐尚可，舌红，苔黄，脉滑数。",神志清晰，精神尚可，形体形体适中，语言清晰，口唇红润；皮肤正常，无斑疹。头颅大小形态正常，无目窼下陷，白睛无黄染，耳轮正常，无耳瘘及生疮；颈部对称，无青筋暴露，无瘿瘤瘰疬，胸部对称，虚里搏动正常，腹部平坦，无癥瘕痞块，爪甲色泽红润，双下肢无浮肿，舌红，苔黄，脉滑数。,0,0,0,0,0,0,0,1,0,0,1,湿热
450920,train,气滞血瘀证,auto,右手中指发现肿物1年余，加重1月。,患者1年前无明显诱因右手中指远段出现一绿豆大小肿物，呈肤色，无瘙痒、疼痛，未予重视，近1月来肿物迅速增大，目前已增大至黄豆大小，触痛明显，遂至我科门诊就诊，考虑“黏液囊肿”，建议手术切除治疗，遂今日来我科住院要求手术切除。近期患者精神及纳食可，睡眠一般，大小便正常。,神志清晰，精神尚可，形体适中，语言清晰，口唇红润；皮肤正常，无斑疹。头颅大小形态正常，无目窼下陷，白睛无黄染，耳轮正常，无耳瘘及生疮；颈部对称，无青筋暴露，无瘿瘤瘰疬，胸部对称，虚里搏动正常，腹部平坦，无癥瘕痞块，爪甲色泽红润，双下肢无浮肿，舌质暗红，苔薄白，脉涩.,0,0,0,0,1,1,0,0,0,0,2,气滞|血瘀
436532,train,痰瘀痹阻证,auto,左下肢酸痛无力半月余。,患者半月余前无明显诱因出现左下肢酸痛无力，不能长时间行走，症状时轻时重，今为进一步中西医结合治疗至我院就诊，经门诊收住入院，入院症状：患者神志清晰，精神可，腰部酸痛不适，左下肢酸痛无力，不能长时间行走，食纳可，夜寐欠安，二便调。舌质暗红，苔薄黄，脉滑。,神志清晰，精神尚可，形体适中，语言清晰，口唇红润；皮肤正常，无斑疹。头颅大小形态正常，无目窼下陷，白睛无黄染，耳轮正常，无耳瘘及生疮；颈部对称，无青筋暴露，无瘿瘤瘰疬，胸部对称，虚里搏动正常，腹部平坦，无癥瘕痞块，爪甲色泽红润，双下肢无浮肿，舌质暗红，苔薄黄，脉滑。,0,0,0,0,0,1,1,0,0,0,2,痰湿|血瘀
478194,train,正虚瘀结证,auto,发现肺腺癌近4月，纳差、乏力1周。,"患者2018-6起出现憋喘,未予关注,2020-06因憋喘加重在二院住院,查PET/CT:1.右肺上叶纵膈处葡萄糖代谢异常增高灶,符合恶性病变征象;2.右肺中叶团片影,葡萄糖代谢轻度增高;3.两肺多发结节、斑片、条索影，部分葡萄糖代谢稍高；4、右肺门、右颈部多发葡萄糖代谢增高灶，考虑淋巴结转移可能；5.右侧腹壁片状葡萄糖代谢增高，转移病变？6.肝左叶囊肿征象。2020-06-10胸胸腔闭式引流，胸水脱落细胞查见癌细胞（腺）。患者家属考虑患者年龄较大，拒绝肺穿刺或支气管镜活检，查外周血8基因检测阴性，拒绝手术、放疗、化疗，要求内科保守治疗。2月前患者因胸闷、憋喘来我院就诊，查胸部CT：右肺上叶软组织块影，较前片（2020-6-5）略大，右肺叶局部肺不张，右侧胸腔积液，较前片略明显；左肺叶斑片稍高密度，新见；少量心包积液，冠状动脉致密影，大致同前；部分胸椎楔形变，大致同前。彩超胸水探查：右侧胸腔积液。考虑病情进展，予安罗替尼口服，副反应大，患者无法耐受遂停药，患者家属要求保守治疗，予胸腔穿刺置管引流及沙培林胸腔灌注治疗后胸水减少，好转出院。1周前患者纳差、乏力，现为求进一步中西医结合治疗至我院就诊，门诊排除新冠肺炎可能收住入院。入院时，患者纳差、乏力明显，偶胸闷、憋喘，无畏寒、发热，无咳痰，无心悸，右侧胸部轻度疼痛可耐受，无腹泻，纳寐可，二便调。",神志清晰，精神尚可，形体偏瘦，语言清晰，口唇苍白；皮肤苍白，无斑疹。头颅大小形态正常，无目窼下陷，白睛无黄染，耳轮正常，无耳瘘及生疮；颈部对称，无青筋暴露，无瘿瘤瘰疬，胸部对称，虚里搏动正常，腹部平坦，无癥瘕痞块，爪甲色泽红润，双下肢无浮肿，舌淡红，苔白，脉细弱。,1,0,0,0,0,1,0,0,0,0,2,血瘀|气虚
466648,train,肝胃郁热证,auto,上腹不适伴反酸间作一月,患者一月前无明显诱因出现上腹胀痛，疼痛以剑下及右上腹为主，呈持续性隐痛，进食后腹痛稍缓解，伴有肩背部放射痛，有反酸、嗳气、腹胀及上腹部、胸骨后烧灼感，无恶心、呕吐，无发热，食欲欠佳，大便每日一次，无粘液、脓血便，自诉大便形状改变，患者为求进一步诊治，今来我院，由门诊收入我科。病程中患者：有头晕，无心悸胸闷，纳可，睡眠可，小便正常，近期体重无明显变化，进食后感胃脘嘈杂，舌红苔白，脉弦。,神志清晰，精神尚可，形体形体适中，语言清晰，口唇红润；皮肤正常，无斑疹。头颅大小形态正常，无目窼下陷，白睛无黄染，耳轮正常，无耳瘘及生疮；颈部对称，无青筋暴露，无瘿瘤瘰疬，胸部对称，虚里搏动正常，腹部平坦，无癥瘕痞块，爪甲色泽红润，双下肢无浮肿，舌淡红，苔白，脉弦。,0,0,0,0,1,0,0,0,0,1,2,气滞|实热
444682,train,气虚血瘀证,auto,停经33天，阴道褐色出血伴下腹隐痛2天。,患者平素月经规则，27-28天一行，6天净，量色质正常。患者LMP：2019-07-27，量色质正常，未避孕。2天前患者无明显诱因出现阴道少量褐色出血伴下腹隐痛，今日患者阴道出血量多色红，腹痛加重，至徐州市百汇医院就诊查妇科彩超:右侧附件区囊性结构（宫外孕包块首先考虑），右侧卵巢囊肿，盆腔积液（（考虑血性积液），（子宫形态、大小正常，肌层回声均匀，内膜线清晰，厚约6mm，宫腔内未见明显异常回声，右侧卵巢探及一枚囊性团，大小约21*20mm，周边见环绕血流信号，右侧附件区探及一枚厚壁囊性结构，大小约12*10mm，囊壁回声增强，左侧卵巢未见明显异常，子宫直肠窝探及范围约51*34mm液性暗区，透声欠佳，见细密点状弱回声光点浮动），现为求进一步系统治疗，由门诊拟“异位妊娠”收住入院。入院时：患者一般情况可，神清，精神可，下腹部持续性疼痛隐隐，阴道少量暗红色出血，无肛门坠胀感，无恶心呕吐，无心慌汗出，纳寐可，二便调。,神志清晰，精神尚可，形体适中，语言清晰，口唇红润；皮肤正常，无斑疹。头颅大小形态正常，无目窼下陷，白睛无黄染，耳轮正常，无耳瘘及生疮；颈部对称，无青筋暴露，无瘿瘤瘰疬，胸部对称，虚里搏动正常，腹部平坦，无癥瘕痞块，爪甲色泽红润，双下肢无浮肿，舌紫黯，苔薄白。,1,0,0,0,0,1,0,0,0,0,2,血瘀|气虚
442669,train,气虚血瘀证,auto,发现血糖升高25年，肢麻2月,患者25年前体检发现血糖升高，外院明确诊断“2型糖尿病”，目前降糖方案：“门冬30 早22u 晚20u 餐前5分钟皮下注射，拜糖平 50mg 3/日，二甲双胍缓释片 0.5 2/日”；空腹血糖波动于7-12mmol/L，餐后2小时血糖波动于11-15mmol/L。患者2月来感肢麻明显，视物欠清，小便有泡沫，偶有头晕，乏力倦怠，为求进一步诊治入住我科。病程中患者肢麻不适，时有头晕，无头痛，偶有胸闷，无憋喘，无心悸心慌，双目视物欠清，乏力倦怠，胃纳尚可，小便偶有泡沫，大便可，夜寐欠佳，双下肢无水肿。近期无明显消瘦及肥胖。,神志清晰，精神尚可，形体适中，语言清晰，口唇淡暗；皮肤正常，无斑疹。头颅大小形态正常，无目窼下陷，白睛无黄染，耳轮正常，无耳瘘及生疮；颈部对称，无青筋暴露，无瘿瘤瘰疬，胸部对称，虚里搏动正常，腹部平坦，无癥瘕痞块，爪甲色泽淡红，双下肢无浮肿，,1,0,0,0,0,1,0,0,0,0,2,血瘀|气虚
485102,test,气虚血瘀证,auto,停经60天，要求终止妊娠。,"患者平素月经规律，5-6/28-30天，量中，色红，少许血块，偶痛经，可以忍受，G2P1，LMP:2020-10-16，5天净，量色质如平素，患者月经后期未潮，伴下腹隐痛，昨日自测尿HCG（+），至当地医院查妇科彩超示：宫内早孕（具体报告未提供），患者因个人原因要求终止妊娠，现为求进一步系统治疗，遂由门诊拟“早期人工流产”入住我院。入院时：患者一般情况可，时有恶心呕吐，偶有下腹隐痛，无阴道异常出血，无寒热，纳寐可,二便调，舌淡红，苔白，脉沉细。",神志清晰，精神尚可，形体适中，语言清晰，口唇红润；皮肤正常，无斑疹。头颅大小形态正常，无目窼下陷，白睛无黄染，耳轮正常，无耳瘘及生疮；颈部对称，无青筋暴露，无瘿瘤瘰疬，胸部对称，虚里搏动正常，腹部平坦，无癥瘕痞块，爪甲色泽红润，双下肢无浮肿，舌淡红，苔白，脉沉细。,1,0,0,0,0,1,0,0,0,0,2,血瘀|气虚
467490,train,气阴两虚证,auto,纳差、消瘦2月余,患者2月前无明显诱因出现纳差，伴腹部饱胀感，进食吞咽困难，咽部有梗阻感，无明显腹痛，反酸偶作，无嗳气及胸骨后烧灼感，无恶心呕吐，无发热，无头晕、心慌胸闷，夜寐尚安，小便调，大便日行一次，无粘液脓血，予口服“莫沙必利、奥美拉唑、健胃消食片”等药物后症状未见明显异常。后患者至我院住院，查全腹CT检查结论：肝脏占位伴出血。右侧胸腔积液。建议：上腹部CT增强，肿瘤标记物检查。全腹增强CT检查结论：肝内占位，考虑 巨块型HCC伴部分囊变（液化坏死）；肝左外叶及双肾多发小囊肿；胆囊未示，肝内外胆管及主胰管显影，胰管内少许积气；右侧胸腔少量积液；强脊炎，左侧股骨头无菌性坏死伴半脱位，请结合病史。建议：随诊复查。患者肝内占位，考虑 巨块型HCC伴部分囊变（液化坏死），予请肿瘤多学科会诊讨论后建议可行介入栓塞治疗。排除禁忌后于2020.04.24在DSA室行“经皮穿刺腹腔动脉造影+灌注+栓塞术”，术后予抗感染、抑酸护胃、保肝降酶、止吐、增强机体免疫力、补钾、补钠、对症支持等治疗后好转出院。出院后患者纳差时作，自觉进食困难，时有低热，体温最高37.3℃。现患者为求进一步诊治，今来我院，由门诊收入我科，入院时患者：纳差，食欲一般，伴腹部饱胀感，进食吞咽困难，咽部有梗阻感，无明显腹痛，反酸偶作，无嗳气及胸骨后烧灼感，无恶心呕吐，无发热，无头晕、心慌胸闷，夜寐尚安，小便调，大便日行一次，无粘液脓血，近2月体重下降7kg，舌红苔薄，脉沉细。,神志清晰，精神尚可，形体形体适中，语言清晰，口唇红润；皮肤正常，无斑疹。头颅大小形态正常，无目窼下陷，白睛无黄染，耳轮正常，无耳瘘及生疮；颈部对称，无青筋暴露，无瘿瘤瘰疬，胸部对称，虚里搏动正常，腹部平坦，无癥瘕痞块，爪甲色泽红润，双下肢无浮肿，舌淡红，苔白，脉弦。,1,0,1,0,0,0,0,0,0,0,2,阴虚|气虚
469286,train,湿热瘀阻证,auto,下腹疼痛间作10小时。,患者月经周期尚规则，30-32日，6天净，量中等，色红，有血块，无痛经，否认性生活，G0P0。患者既往体健，未常规体检。PMP：2020-05-03、LMP：2020-06-05，6天净，量色质如常。自诉凌晨3点开始隐约腹痛，凌晨5点开始腹痛加剧，疼痛难忍，体位改变无明显缓解，今晨9点至我院门诊就诊，查妇科彩超提示子宫前位，大小49*30*40mm，形态正常，表面光滑，肌层回声均匀，内膜回声均匀、厚12.5mm，左侧卵巢大小34*17mm 右侧卵巢大小37*27mm 双侧形态正常，内见多枚卵泡，右侧附件区见49*18mm腊肠形稍高回声，子宫后方探及一枚囊性包块，大小88*71mm，包膜光整，子宫直肠窝见35*15mm液性暗区，诊断：盆腔较大囊性包块、右附件区稍高回声、增粗输卵管？、盆腔少量积液声像、子宫卵巢未见明显异常，考虑盆腔包块，由门诊排除新冠肺炎后收入院，刻下：入院办理过程中腹痛渐渐缓解，现患者神清，精神可，下腹隐痛及腰酸隐隐，无寒热往来，无头晕头痛，无肛门下坠感，纳可，寐安，白带量少，色白，无异味、瘙痒，二便调畅，舌红，苔黄腻，脉弦数。,神志清晰，精神尚可，形体适中，语言清晰，口唇红润；皮肤正常，无斑疹。头颅大小形态正常，无目窼下陷，白睛无黄染，耳轮正常，无耳瘘及生疮；颈部对称，无青筋暴露，无瘿瘤瘰疬，胸部对称，虚里搏动正常，腹部平坦，无癥瘕痞块，爪甲色泽红润，双下肢无浮肿，舌红，苔黄腻，脉弦数。,0,0,0,0,0,0,0,1,0,0,1,湿热
436850,train,气虚血瘀证,auto,胸闷间作10年余，加重伴胸痛1周。,10年前患者活动后出现胸闷不适，休息后症状好转，无心慌汗出，无头晕头痛，无憋喘气促，夜间可平卧，患者长期口服抗血小板聚集药物。1周前患者自觉胸闷较前加重，伴胸痛，心慌，易汗出，活动后加重，休息后症状好转。今日患者至我院就诊，为进一步诊治，遂收住入院。入院时：患者倦怠乏力，胸闷痛间作，活动后加重，休息后症状好转，心慌，易汗出，头晕间作，无恶心呕吐，无头痛，无黑曚晕厥，无视物旋转，无咳嗽咳痰，无腹胀腹泻，纳食一般，二便调，夜寐差。,神志清晰，精神尚可，形体适中，语言清晰，口唇红润；皮肤正常，无斑疹。头颅大小形态正常，无目窼下陷，白睛无黄染，耳轮正常，无耳瘘及生疮；颈部对称，无青筋暴露，无瘿瘤瘰疬，胸部对称，虚里搏动正常，腹部平坦，无癥瘕痞块，爪甲色泽红润，双下肢无浮肿，舌质淡紫，可见舌体胖且边有齿痕，苔薄白，脉虚细涩。,1,0,0,0,0,1,0,0,0,0,2,血瘀|气虚
433034,train,气虚血瘀证,auto,反复胸闷喘憋气促1月余，再发加重1天,患者1月前劳累后出现胸闷喘憋气促，自诉心慌自汗，咳嗽咯痰阵作，无胸痛放射痛，无腹胀腹泻腹痛，患者遂至徐州矿务集团总医院就诊，诊断为“1.冠状动脉肌桥2.高血压2级（极高危）3.心脏瓣膜病（主动脉瓣关闭不全）4.肺气肿”。予药物治疗后患者好转出院。1天前患者无明显诱因下上述症状又作，性质同前，程度较前加重。患者遂至我院门诊就诊，为求系统诊治，今收入住院。入院时：患者胸闷喘憋气促，不能平卧，心慌自汗，咳嗽咯痰阵作，无胸痛放射痛，无腹胀腹泻腹痛，纳食尚可，夜寐正常，二便无殊。,神志清晰，精神尚可，形体适中，语言清晰，口唇发绀；皮肤正常，无斑疹。头颅大小形态正常，无目窼下陷，白睛无黄染，耳轮正常，无耳瘘及生疮；颈部对称，无青筋暴露，无瘿瘤瘰疬，胸部对称，虚里搏动异常，腹部平坦，无癥瘕痞块，爪甲色泽红润，双下肢有浮肿。舌淡紫，苔薄白，脉涩。,1,0,0,0,0,1,0,0,0,0,2,血瘀|气虚
439353,train,气滞血瘀证,auto,腰部疼痛伴活动受限半月余,患者诉半月前无明显诱因下出现腰疼痛，伴有活动受限，劳累受凉后症状加重，稍作休息症状有所缓解，近一周腰部酸痛伴左下肢放射性疼痛，疼痛沿腰部、臀部、大腿后外侧放射至双小腿后侧，痛时患者平卧休息可有所缓解。随着病情进展，现患者为求中医综合性治疗，遂至我院就诊，门诊拟“腰椎间盘突出症”收入我区，入院时见：患者一般情况尚可，腰部疼痛伴左下肢放射痛明显，活动受限，不能久站久坐，无恶寒发热，无恶心呕吐，无腹胀腹痛，纳食可，二便调，夜寐欠安。,神志清晰，精神尚可，形体适中，语言清晰，口唇红润；皮肤正常，无斑疹。头颅大小形态正常，无目窼下陷，白睛无黄染，耳轮正常，无耳瘘及生疮；颈部对称，无青筋暴露，无瘿瘤瘰疬，胸部对称，虚里搏动正常，腹部平坦，无癥瘕痞块，爪甲色泽红润，双下肢无浮肿，舌青紫，苔白，脉弦细。,0,0,0,0,1,1,0,0,0,0,2,气滞|血瘀
486400,train,风痰阻络证,auto,左侧肢体无力1月余,患者诉2020年11月14号无明显诱因下突发言语不清伴左侧肢体无力，至萧县中煤矿建总医院查头颅CT检查示脑出血，予保守治疗后，病情较前有所改善，但仍有左侧肢体无力，今为求进一步中西医诊治由门诊排除新冠肺炎收治入院，至我院就诊，入院证见：神志清，精神一般，言语尚可，左侧肢体无力，无头晕及头痛，无咳嗽咳痰，无发热，饮食睡眠一般，二便调，舌淡，苔白腻，脉弦滑。,神志清晰，精神尚可，形体适中，语言尚可，口唇发绀；皮肤正常，无斑疹。头颅大小形态正常，无目窼下陷，白睛无黄染，耳轮正常，无耳瘘及生疮；颈部对称，无青筋暴露，无瘿瘤瘰疬，胸部对称，虚里搏动正常，腹部平坦，无癥瘕痞块，爪甲色泽红润，双下肢无浮肿，舌淡，苔白腻，脉弦滑。,0,0,0,0,0,0,1,0,1,0,2,内风|痰湿
456460,train,风痰上扰证,auto,头晕2天。,患者2天前无明显诱因出现头晕，无视物旋转，无恶心、呕吐，未予重视，今晨起后上述症状较前加重，为明确诊治，至我院，门诊以“眩晕”收入我科。入院时症状：神志清，精神欠佳，头晕，无视物旋转，无恶心、呕吐，行走尚可，二便可，饮食可，夜寐欠佳。舌质暗，苔白腻，脉弦。,神志清晰，精神欠佳，形体适中，语言清晰，口唇红润；皮肤正常，无斑疹。头颅大小形态正常，无目窼下陷，白睛无黄染，耳轮正常，无耳瘘及生疮；颈部对称，无青筋暴露，无瘿瘤瘰疬，胸部对称，虚里搏动正常，腹部平坦，无癥瘕痞块，爪甲色泽红润，双下肢无浮肿，舌暗，苔白腻，脉弦。,0,0,0,0,0,0,1,0,1,0,2,内风|痰湿
429650,train,气滞血瘀,auto,门挤伤致右手掌肿痛活动受限1天,患者昨日不慎挤伤，致右手掌疼痛、活动受限，患者未重视，经休息后无缓解。来医院行X线片示：右第5掌骨颈骨折。为进一步治疗收住院。现患者右手掌肿痛、活动受限依然。受伤以来，无意识障碍，无头晕头痛，无胸闷胸痛，无腹胀腹痛。,神志清晰，精神尚可，形体适中，语言清晰，口唇红润；皮肤正常，无斑疹。头颅大小形态正常，无目窼下陷，白睛无黄染，耳轮正常，无耳瘘及生疮；颈部对称，无青筋暴露，无瘿瘤瘰疬，胸部对称，虚里搏动正常，腹部平坦，无癥瘕痞块，爪甲色泽红润，双下肢无浮肿，舌淡红，苔白，脉弦。,0,0,0,0,1,1,0,0,0,0,2,气滞|血瘀
433733,train,气滞血瘀证,auto,月经延期半月,患者平素月经规则，4/30天，量中等，色鲜红，偶夹血块，中度痛经，无需服用止痛药。G3P1，无生育要求。患者前次月经：2019年4月初，量色质正常，后无明显诱因月经推后半月方至，量色质正常，无明显不适。患者遂今日至我院妇科门诊就诊，要求系统检查，为求进一步综合治疗收入院。刻下：患者一般情况可，无阴道流血，无腰酸小腹隐痛不适，无发热恶寒，纳食可，夜寐安，二便调畅，舌淡红，苔白，脉沉弦细。,神志清晰，精神尚可，形体适中，语言清晰，口唇红润；皮肤正常，无斑疹。头颅大小形态正常，无目窼下陷，白睛无黄染，耳轮正常，无耳瘘及生疮；颈部对称，无青筋暴露，无瘿瘤瘰疬，胸部对称，虚里搏动正常，腹部平坦，无癥瘕痞块，爪甲色泽红润，双下肢无浮肿，舌淡红，苔白，脉沉弦细。,0,0,0,0,1,1,0,0,0,0,2,气滞|血瘀
476451,train,湿热下注证,auto,间歇性肛旁有脓溢出3天,"患者3天前感染而发为脓肿，肛旁肿胀，自服抗菌消炎药物后，其自行溃破，此后间断有脓溢出，反复发作，后上述症状加重，肛门疼痛剧烈，行走不便，由门诊拟“肛瘘伴脓肿形成、混合痔”收入我区，收入我区。刻下：无发热咳嗽，肛旁有脓液溢出，疼痛难忍，大便排出费力，肛门坠胀不适,活动受限，纳寐欠安。",神志清晰，精神尚可，形体形体适中，语言清晰，口唇红润；皮肤正常，无斑疹。头颅大小形态正常，无目窼下陷，无白睛，耳轮正常，无耳瘘及生疮；颈部对称，无青筋暴露，无瘿瘤瘰疬，胸部对称，虚里搏动正常，腹部平坦，无癥瘕痞块，爪甲色泽红润，双下肢无浮肿，舌淡红，苔白，脉平和。,0,0,0,0,0,0,0,1,0,0,1,湿热
468113,train,心血瘀阻证,auto,突发胸痛5小时余。,患者5小时余前于家中突发胸闷痛不适，伴心慌、大汗，右上肢酸软乏力，呕吐1次，呕吐胃内容物，无明显头晕，无黑曚，无腹痛，就诊于当地医院，予查心电图示：窦性心律，ST段抬高（II、III、AVF），建议患者至上级医院就诊，后患者至我院急诊，考虑急性ST段抬高型心肌梗死，立即予阿司匹林300mg、替格瑞洛180mg药物负荷、克赛静推抗凝，与患者及家属沟通后，建议行急诊PCI术，患者及家属表示同意，患者门诊已查血常规、新冠病毒核酸检测及胸部CT，暂予排除新冠肺炎，遂由急诊收住我科。入院时：患者神清，精神一般，胸闷痛，心慌，汗出，恶心呕吐不显，无明显头晕头痛，无黑矇，发病以来无发热恶寒，无咳嗽咳痰，无腹痛腹泻，纳可，二便尚调，夜寐可。,神志清晰，精神欠佳，形体适中，语言清晰，口唇红润；皮肤正常，无斑疹。头颅大小形态正常，无目窼下陷，白睛无黄染，耳轮正常，无耳瘘及生疮；颈部对称，无青筋暴露，无瘿瘤瘰疬，胸部对称，虚里搏动正常，腹部平坦，无癥瘕痞块，爪甲色泽红润，双下肢无浮肿，舌质紫暗，有瘀斑，舌下瘀筋，苔薄，脉弦涩。,0,0,0,0,0,1,0,0,0,0,1,血瘀
448679,train,气虚血瘀证,auto,头晕头昏反复发作半月余,"患者半月前无明显诱因突然出现头晕头昏，意识清晰，无口角歪斜，言语流利，患者未重视,半月来患者头晕头昏情况始终未有明显好转,且逐渐胸闷憋喘,现患者为求进一步系统诊疗，遂由门诊拟脑梗死收住入院。现患者神清，精神可，对答切题，言语流利,无口角歪斜，头晕头昏反复发作,时有胸闷憋喘,自感烘热怕冷，测体温不高，周身酸痛明显，无腹胀腹痛，二便尚调，夜寐一般。",神志清晰，精神尚可，形体适中，语言清晰，皮肤正常，无斑疹。头颅大小形态正常，无目窼下陷，无白睛，耳轮正常，无耳瘘及生疮；颈部对称，无青筋暴露，无瘿瘤瘰疬，胸部对称，虚里搏动正常，腹部平坦，无癥瘕痞块，爪甲色泽红润，双下肢对称，舌淡暗，苔薄，脉弦细。,1,0,0,0,0,1,0,0,0,0,2,血瘀|气虚
456072,train,正虚瘀结证,auto,发现肺癌半月，咳痰带血1周,"患者2019-05月体检发现肺占位,未予重视。2019-11-27因“咳嗽1月，痰中带血3天”至徐州市中心医院查呼吸道病原菌分子检测：流感嗜血杆菌 阳性（+），BNP 348.4pg/ml，胸部CT增强+输尿管CT：左肺门肿块，考虑肺Ca，继发左肺上叶阻塞性炎症，右肺下叶小结节，右肺下叶少许炎症，两肺气肿，纵隔轻度肿大淋巴结，右肾及输尿管导管置入术后改变，较前扩张程度减轻，两肾多发囊肿可能大，所见下腔静脉滤泡器置入术后，两侧肾上腺增粗、结节。心脏彩超：主动脉瓣、二尖瓣退行性病变，主动脉瓣、二尖瓣、三尖瓣轻度反流，房颤。双下肢彩超：双下肢动脉多发混合性斑块，双侧髂外静脉、股静脉瓣膜功能不全，双侧小腿肌间静脉血流瘀滞。痰涂片：未见异型细胞。腹部彩超：肝多发囊肿，双肾多发囊肿。患者胸部CT提示肺占位，但考虑患者高龄，基础疾病多，难以耐受支气管镜检查，患者家属考虑后暂不行支气管镜检查，临床诊断肺癌。近1周患者咳嗽、咳痰，痰中带鲜血，今为进一步诊治收住我院。现患者乏力，时有头晕，时有胸闷，活动后憋喘，咳嗽、咳痰，痰中带血，无发热，无腹痛、腹胀，食纳欠佳，尿频、尿急，无尿痛，大便可，夜寐欠安，无明显消瘦。",神志清晰，精神尚可，形体适中，语言清晰，口唇红润；皮肤正常，无斑疹。头颅大小形态正常，无目窼下陷，白睛无黄染，耳轮正常，无耳瘘及生疮；颈部对称，无青筋暴露，无瘿瘤瘰疬，胸部对称，虚里搏动正常，腹部平坦，无癥瘕痞块，爪甲色泽红润，双下肢无浮肿，舌淡红，苔白，脉细。,1,0,0,0,0,1,0,0,0,0,2,血瘀|气虚
427053,train,风痰阻络证,auto,发作性左侧肢体无力1天,患者昨日突发左侧肢体活动无力，约5分钟后自行好转，为明确诊治，今至我院，门诊以“短暂性脑缺血发作”收入我科。入院时症状：神志清，精神可，头晕，发作性左侧肢体活动无力，饮食尚可，二便可，夜寐一般。,神志清晰，精神尚可，形体适中，语言清晰，口唇红润；皮肤正常，无斑疹。头颅大小形态正常，无目窼下陷，白睛无黄染，耳轮正常，无耳瘘及生疮；颈部对称，无青筋暴露，无瘿瘤瘰疬，胸部对称，虚里搏动正常，腹部平坦，无癥瘕痞块，爪甲色泽红润，双下肢无浮肿，舌淡红，苔白，脉弦。,0,0,0,0,0,0,1,0,1,0,2,内风|痰湿
471605,train,湿热下注证,auto,肛内肿物外脱伴肿痛1周余。,患者1周前无明显诱因下出现肛内肿物外脱，难以回纳，肿痛难忍，行走不利，近2天渐加重，为进一步治疗，逐来我院就诊。刻下：肛周肿物外脱，难以回纳，肿痛，行走不利，坐卧不宁，无肛门坠胀不适，无粘液脓血便，无发热，大便日一行，小便畅，舌红，苔黄，脉滑数。,神志清晰，精神尚可，形体适中，语言清晰，口唇红润；皮肤正常，无斑疹。头颅大小形态正常，无目窼下陷，白睛无黄染，耳轮正常，无耳瘘及生疮；颈部对称，无青筋暴露，无瘿瘤瘰疬，胸部对称，虚里搏动正常，腹部平坦，无癥瘕痞块，爪甲色泽红润，双下肢无浮肿，舌淡红，苔白，脉弦。,0,0,0,0,0,0,0,1,0,0,1,湿热
457187,train,气虚不摄证,auto,反复呕血、黑便7年，再发16小时,患者自2012年起反复出现呕血、黑便，出院诊断：1.消化道出血2.失血性贫血3.肺部感染4.肾功能不全5.腔隙性脑梗塞6.脑萎缩 7.胆囊炎伴胆囊结石8.脾肿大9.前列腺增生10.心功能减退11.肺间质改变12.动脉粥样硬化伴斑块形成，经抑酸、止血、输血支持治疗后症状缓解，患者2019.12.23日下午15:00时无明显诱因再次出现咯吐少量鲜血，予云南白药、康复新液口服后至次日凌晨再次出现咯吐鲜血，量约300ml，入我院急诊予对症治疗，生命体征较前平稳，为求进一步诊治，遂由急诊拟上消化道出血出血收住我科。入院时：神清，精神萎，乏力，语声低微，无胸闷喘促，无心慌汗出，无一过性黑懵，无腹部胀痛，无身目黄染，无黑便，造瘘口留置尿管，大便未解，近期体重无明显变化。舌质淡红，胖大，苔薄白，脉细。,神志清晰，精神欠佳，形体形体适中，语言清晰，口唇苍白；皮肤正常，无斑疹。头颅大小形态正常，无目窼下陷，无白睛，耳轮正常；颈部对称，无青筋暴露，无瘿瘤瘰疬，胸部对称，虚里搏动正常，腹部平坦，无癥瘕痞块，爪甲色泽：色泽红润，双下肢对称，舌淡红，苔白，脉细。,1,0,0,0,0,0,0,0,0,0,1,气虚
432456,train,湿热下注证,auto,肛内肿物外脱伴肿痛6月,"患者6月来反复出现肛内肿物外脱伴肿痛,未予治疗，大便一日一行，质硬，排出不畅，伴便血，鲜血，量多，无排便不尽及肛门坠胀感，无粘液便，小溲畅，无发热恶寒。纳食可，夜寐尚可。舌淡红，苔白，脉数。",神志清晰，精神尚可，形体适中，语言清晰，口唇红润；皮肤正常，无斑疹。头颅大小形态正常，无目窼下陷，白睛无黄染，耳轮正常，无耳瘘及生疮；颈部对称，无青筋暴露，无瘿瘤瘰疬，胸部对称，虚里搏动正常，腹部平坦，无癥瘕痞块，爪甲色泽红润，双下肢无浮肿，舌淡红，苔白，脉数。,0,0,0,0,0,0,0,1,0,0,1,湿热
484117,train,痰湿蕴肺证,auto,发现左上肺占位3年余。,患者3年余前因“左前胸部刺痛不适”前往医院就诊，查胸部CT示左上肺结节（具体不详）。期间复查未见明显改变。2020-11-24因“高血压”于我院住院治疗，期间复查胸部CT（2020-11-24本院）示：左肺上叶GGO。三个月复查。两肺间质性改变。为进一步治疗，遂于今日来我科就诊，拟“左上肺占位”收入住院。入院症见：患者偶有咳嗽，痰白，量中等，无咯血、痰中带血。无发热，无胸闷胸痛气急，无恶心呕吐，饮食睡眠可，大小便正常。,神志清晰，精神尚可，形体适中，语言清晰，口唇红润；皮肤正常，无斑疹。头颅大小形态正常，无目窼下陷，白睛无黄染，耳轮正常，无耳瘘及生疮；颈部对称，无青筋暴露，无瘿瘤瘰疬，胸部对称，虚里搏动正常，腹部平坦，无癥瘕痞块，爪甲色泽红润，双下肢无浮肿，舌红，苔白，脉滑。,0,0,0,0,0,0,1,0,0,0,1,痰湿
460328,train,阳虚血瘀证,auto,反复胸闷憋喘6余年，加重伴头痛2天。,患者6年前开始反复出现胸闷憋喘不适，活动后疲乏，夜间憋醒，端坐位缓解，2013-1-25于徐州市中心医院行冠状动脉造影示：冠脉多支病变。于2013-02-16行非体外循环冠脉旁路移植术，术中搭桥2根：1.LIMA→LAD，2.Acrta→SVG→CX；术后规律服用抗血小板、稳斑调脂、改善心肌供血等药物治疗。6年来患者胸闷憋喘不适反-*复发作，多次住院治疗。2018.12.24行冠脉CTA示:1.冠状动脉搭桥术后改变。2.左主干、左前降支、左旋支全程散在钙化性斑块及软斑块，局部狭窄约90%；左缘支搭桥血管远端钙化性斑块，管腔略微变窄；第1、2、3对角支近段钙化性斑块，管腔狭窄约60-70%。3.右冠全程散在钙化性斑块及软斑块，管腔狭窄约70-90%，远端狭细；后降支近段钙化性斑块，管腔狭窄约70%；锐缘支中段钙化性斑块，管腔狭窄约50%。病程中多次因胸闷憋喘加重于我科住院治疗，院外长期口服阿司匹林、沙库巴曲缬沙坦钠片、倍他乐克、可定、尼可地尔等药物治疗，症状时有反复。2天前患者突感胸闷憋喘加重，气短，高枕卧位，夜间端坐呼吸，乏力，伴头痛间作，左侧口眼歪斜，左侧额纹变浅，遂至我院就诊，由门诊收住入院。入院时：患者胸闷憋喘，高枕卧位，夜间平卧及活动后加重，倦怠乏力，心慌时作，易汗出，咳嗽咳痰不显，无发热恶寒，无胸痛放射痛，无黑曚晕厥，无意识障碍，无腹胀腹痛。纳食欠佳，夜寐欠安，小便尚可，大便偏干难解。,神志清晰，精神尚可，形体适中，语言清晰，口唇红润；皮肤正常，无斑疹。头颅大小形态正常，无目窼下陷，白睛无黄染，耳轮正常，无耳瘘及生疮；颈部对称，无青筋暴露，无瘿瘤瘰疬，胸部对称，虚里搏动正常，腹部平坦，无癥瘕痞块，爪甲色泽红润，双下肢有浮肿，舌质紫，苔白厚，脉沉弦涩。,0,0,0,1,0,1,0,0,0,0,2,阳虚|血瘀
435964,train,气虚血瘀证,auto,反复胸闷憋喘15年余，再发加重1小时。,患者于15年前始出现阵发性胸闷不适，多于活动后出现，2016.04.13在我院行冠脉造影示：LM未见明显狭窄，LAD、LCX未见明显狭窄，RCA未见明显狭窄。术后长期口服“拜阿司匹林0.1 qd、速尿20mg qd、螺内酯20mg qd、地高辛0.125mg qd、富马酸比索洛尔2.5mg qd”，症状仍反复发作，多次因心力衰竭在我院住院治疗。1天前，患者劳累后出现胸闷憋喘，不能平卧，头晕汗出，站立不稳，时有跌扑，口服上述药物症状未见缓解，遂由家人送至我院急诊，拟“急性左心衰竭”收住入院，入院时：患者劳累性呼吸困难、气短，疲乏无力，夜间不能平卧，偶有胸闷，腹胀纳呆，唇甲不华，发色不泽，心悸少寐，纳欠佳，二便尚调，夜寐差。,神志清晰，精神欠佳，形体偏胖，语言清晰，口唇无发绀；皮肤正常，无斑疹。头颅大小形态正常，无目窼下陷，白睛无黄染，耳轮正常，无耳瘘及生疮；颈部对称，无青筋暴露，无瘿瘤瘰疬，胸部对称，虚里搏动正常，腹部平坦，无癥瘕痞块，爪甲色泽青紫，双下肢无浮肿，舌淡紫，苔薄白，脉涩。,1,0,0,0,0,1,0,0,0,0,2,血瘀|气虚
422865,test,湿热下注证,auto,肛内肿物外脱伴肿痛3天。,"患者于入院前3天，出现因食辛辣醇厚且劳累后出现肛缘肿痛伴肛内肿物脱出,未予治疗，症情渐加重，遂来本院求治。刻下：肛内肿物脱出伴肿缘疼痛，坐卧不宁，行走不利。大便，日行1次，质软，排出不畅，伴便血，无排便不尽及肛门坠胀感，无粘液便，小溲畅，无发热恶寒。纳食可，夜寐尚可，舌红，苔黄，脉滑数。",神志清晰，精神尚可，形体形体适中，语言清晰，口唇红润；皮肤正常，无斑疹。头颅大小形态正常，无目窼下陷，白睛无黄染，耳轮正常，无耳瘘及生疮；颈部对称，无青筋暴露，无瘿瘤瘰疬，胸部对称，虚里搏动正常，腹部平坦，无癥瘕痞块，爪甲色泽红润，双下肢无浮肿，舌红，苔黄，脉滑数。,0,0,0,0,0,0,0,1,0,0,1,湿热
471016,test,气阴两虚证,auto,发现血糖升高9年，口干多饮1周。,患者9年前体检时发现血糖升高，多次测空腹血糖＞7.0mmol/L，诊断为2型糖尿病。患者未予重视，未系统诊治，饮食控制结合运动锻炼降糖。2019年11月患者体检查空腹血糖：14.0mmol/L，餐后血糖：21.0mmol/L，于徐州市客运社区医院住院治疗，出院后皮下注射长秀霖降糖，3个月后患者自行停用胰岛素，目前降糖方案：“二甲双胍缓释片0.5g bid，达格列净10mg qd”。近1周患者自觉口干多饮，遂至我院门诊就诊，今为求进一步中西医结合系统诊治收入我区。目前：患者神清，精神可，口干多饮，视物模糊，纳食可，夜寐安和，二便尚调。近半月体重减轻约2kg，无四肢麻木，无头晕头痛，无心慌胸闷，无恶寒发热，无咳嗽咳痰，无腹痛腹泻，无恶心呕吐，双下肢无浮肿。,神志清晰，精神可，形体偏胖，语言清晰，口唇红润；皮肤正常，无斑疹。头颅大小形态正常，无目窼下陷，白睛无黄染，耳轮正常，无耳瘘及生疮；颈部对称，无青筋暴露，无瘿瘤瘰疬，胸部对称，虚里搏动正常，腹部平坦，无癥瘕痞块，爪甲色泽红润；呼吸如常，无呕吐，无呃逆、嗳气、太息、喷嚏等，无特殊异味。双下肢无浮肿，舌淡红，苔白微腻，脉弦。,1,0,1,0,0,0,0,0,0,0,2,阴虚|气虚
433853,val,气滞血瘀证,auto,车祸致全身多处肿痛伴活动受限1天,患者1天前不幸发生车祸，当时即感全身多处疼痛伴活动不利，左大腿为重，急被送至我院急诊就诊。经询问病史及查体后，行相关影像学检查，未见明显骨折错位征象。于急诊留观。后发现左大腿近端原血肿区域突然增大、张力增高，疼痛明显，予冰敷稍有好转。故患者为求进一步治疗，遂经急诊拟“左侧大腿血肿”收治入院。刻下患者左大腿血肿明显，皮下瘀斑出现，左耳伴有耳鸣，患者伤后无昏迷，无意识不清，对受伤经过回忆清晰，偶有头晕不适，无胸闷不适，无腹胀腹痛，二便正常。,神志清晰，精神尚可，形体适中，语言清晰，口唇红润；皮肤正常，无斑疹。头颅大小形态正常，无目窼下陷，白睛无黄染，耳轮正常，无耳瘘及生疮；颈部对称，无青筋暴露，无瘿瘤瘰疬，胸部对称，虚里搏动正常，腹部平坦，无癥瘕痞块，爪甲色泽红润，双下肢无浮肿，舌淡红，苔白，脉细涩。,0,0,0,0,1,1,0,0,0,0,2,气滞|血瘀
485141,train,风痰阻络证,auto,双下肢无力、行走不稳6小时余,患者于6小时前约10时许出现双下肢无力，站立行走不稳，症状持续无缓解，患者家属遂至我院门诊就诊，门诊完善核酸检查排除新冠感染后拟“中风病”收治入院，入院时症状：患者神志清，精神一般，双下肢无力，自觉站立、行走不稳，持物不稳，否认有头晕头痛，无肢体麻木，否认有腰痛、肢体疼痛，饮食尚可，二便可，夜寐尚可。,神志清晰，精神尚可，形体适中，语言清晰，口唇红润；皮肤正常，无斑疹。头颅大小形态正常，无目窼下陷，白睛无黄染，耳轮正常，无耳瘘及生疮；颈部对称，无青筋暴露，无瘿瘤瘰疬，胸部对称，虚里搏动正常，腹部平坦，无癥瘕痞块，爪甲色泽红润，双下肢无浮肿，舌质暗淡，苔白腻，脉弦滑。,0,0,0,0,0,0,1,0,1,0,2,内风|痰湿
483254,train,风痰阻络证,auto,头晕伴行走不稳2天,患者2天前无明显诱因出现头晕，呕吐一次，行走不稳，未予重视，症状持续无缓解，今日为求中西医结合诊治，来我院门诊，为进一步诊治予收入院。入院时：患者神清，精神欠佳，头晕，恶心，行走不稳，右侧肢体不遂，小便控制差，无胸闷、心慌，无腹痛腹泻，食纳可，睡眠增多，大便可，舌紫，苔白，脉弦。,神志清晰，精神欠佳，形体适中，语言清晰，口唇红润；皮肤正常，无斑疹。头颅大小形态正常，无目窼下陷，白睛无黄染，耳轮正常，无耳瘘及生疮；颈部对称，无青筋暴露，无瘿瘤瘰疬，胸部对称，虚里搏动正常，腹部平坦，无癥瘕痞块，爪甲色泽红润，双下肢无浮肿，舌紫，苔白，脉弦。,0,0,0,0,0,0,1,0,1,0,2,内风|痰湿
469311,train,热毒蕴结证,auto,肛旁肿痛7天,"患者于入院前7天，出现因食辛辣醇厚且劳累后出现肛旁肿胀疼痛,初未重视，症情渐加重，遂来本院求治。刻下：肛旁肿胀疼痛剧烈，坐卧不宁，行走不利。大便日行3-4次，质稀，排出畅，无便血，无排便不尽及肛门坠胀感，无粘液便，小溲畅，无发热恶寒。纳食可，夜寐尚可，舌红，苔黄，脉滑数。",神志清晰，精神尚可，形体适中，语言清晰，口唇红润；皮肤正常，无斑疹。头颅大小形态正常，无目窼下陷，白睛无黄染，耳轮正常，无耳瘘及生疮；颈部对称，无青筋暴露，无瘿瘤瘰疬，胸部对称，虚里搏动正常，腹部平坦，无癥瘕痞块，爪甲色泽红润，双下肢无浮肿，舌淡红，苔白，脉滑数。,0,0,0,0,0,0,0,0,0,1,1,实热
425153,train,肝肾不足证,manual_disambiguated,双眼视物不清渐重数年，右眼加重半年,"患者数年无明显诱因自觉双眼视物不清逐渐加重,无眼红眼痛,无畏光流泪,无视物变形,患者未予重视，未进行任何诊治，近半年，右眼视物不清明显严重，眼前辨容困难，自觉影响日常生活，今来我院眼科求治，门诊检查后，拟以“双眼白内障”收入院。刻下：双眼视物不清，右眼为重，无红不痛，腰膝酸软，时有耳鸣，手足心热，夜寐安，纳佳，二便调。",腰膝酸软，时有耳鸣头晕，神疲乏力，手足心热，舌红苔少，脉细数。,1,1,1,0,0,0,0,0,0,0,3,阴虚|血虚|气虚
471208,train,气虚血瘀证,auto,突发胸闷憋喘伴头晕4小时。,患者4小时前无明显诱因突然出现胸闷憋喘，心慌，头晕，伴恶心呕吐1次，呕吐物为胃内容物，无头痛，无胸痛放射痛，休息后症状仍持续不能缓解，且出现全身乏力，站立不稳，脚踩棉花感，遂由家人急送至我院急诊就诊，测血压97/68mmhg，心率58次/分，予盐酸异丙嗪25mg肌注、倍他司汀氯化钠静滴、泮托拉唑静滴后头晕及恶心呕吐稍好转，但仍胸闷憋喘不适，予查心电图提示窦性心动过缓（53次/分），II、III、avF导联ST-T改变，心梗标记物未见明显异常，病程中患者出现心率减慢至35次/分，血压降至89/50mmhg，请我科急会诊，考虑有急性冠脉综合征可能，立即予拜阿司匹林300mg、替格瑞洛180mg口服，阿托品1mg静推，去甲肾上腺素8mg微泵注射，药后患者心率上升至60次/分，血压上升至101/72mmhg，查胸部CT、血常规、新冠肺炎抗体可排除新冠肺炎可能，为进一步诊治收治入院。入院时：患者胸闷憋喘，心慌，头晕，恶心欲呕，无胸痛放射痛，无头痛，时作时休，气短乏力，动则益甚，倦怠乏力，声息低微，面色晄白，纳可，二便尚调，夜寐尚可。,神志清晰，精神欠佳，形体适中，语言清晰，口唇发绀；皮肤正常，无斑疹。头颅大小形态正常，无目窼下陷，白睛无黄染，耳轮正常，无耳瘘及生疮；颈部对称，无青筋暴露，无瘿瘤瘰疬，胸部对称，虚里搏动异常，腹部平坦，无癥瘕痞块，爪甲色泽红润，双下肢无浮肿。舌质暗，苔白，脉缓涩。,1,0,0,0,0,1,0,0,0,0,2,血瘀|气虚
420809,train,气滞血瘀证,auto,摔伤致右大腿部疼痛、活动受限4小时,患儿今日下午6时许玩耍时不幸摔倒，致伤右大腿部，患儿当即哭闹不止，不能活动。后家人发现患儿大腿部明显肿胀，并有活动受限，且患儿受伤以来一直哭闹，家属遂到当地医院就诊，给予X线片检查，示：右侧股骨中段骨折，成角移位明显。家人为进一步治疗，急送到我院，门诊以“右侧股骨干骨折”收入住院，入院时患者神志清，精神可，哭闹，纳欠佳，无其他特殊代主诉。,神志清晰，精神尚可，形体适中，语言清晰，口唇红润；皮肤正常，无斑疹。头颅大小形态正常，无目窼下陷，白睛无黄染，耳轮正常，无耳瘘及生疮；颈部对称，无青筋暴露，无瘿瘤瘰疬，胸部对称，虚里搏动正常，腹部平坦，无癥瘕痞块，爪甲色泽红润，双下肢无浮肿，舌紫暗，苔白，脉弦涩。,0,0,0,0,1,1,0,0,0,0,2,气滞|血瘀
441398,train,气虚血瘀证,auto,双手遇冷发白发紫伴胸闷气喘间作2年余，加重1周,2年前因天气变凉后出现双手指端发白发紫、疼痛麻木间作，保暖后症状可稍缓解，爬三层以上楼梯或活动后有胸闷气喘间作，咳嗽间作，咳少量粘白痰，乏力倦怠，口干眼干间作，无牙齿片状脱落、进食干性食物无需用水送服一直未予重视和明确诊疗，病程中无脱发、无复发性口腔溃疡、无光敏现象，无腹痛腹泻，无尿频、尿急、尿痛。患者病情反复发作，规律应用环磷酰胺治疗四次后改为雷公藤多苷片20mgtid继续治疗，目前口服强的松5mgqod、福辛普利钠10mgqd等药物治疗，曾于我院住院治疗，予以小剂量强的松+雷公藤多苷片+福辛普利钠+贝前列腺素钠等药物，病情好转出院，于门诊治疗，近1周来因受凉出现全身关节酸痛，今为求进一步系统诊治，特由门诊收入我科，入院时：患者双手指端遇冷发白发紫、疼痛麻木间作，保暖后症状可缓解，胸闷气喘较前明显好转，轻度乏力倦怠，口干眼干不显，纳寐可，二便正常。,神志清晰，精神尚可，形体偏胖，语言清晰，口唇红润；皮肤正常，无斑疹。头颅大小形态正常，无目窼下陷，无白睛，耳轮正常，无耳瘘及生疮；颈部对称，无青筋暴露，无瘿瘤瘰疬，胸部对称，虚里搏动正常，腹部平坦，无癥瘕痞块，爪甲色泽正常，双下肢无水肿，舌质淡紫，舌体胖大，边有齿痕，苔薄白，脉沉细。,1,0,0,0,0,1,0,0,0,0,2,血瘀|气虚
455846,train,肝经湿热证,auto,右侧头皮部起红斑水疱伴疼痛3天。,患者3天前无明显诱因右侧头皮部起片状红斑水疱，伴阵发性灼痛不适，且红斑水疱不断增多，皮损呈带状分布，昨日患者就诊于我科，诊断为“带状疱疹”，予以泛昔洛韦、元胡止痛胶囊口服，病情好转不明显，今日患者发现右侧头皮部仍有新发皮疹出现，且疼痛加重，为求进一步系统治疗，遂至我科住院治疗。患者入院时无发热不适，精神及纳食尚可，睡眠尚可，小便正常，大便粘。,神志清晰，精神尚可，形体形体适中，语言清晰，口唇红润；皮肤同前，有斑疹。头颅大小形态正常，无目窼下陷，无白睛，耳轮正常，无耳瘘及生疮；颈部对称，无青筋暴露，无瘿瘤瘰疬，胸部对称，虚里搏动正常，腹部平坦，无癥瘕痞块，爪甲色泽：红润，双下肢对称，舌质红，苔黄腻，脉弦数。,0,0,0,0,0,0,0,1,0,0,1,湿热
467938,train,正虚瘀结证,auto,胃恶性肿瘤术后4月余，化疗后20余天。,"患者2020年1月因“腹痛伴恶心呕吐2月”于徐州市中心医院检查，胃镜提示“胃溃疡，十二指肠球炎，慢性浅表性胃炎，食管裂孔疝”，胃镜病理提示为“胃癌”。后于徐州市中心医院住院完善相关检查，排除手术禁忌后于2020-01-20行胃癌根治术，术后病理提示“胃腺癌,部分为印戒细胞癌,II-III级,溃疡型,肿块大小2*2*0.5cm,浸润至粘膜下层，两侧切缘净，淋巴结内未见癌转移（小弯0/7，大弯0/3，胃网膜右0/5，腹主动脉旁0/1，肝动脉旁为纤维脂肪组织）”，术后于2020-03-13、2020-04-09、2020-05-15行“奥沙利铂+替吉奥”化疗3周期，具体方案“奥沙利铂200mg iv +替吉奥40mg bid po d1-14 q21d”化疗化疗后出现肝功能异常:ALT50.8U/L,AST121.3U/L,TBIL38.9μmol/L，DBIL10.3μmol/L，IBIL28.6μmol/L，I度骨髓抑制，对症治疗后好转现患者为求进一步治疗入我院。入院时，患者偶有上腹部隐痛，双上肢化疗后轻微麻木，无发热，无咳嗽咳痰，无明显腹痛腹胀，无恶心呕吐，无乏力纳差，饮食、睡眠可。",神志清晰，精神尚可，形体适中，语言清晰，口唇红润；皮肤正常，无斑疹。头颅大小形态正常，无目窼下陷，白睛无黄染，耳轮正常，无耳瘘及生疮；颈部对称，无青筋暴露，无瘿瘤瘰疬，胸部对称，虚里搏动正常，腹部平坦，无癥瘕痞块，爪甲色泽红润，双下肢无浮肿，舌淡红，苔白，脉细。,1,0,0,0,0,1,0,0,0,0,2,血瘀|气虚
425572,train,风痰阻络证,auto,突发意识不清1天。,患者昨日夜间9时许无明显诱因突发意识不清、二便失禁，症状持续未见缓解，今为求进一步治疗，前来我院门诊，门诊拟“中风”收住入院。患者入院时昏迷，反应差，左侧口角流涎，右侧肢体无力，夜寐差，饮食差，二便失禁。,神志昏迷，精神差，形体适中，不能言语，口唇红润；皮肤正常，无斑疹。头颅大小形态正常，无目窼下陷，白睛无黄染，耳轮正常，无耳瘘及生疮；颈部对称，无青筋暴露，无瘿瘤瘰疬，胸部对称，虚里搏动正常，腹部平坦，无癥瘕痞块，爪甲色泽红润，双下肢无浮肿。,0,0,0,0,0,0,1,0,1,0,2,内风|痰湿
456777,train,湿热瘀阻证,auto,下腹隐痛伴腰部酸痛间作5年，加重3月。,"患者平素月经尚规则，28-30天一行，4-5天净，经量中，色暗红，偶有血块，轻度痛经，G3P1，患者5年前无明显诱因下出现小腹疼痛不适伴腰酸，未予特殊诊治，近3月患者下腹疼痛较前加重，伴月经周期紊乱、月经后期，今日至我院门诊就诊，查妇科检查:宫体后位，增大如孕40余天，质韧，压痛（+）；附件：双侧附件区未及明显异常，提示：“盆腔炎”；LMP：2019-12-13，月经将净，量多,色质如常。现为行进一步综合治疗，由门诊收入我科，刻下：患者神清，精神可，下腹偶有隐痛不适，时有腰酸不适，阴道少量褐色分泌物，无寒热，乏力，偶有头晕，纳寐可，二便调畅。",神志清晰，精神尚可，形体适中，语言清晰，口唇红润；皮肤正常，无斑疹。头颅大小形态正常，无目窼下陷，白睛无黄染，耳轮正常，无耳瘘及生疮；颈部对称，无青筋暴露，无瘿瘤瘰疬，胸部对称，虚里搏动正常，腹部平坦，无癥瘕痞块，爪甲色泽红润，双下肢无浮肿，舌红，苔黄腻，脉弦数。,0,0,0,0,0,0,0,1,0,0,1,湿热
464691,train,热毒蕴结证,auto,肛旁肿痛1周。,患者于入院前1周，出现因食辛辣醇厚且劳累后出现肛旁肿胀疼痛，症情反复发作渐加重，遂来本院求治。刻下：肛旁肿胀疼痛剧烈，坐卧不宁，行走不利。大便，日行1次，质稀，排出畅，无便血，无排便不尽及肛门坠胀感，无粘液便，小溲畅，无发热恶寒。纳食可，夜寐尚可，舌红，苔黄，脉滑数。,神志清晰，精神尚可，形体形体适中，语言清晰，口唇红润；皮肤正常，无斑疹。头颅大小形态正常，无目窼下陷，白睛无黄染，耳轮正常，无耳瘘及生疮；颈部对称，无青筋暴露，无瘿瘤瘰疬，胸部对称，虚里搏动正常，腹部平坦，无癥瘕痞块，爪甲色泽红润，双下肢无浮肿，舌红，苔黄，脉滑数。,0,0,0,0,0,0,0,0,0,1,1,实热
420034,train,正虚瘀结,auto,发现右肺腺癌3年余，咳嗽加重1周。,患者2015-12因乏力至矿总医院就诊，胸片示右肺阴影？遂至二院就诊，胸部CT：右肺癌。行肺穿刺，病理：腺癌。PET/CT（2016-1-27）：1、右肺下叶肺癌伴右肺、胸膜、纵膈、肺门及腹膜后淋巴结转移；右肺中叶支气管扩张，两肺慢性炎性改变，右侧少量胸腔积液；2、两侧上颌窦及筛窦炎；3、盆腔少量积液征象。2016年1月起先后行化疗10余次，具体方案不详。后口服易瑞沙7月余，疾病进展。2018-3-11头颅MRI示脑转移（报告家属未提供），2017-8-8行伽马刀治疗。换服阿法替尼4月余，肿瘤进展。后改服奥西替尼，2018-7联合培美曲塞单药化疗1周期。2018.08.11 复查MR提示T1-3椎体、T2-4椎板、T2右侧侧隐窝转移瘤可能，继发T2压缩性骨折，病情评价PD，定期予唑来膦酸抑制骨破坏，末次治疗时间：2018-12-07。2018-08-17起口服安罗替尼治疗，2018-12-11查腹部增强CT提示肝内转移，病情评价PD，予停药。患者7天前起咳嗽加重，咳少量黄痰，为求进一步中西医结合治疗收入我科，入院时，患者咳嗽、咳少量黄痰，无恶心、呕吐，无腹泻、黑便，时咳嗽，咳少量白痰，痰中偶有少量暗红色血丝，无寒战、发热，无头晕、头痛，无发热，无胸闷、心悸，纳寐可，二便调。,神志清晰，精神尚可，形体适中，语言清晰，口唇红润；皮肤正常，无斑疹。头颅大小形态正常，无目窼下陷，白睛无黄染，耳轮正常，无耳瘘及生疮；颈部对称，无青筋暴露，无瘿瘤瘰疬，胸部对称，虚里搏动正常，腹部平坦，无癥瘕痞块，爪甲色泽红润，双下肢无浮肿，舌淡红，苔白，脉滑。,1,0,0,0,0,1,0,0,0,0,2,血瘀|气虚
449854,train,气虚血瘀证,auto,口干多饮间作19年，伴下肢麻木1周,"患者19年前感口干多饮，查血糖明显升高，诊断为2型糖尿病，2007年及2017年曾皮下注射胰岛素3月。2018年在我院住院治疗，降糖方案为：“门冬胰岛素30 早20u  晚12u ih 餐前五分钟”,空腹血糖6-7mmol/l左右，近1周以来，患者感口干多饮症状加重，伴下肢麻木，未感四肢疼痛，平时自测空腹血糖达8.0mmol/l，现为求进一步治疗收住入院。病程中患者口干多饮，下肢麻木，视物模糊，无头晕头痛，无胸闷心痛，小便量可，带有泡沫，二便可，纳食可，夜寐安。近期体重无明显变化。",神志清晰，精神尚可，形体适中，语言清晰，口唇红润；皮肤正常，无斑疹。头颅大小形态正常，无目窼下陷，白睛无黄染，耳轮正常，无耳瘘及生疮；颈部对称，无青筋暴露，无瘿瘤瘰疬，胸部对称，虚里搏动正常，腹部平坦，无癥瘕痞块，爪甲色泽红润，双下肢无浮肿，舌质淡暗，舌下瘀络，苔薄白，脉细涩。,1,0,0,0,0,1,0,0,0,0,2,血瘀|气虚
430618,train,肝肾阴虚证,auto,头晕阵作8年余，加重3天,患者8年余前无明显诱因出现头晕，当时测量血压偏高，血压最高170/120mmHg，当时于当地医院诊断为高血压病，平时不规律服用降压药物，3天前患者症情较前加重，测血压180/100mmHg，现患者为求进一步明确诊疗遂由门诊收住入院，入院时：患者神清，精神欠佳，头晕阵作，行走欠稳，右上肢散见暗红色疱疹疼痛，疼痛为放射痛，无恶心呕吐，胸闷偶作，无头痛，无咳嗽咯痰，无腹痛腹泻，纳寐尚可，二便尚调，舌质黯红，苔少，脉弦细。,神志清晰，精神尚可，形体适中，语言清晰，口唇发绀；皮肤正常，无斑疹。头颅大小形态正常，无目窼下陷，无白睛，耳轮正常，无耳瘘及生疮；颈部对称，无青筋暴露，无瘿瘤瘰疬，胸部对称，虚里搏动正常，腹部平坦，无癥瘕痞块，爪甲色泽红润，双下肢对称，舌质黯红，苔少，脉弦细。,0,0,1,0,0,0,0,0,0,0,1,阴虚
477874,train,气滞血瘀证,auto,车祸致左肩锁部肿痛活动受限6小时余,患者6小时前因车祸致左肩锁部肿痛畸形，活动受限，患者受伤以来未昏迷，对受伤过程记忆不清。遂到当地医院就诊治疗，行X线示：左侧锁骨中远端粉碎性骨折。胸部CT示：建议手术治疗。患者家属为求进一步治疗，前来我院就诊。我科检查后，给以新冠肺炎核酸检查。门诊为进一步治疗，门诊以“左侧锁骨骨折”收入我科隔离病房住院治疗。入院时患者神志清，精神可，一般情况可，现患者左肩锁部疼痛肿胀，活动受限依然，受伤以来，无头晕头痛，无胸闷胸痛，无腹胀腹痛。,神志清晰，精神尚可，形体适中，语言清晰，口唇红润；皮肤正常，无斑疹。头颅大小形态正常，无目窼下陷，白睛无黄染，耳轮正常，无耳瘘及生疮；颈部对称，无青筋暴露，无瘿瘤瘰疬，胸部对称，虚里搏动正常，腹部平坦，无癥瘕痞块，爪甲色泽红润，双下肢无浮肿，舌淡红，苔白，脉细涩。,0,0,0,0,1,1,0,0,0,0,2,气滞|血瘀
474186,train,湿热下注证,auto,肛内肿物外脱伴。,"患者于入院前2月，出现因食辛辣醇厚且劳累后出现肛缘肿痛伴肛内肿物脱出,便血间作,未予治疗，症情反复发作渐加重，遂来本院求治。刻下：肛内肿物脱出伴肿缘疼痛，坐卧不宁，行走不利。大便，日行1次，质软，排出不畅，伴便血量中,色鲜红,点滴而出,便后即止，伴排便不尽及肛门坠胀感，无粘液便，小溲畅，无发热恶寒。纳食可，夜寐尚可，舌红，苔黄，脉滑数。",神志清晰，精神尚可，形体形体适中，语言清晰，口唇红润；皮肤正常，无斑疹。头颅大小形态正常，无目窼下陷，白睛无黄染，耳轮正常，无耳瘘及生疮；颈部对称，无青筋暴露，无瘿瘤瘰疬，胸部对称，虚里搏动正常，腹部平坦，无癥瘕痞块，爪甲色泽红润，双下肢无浮肿，舌红，苔黄，脉滑数。,0,0,0,0,0,0,0,1,0,0,1,湿热
460593,train,痰浊蒙窍证,auto,突发肢体抽搐2h余,患者约凌晨1时许肢体抽搐伴双眼上视，考虑癫痫发作，未予重视，反复发作，缓解时间短暂，伴有加重趋势，由120送我院急诊，头颅CT未见出血，急诊予地西泮镇静抗癫痫，拟癫痫收住入院，入院时患者镇静，双眼右上方斜视，双上肢可见轻微抽搐，无发热，无呕吐，二便未解。,神志镇静，形体偏胖，口唇发绀；皮肤正常，无斑疹。头颅大小形态正常，无目窼下陷，白睛无黄染，耳轮正常，无耳瘘及生疮；颈部对称，无青筋暴露，无瘿瘤瘰疬，胸部对称，虚里搏动正常，腹部平坦，无癥瘕痞块，爪甲色泽淡紫，双下肢无浮肿，舌淡紫，苔腻，脉弦滑。,0,0,0,0,0,0,1,0,0,0,1,痰湿
473722,train,气阴两虚证,auto,口干多饮间作12年，乏力伴消瘦半月,患者2008年因口干多饮至徐州市第一人民医院就诊，查空腹血糖：11.0mmol/L，经复查诊断为2型糖尿病，住院治疗，住院期间予胰岛素泵强化降糖。出院后皮下注射胰岛素治疗（具体不详），1年后患者自行停用胰岛素，改为诺和龙口服降糖至今，目前降糖方案：“诺和龙2mg bid”。近半月患者自觉乏力明显，体重下降，查空腹血糖：19.0mmol/L，遂至我院门诊就诊，今为求进一步中西医结合系统诊治收入我区。目前：患者神清，精神可，体倦乏力，双下肢酸软，视物模糊，四肢末端有麻木感，烦躁易怒，多汗，纳食可，夜寐安和，小便有泡沫，大便2-3日一行，质干。近半月体重减少约5kg，无心慌胸闷，无头晕头痛，无恶寒发热，无咳嗽咳痰，无腹痛腹泻，无恶心呕吐，双下肢无浮肿。,神志清晰，精神可，形体偏瘦，语言清晰，口唇红润；皮肤正常，无斑疹。头颅大小形态正常，无目窼下陷，白睛无黄染，耳轮正常，无耳瘘及生疮；颈部对称，无青筋暴露，无瘿瘤瘰疬，胸部对称，虚里搏动正常，腹部平坦，无癥瘕痞块，爪甲色泽红润；呼吸如常，无呕吐，无呃逆、嗳气、太息、喷嚏等，无特殊异味。双下肢无浮肿，舌淡红，苔薄白，脉细数。,1,0,1,0,0,0,0,0,0,0,2,阴虚|气虚
451865,train,阴虚血瘀证,auto,双手皮肤、面部肿胀硬紧5年余,"患者5年前无明显诱因出现双手皮肤、面部肿胀，伴咳嗽咯痰，于四院住院治疗，查血常规、血沉、CCP-Ab、RF、CRP、HLA-B27、抗""O""均阴性，予戴芬治疗，效欠佳；其后于二院呼吸科查ANA阳性 核仁型1:1000，胸部CT示肺间质病变，诊断为间质性肺病，患者出院后至北京人民解放军总医院就诊，查ANA 1:1000核仁型，ANA谱、MPO、PR3、AFP、AKA、CCP-Ab均阴性；予硫酸羟氯喹、白芍总苷、复方甘草酸苷胶囊治疗；患者2015-12，2016-05曾于我科住院治疗，予甲泼尼龙、硫酸羟氯喹、白芍总苷、吗替麦考酚酯等治疗，2017年5月曾因社区获得性肺炎于我科住院治疗,抗核抗体 SN1:640，余均阴性，骨密度测定：股骨颈：0.867，T值-0.6，总和：0.901，T值-0.3，10年骨折风险24.2%，胸部CT示：1、两肺间质性改变。2、两肺下叶慢性炎症，肺功能测定示：FVC2.31L，占预测值74.8%，DLCO12.82ml/min/mmHg，占预测值52.1%，结论：肺活量及用力肺活量下降，支气管舒张试验（-），残总比下降，肺弥散功能下降；患者出院后继续口服替麦考酚酯、白芍总苷、金水宝、赛能、乙酰半胱氨酸泡腾片；患者其后至中国医学科学院皮肤病医院就诊，长期服用复方丹参片、秋水仙碱、硫酸羟氯喹、心痛定、维生素E等治疗，患者2年前于我科住院治疗，查肌酶偏高，抗PM-Sc1100抗体IgG阳性，诊断为系统性硬化症合并肌炎，予激素+环磷酰胺治疗；好转出院，患者1年前因肌酶持续波动在900U/L,予加用他克莫司治疗,其后肌酶下降至280U/L，已于10月前停用环磷酰胺，现服用激素 2.5mg qod、他克莫司 1mg bid治疗，患者近日自觉手部及颈部皮肤硬紧，今日至我科就诊，为进一步系统诊治，入院时：患者双手、颜面部肿胀，颈部皮肤硬紧，怕冷，活动后胸闷气喘，乏力倦怠，纳食可，夜寐安，二便正常；否认口腔溃疡，否认口干眼干。",神志清晰，精神尚可，形体适中，语言清晰，口唇红润；皮肤正常，无斑疹。头颅大小形态正常，无目窼下陷，无白睛，耳轮正常，无耳瘘及生疮；颈部对称，无青筋暴露，无瘿瘤瘰疬，胸部对称，虚里搏动正常，腹部平坦，无癥瘕痞块，爪甲色泽红润，双下肢无浮肿，舌淡红，苔黄腻，脉细。,0,0,1,0,0,1,0,0,0,0,2,阴虚|血瘀
450231,train,气虚血瘀证,auto,四肢活动不利伴言语欠清7月，加重1天,患者7月前无明显诱因下突然出现左侧肢体活动不利，左上肢抬举受限，行走拖沓，无视物旋转，无恶心呕吐，遂至徐州二院就诊，查头颅MR：双侧基底节区多发性脑梗塞，右侧基底节区急性脑梗塞灶。住院期间，患者逐渐出现右侧肢体活动不利，经治疗病情稳定出院。昨日患者诉感肢体活动不利加重，今为求进一步治疗，遂来我院就诊，入院时：患者神志清，精神尚可，左侧肢体活动不利，右上肢活动不利，左上肢抬举受限，行走不能，言语欠清，憋喘阵作，无意识障碍，无头痛，无视物旋转，无恶心呕吐，无腹痛腹泻，纳寐尚可，二便尚调。,神志清晰，精神尚可，形体偏胖，语言含糊，口唇红润；皮肤正常，无斑疹。头颅大小形态正常，无目窼下陷，白睛无黄染，耳轮正常，无耳瘘及生疮；颈部对称，无青筋暴露，无瘿瘤瘰疬，胸部对称，虚里搏动正常，腹部平坦，无癥瘕痞块，爪甲色泽红润，双下肢无浮肿，舌暗红，苔薄腻，脉细涩。,1,0,0,0,0,1,0,0,0,0,2,血瘀|气虚
435404,test,肝胃郁热证,auto,纳差、乏力间作七月，再发加重一天。,患者七月前无明显诱因出现纳差，食欲减退，伴乏力时作，左下肢为甚，腹痛腹胀偶作，以剑下为主，无明显肩背部放射痛。无恶心呕吐，无明显反酸、嗳气及胸骨后烧灼感，无发热，头晕，胸闷不适时作，小便尚调，大便1-2日一行，无粘液脓血。遂至徐州市第一人民医院就诊，予抗凝，降脂，营养神经，改善微循环后症状好转出院。后患者纳差、乏力症状再发，遂至我院就诊，予抑酸，护胃，降脂，抗凝，活血，营养神经，对症支持等治疗后症状好转出院。昨日患者纳差、乏力症状再发加重，现为求进一步诊治，今来我院，由门诊收入我科。入院时患者：食纳欠佳，食欲不佳，乏力时作，左下肢为甚，腹痛腹胀偶作，无明显肩背部放射痛，无恶心呕吐，无明显反酸、嗳气及胸骨后烧灼感，咳嗽偶作，无咳痰，无发热，头晕，胸闷不适偶作，夜寐欠安，小便尚调，进食后感胃脘嘈杂，舌淡红苔白，脉细弦。,神志清晰，精神尚可，形体形体适中，语言清晰，口唇红润；皮肤正常，无斑疹。头颅大小形态正常，无目窼下陷，白睛无黄染，耳轮正常，无耳瘘及生疮；颈部对称，无青筋暴露，无瘿瘤瘰疬，胸部对称，虚里搏动正常，腹部平坦，无癥瘕痞块，爪甲色泽红润，双下肢无浮肿，舌淡红，苔白，脉细弦。,0,0,0,0,1,0,0,0,0,1,2,气滞|实热
450297,train,风痰阻络证,auto,肢体无力3年，咳喘、胸闷3月。,患者有3年前患脑梗塞，遗有肢体无力，行走不稳，在我院治疗，病情好转。3月前患者因受凉出现咳喘，胸闷，憋喘，心慌、心悸，予治疗后病情有所好转，但仍未痊愈。今因住院周期长，办理出院周转。现患者神清，精神萎靡，反应迟钝，记忆力下降，头晕，头胀，两耳听力下降，肢体活动无力，行走步履不稳，视物模糊，双眼右视时重影，肩背部疼痛时作，咳喘，胸闷。伴有发作性心慌、胸闷、胸痛，双下肢皮肤瘙痒，纳谷一般，饮水不呛，夜寐少，大便一日一次，排气正常，小便频数。,神志清，形体适中，发少，色白。目窠略肿，肤色无异常，无斑疹。低声气微，口中无异味，舌质红，苔薄黄，舌体胖大，有齿痕，活动尚可，舌底脉络色紫，见迂曲，脉弦细。头颅大小形态正常，白睛不黄，红丝隐隐，咽部色泽红润，未见乳娥。项部对称，活动灵活，胸部扁平，虚里搏动应收，腹膨胀。脊柱四肢无畸形，双下肢肿胀，小便不利。排泄物： 干燥、成形。,0,0,0,0,0,0,1,0,1,0,2,内风|痰湿
476115,train,正虚瘀结证,auto,右肺腺癌术后化疗后2年余，乏力3天。,患者2018年4月体检时发现右上肺占位，遂至徐州市三院就诊，考虑肺恶性肿瘤可能性大，排除禁忌后于2018-05-15行“胸腔镜下肺癌根治术”，术后病理：“右上”肺支气管切缘未见癌，周围肺组织内未见癌。“右上”肺：低分化癌，经免疫组化支持浸润性腺癌。分装淋巴结4枚均未见癌转移（第2、4组0/3，第7组0/1）。术后行4周期PC方案化疗（具体剂量不详），末次化疗时间2018年8月，疗程顺利，无明显化疗反应。后患者于我院门诊口服中药治疗，定期复查病情稳定，末次复查时间2020-5-13。患者近3天感双下肢乏力，今至门诊查新冠肺炎核酸监测阴性。为求进一步诊治收住入院。入院时：患者轻微乏力，偶有咳嗽咳痰，痰少色白，无胸痛咳血，无恶寒发热，无恶心呕吐，胃纳尚可，睡眠可，二便正常，近期体重未见明显消瘦。,神志清晰，精神尚可，形体适中，语言清晰，口唇红润；皮肤正常，无斑疹。头颅大小形态正常，无目窼下陷，白睛无黄染，耳轮正常，无耳瘘及生疮；颈部对称，无青筋暴露，无瘿瘤瘰疬，胸部对称，虚里搏动正常，腹部平坦，无癥瘕痞块，爪甲色泽红润，双下肢无浮肿，舌淡红，苔白，脉弦细。,1,0,0,0,0,1,0,0,0,0,2,血瘀|气虚
476391,train,肝阳上亢证,auto,双侧颞部胀痛、肩颈部酸痛间作3月余,患者3月前无明显诱因出现双侧颞部胀痛、头部紧束感，间歇性发作，疼痛最长持续1-2天，伴有眼胀，肩颈部酸痛，未予重视，症状持续无缓解，为求中西医结合治疗，至我院就诊，经门诊收住入院，入院时患者神清，精神欠佳，双侧颞部胀痛，眼胀、眼干、视物模糊，肩颈部酸痛，左上肢时有麻木，无发热，无恶心呕吐，无肢体抽搐及不遂，时有心慌胸闷，活动后加重，口腔溃疡，口干口苦，纳食可，夜寐欠佳，二便尚调。舌红，苔薄黄，脉弦。,神志清晰，精神欠佳，形体适中，语言清晰，口唇发绀；皮肤正常，无斑疹。头颅大小形态正常，无目窼下陷，白睛无黄染，耳轮正常，无耳瘘及生疮；颈部对称，无青筋暴露，无瘿瘤瘰疬，胸部对称，虚里搏动正常，腹部平坦，无癥瘕痞块，爪甲色泽红润，双下肢无浮肿，舌红，苔薄黄，脉弦。,0,0,1,0,0,0,0,0,0,0,1,阴虚
475882,train,热毒蕴结证,auto,肛旁肿痛1周。,患者于入院前1周，出现因食辛辣醇厚且劳累后出现肛旁肿胀疼痛，症情反复发作渐加重，遂来本院求治。刻下：肛旁肿胀疼痛剧烈，坐卧不宁，行走不利。大便日行1次，质软，排出畅，伴便血，量中色鲜红，点滴而出，便后即止，无排便不尽及肛门坠胀感，无粘液便，小溲畅，无发热恶寒。纳食可，夜寐尚可，舌红，苔黄，脉滑数。,神志清晰，精神尚可，形体形体适中，语言清晰，口唇红润；皮肤正常，无斑疹。头颅大小形态正常，无目窼下陷，白睛无黄染，耳轮正常，无耳瘘及生疮；颈部对称，无青筋暴露，无瘿瘤瘰疬，胸部对称，虚里搏动正常，腹部平坦，无癥瘕痞块，爪甲色泽红润，双下肢无浮肿，舌红，苔黄，脉滑数。,0,0,0,0,0,0,0,0,0,1,1,实热
463546,train,气虚血瘀证,auto,反复胸闷隐痛2年余，加重伴头晕半天。,患者2年余前开始反复出现胸闷隐痛不适，持续数分钟，活动时加重，休息后可缓解，未予重视。2020-03-12因患者上述症状加重，在我科住院，查冠脉CTA：左前降支近段混合性斑块，管腔约50%狭窄，中段心肌桥管腔变窄，远段显示不清。左旋支远段钙化性斑块，管腔约30%狭窄。予抗血小板、调脂、改善心肌供血等治疗后患者好转出院。今晨患者因劳累自觉胸闷隐痛较前加重，伴头晕，四肢乏力，遂今日至我院就诊，为进一步治疗收入我科。入院时：患者时有胸闷隐痛，心悸气短，头晕，倦怠乏力，颈部及腰部酸痛，稍反酸，无咳嗽咳痰，无晕厥黑矇，无腹痛腹泻，纳欠佳，二便尚调，夜寐欠佳。,神志清晰，精神尚可，形体适中，语言清晰，口唇红润；皮肤正常，无斑疹。头颅大小形态正常，无目窼下陷，白睛无黄染，耳轮正常，无耳瘘及生疮；颈部对称，无青筋暴露，无瘿瘤瘰疬，胸部对称，虚里搏动正常，腹部平坦，无癥瘕痞块，爪甲色泽红润，双下肢无浮肿，舌质淡紫，苔薄白，脉细涩。,1,0,0,0,0,1,0,0,0,0,2,血瘀|气虚
464770,train,肝胃郁热证,auto,上腹痛间作7天。,患者7天前无明显诱因出现上腹胀痛，疼痛以剑下及右上腹为主，呈持续性隐痛，进食后腹痛稍缓解，伴有肩背部放射痛，有反酸、嗳气、腹胀及上腹部、胸骨后烧灼感，无恶心、呕吐，无发热，食欲欠佳，大便每日一次，无粘液、脓血便，患者为求进一步诊治，今来我院，由门诊收入我科。病程中患者：无头晕，无心悸胸闷，纳可，睡眠可，小便正常，近期体重无明显变化，进食后感胃脘嘈杂，舌红苔白，脉弦。,神志清晰，精神尚可，形体形体适中，语言清晰，口唇红润；皮肤正常，无斑疹。头颅大小形态正常，无目窼下陷，白睛无黄染，耳轮正常，无耳瘘及生疮；颈部对称，无青筋暴露，无瘿瘤瘰疬，胸部对称，虚里搏动正常，腹部平坦，无癥瘕痞块，爪甲色泽红润，双下肢无浮肿，舌淡红，苔白，脉弦。,0,0,0,0,1,0,0,0,0,1,2,气滞|实热
445559,train,湿热下注证,auto,肛内肿物外脱伴肿痛4月,"患者于入院前4月，出现因食辛辣醇厚且劳累后出现肛缘肿痛伴肛内肿物脱出,未予治疗，症情反复发作渐加重，遂来本院求治。刻下：肛内肿物脱出伴肿缘疼痛，坐卧不宁，行走不利。大便，2-3次/日，质软，排出畅，无便血，伴排便不尽及肛门坠胀感，无粘液便，小溲畅，无发热恶寒。纳食可，夜寐尚可，舌红，苔黄，脉滑数。",神志清晰，精神尚可，形体形体适中，语言清晰，口唇红润；皮肤正常，无斑疹。头颅大小形态正常，无目窼下陷，白睛无黄染，耳轮正常，无耳瘘及生疮；颈部对称，无青筋暴露，无瘿瘤瘰疬，胸部对称，虚里搏动正常，腹部平坦，无癥瘕痞块，爪甲色泽红润，双下肢无浮肿，舌红，苔黄，脉滑数。,0,0,0,0,0,0,0,1,0,0,1,湿热
477349,train,气滞血瘀证,auto,摔伤致右肩部疼痛肿胀活动受限3小时,患者3小时前不幸摔倒致伤右肩部，当时即感右肩疼痛、肿胀、畸形，活动障碍，急来我院就诊，经询问病史及查体后，行相关影像学检查，结果回示：右肩胛骨骨折。经询问病史、查体及阅片后，遂经门诊拟“右肩胛骨骨折”收治入院。伤后患者无昏迷，无意识不清，对受伤经过回忆清晰，无咳痰咳痰，无胸闷憋喘，无腹胀不适，二便未排。刻下患者右肩肿胀疼痛依然，肩关节活动受限。,神志清晰，精神尚可，形体适中，语言清晰，口唇红润；皮肤正常，无斑疹。头颅大小形态正常，无目窼下陷，白睛无黄染，耳轮正常，无耳瘘及生疮；颈部对称，无青筋暴露，无瘿瘤瘰疬，胸部对称，虚里搏动正常，腹部平坦，无癥瘕痞块，爪甲色泽红润，双下肢无浮肿，舌淡红，苔白，脉弦。,0,0,0,0,1,1,0,0,0,0,2,气滞|血瘀
420270,train,风痰入络证,auto,突发言语不利1日,患者1日前无明显诱因出现言语不利、语义混乱，伴有头晕、时有头痛，情绪急躁，家属未予重视，夜间言语不利、语义混乱、答非所问症状持续，今为求进一步中西医结合治疗遂来珍，门诊拟“中风”收住入院，现患者神清，精神欠佳，情绪急躁，言语不利，词句含糊，语义混乱、答非所问，诉头晕昏沉、头痛时作，前额紧痛，无饮水呛咳，行走无障碍，肢体活动可，无恶心呕吐，无肢体抽搐，无视物重影、黑朦。食纳尚可，夜寐尚可，二便自知，舌暗淡，苔白腻，脉弦。,神志清晰，精神尚可，形体适中，语言清晰，口唇红润；皮肤正常，无斑疹。头颅大小形态正常，无目窼下陷，白睛无黄染，耳轮正常，无耳瘘及生疮；颈部对称，无青筋暴露，无瘿瘤瘰疬，胸部对称，虚里搏动正常，腹部平坦，无癥瘕痞块，爪甲色泽红润，双下肢无浮肿，舌暗淡，苔白腻，脉弦。,0,0,0,0,0,0,1,0,1,0,2,内风|痰湿
454825,train,湿热下注证,auto,肛旁肿痛伴脓液外溢3天余。,患者3天前无明显诱因下出现肛缘肿痛，继则脓液外溢，口服抗炎药物治疗，效欠佳，遂来本院求治。刻下：肛旁肿痛伴脓液外溢，坐卧不宁，行走不利，大便无便血，无粘液便，无里急后重及排便不尽感，低热，小溲畅，纳食可，夜寐安和。,神志清晰，精神尚可，形体适中，语言清晰，口唇红润；皮肤正常，无斑疹。头颅大小形态正常，无目窼下陷，白睛无黄染，耳轮正常，无耳瘘及生疮；颈部对称，无青筋暴露，无瘿瘤瘰疬，胸部对称，虚里搏动正常，腹部平坦，无癥瘕痞块，爪甲色泽红润，双下肢无浮肿，舌淡红，苔白，脉弦。,0,0,0,0,0,0,0,1,0,0,1,湿热
460013,train,正虚瘀结证,auto,卵巢恶性肿瘤术后2月，行第3周期化疗,"患者因卵巢恶性肿瘤于两月前在我院行经腹全子宫+双附件切除+盆腔肿物减灭+盆腔粘连分离+大网膜切除术，术中予洛铂40mg喷洒盆腔，术后病理回示：左侧卵巢腺癌，考虑为高级别浆液性癌；免疫组化检测：ER+，PR+，CK7灶+；CA125灶+，WT-1+,Pax-8+,Vim-，CD15灶+，P53+++，Ki67 50%+，结合HE，左侧卵巢符合高级别浆液性癌。术后经化疗治疗两个周期后病情好转出院。现患者为求第三周期化疗由门诊收治入院，入院时：患者一般情况可，无异常阴道出血，偶有腹痛，偶有双下肢酸痛，无腰酸，无恶寒发热，无头晕胸闷等不适，纳寐可，二便调畅，舌淡，苔白，脉细弱。",神志清晰，精神尚可，形体适中，语言清晰，口唇红润；皮肤正常，无斑疹。头颅大小形态正常，无目窼下陷，白睛无黄染，耳轮正常，无耳瘘及生疮；颈部对称，无青筋暴露，无瘿瘤瘰疬，胸部对称，虚里搏动正常，腹部平坦，无癥瘕痞块，爪甲色泽红润，双下肢无浮肿，舌淡，苔白，脉细弱。,1,0,0,0,0,1,0,0,0,0,2,血瘀|气虚
422226,train,气滞血瘀证,auto,主因“右下肢疼痛伴间歇性跛行2月余加重半月余”入院。,患者2月前无明显诱因出现右下肢疼痛，疼痛沿臀部放射至大腿后侧，行走时右下肢沉重无力，步行约30米即感下肢沉重，休息后缓解可继续行走，未予特殊治疗。近半月来患者上述症状逐渐加重，现为行进一步治疗，来我院门诊就诊，门诊拟“腰椎椎管狭窄症”收住入院。刻下患者神清，精神可，纳眠可，二便如常。,神志清晰，精神尚可，形体适中，语言清晰，口唇红润；皮肤正常，无斑疹。头颅大小形态正常，无目窼下陷，白睛无黄染，耳轮正常，无耳瘘及生疮；颈部对称，无青筋暴露，无瘿瘤瘰疬，胸部对称，虚里搏动正常，腹部平坦，无癥瘕痞块，爪甲色泽红润，双下肢无浮肿，舌淡红，苔白，脉弦。,0,0,0,0,1,1,0,0,0,0,2,气滞|血瘀
422005,test,气阴两虚证,auto,口渴多饮间作4年，加重半个月。,患者2015年因腰椎间盘突出症住院时查血糖升高，诊断为糖尿病，自行口服格列吡嗪片 2.5mg 1/日，血糖控制尚可，半个月前血糖较前升高，自行加大格列吡嗪用量，血糖仍控制不佳，空腹血糖11mmol/L，饭后血糖16mmol/L，口渴多饮，2天前出现阵发性胸闷心慌，休息无缓解，未做特殊处理。今来我院门诊，为求进一步诊治收入我区。目前：患者神清，精神尚可，口干多饮，阵发性胸闷心慌，视物模糊，腰痛，无头晕、头痛，无四肢麻木，纳可，尿不尽，大便正常，夜寐一般。,望：神志清晰，精神尚可，形体适中，口唇红润；皮肤正常，无斑疹。头颅大小形态正常，无目窼下陷，白睛无黄染，耳轮正常，无耳瘘及生疮；颈部对称，无青筋暴露，无瘿瘤瘰疬，胸部对称，无癥瘕痞块，爪甲色泽红润，舌暗，苔白腻。问：口干多饮，阵发性胸闷心慌，视物模糊，腰痛，纳可，尿不尽，大便正常，夜寐一般。切：脉细。,1,0,1,0,0,0,0,0,0,0,2,阴虚|气虚
434316,train,中气下陷证,auto,肛内肿物外脱6个月。,"患者6月来反复出现肛内肿物外脱,未予治疗，大便一日一行，质软，排出畅，无便血，伴排便不尽及肛门坠胀感，无粘液便，小溲畅，无发热恶寒。纳食可，夜寐尚可。舌淡红，苔白，脉数。",神志清晰，精神尚可，形体适中，语言清晰，口唇红润；皮肤正常，无斑疹。头颅大小形态正常，无目窼下陷，白睛无黄染，耳轮正常，无耳瘘及生疮；颈部对称，无青筋暴露，无瘿瘤瘰疬，胸部对称，虚里搏动正常，腹部平坦，无癥瘕痞块，爪甲色泽红润，双下肢无浮肿，舌淡红，苔白，脉数。,1,0,0,0,0,0,0,0,0,0,1,气虚
487476,train,血虚风燥证,auto,全身皮肤反复起红斑鳞屑8年,"患者有银屑病病史8年，皮疹时起时消，反复发作。患者8年来一直间断在我科门诊诊治,曾先后内服复方氨肽素片、雷公藤多苷片、复方甘草酸苷片、阿维A胶囊及外涂复方丙酸氯倍他索软膏治疗，皮疹可消退，但不久又起，如此反复。近2-3月来患者全身皮疹逐渐增多，并感瘙痒明显，遂来我科住院治疗。入院时患者精神及纳食尚可,夜寐欠安,二便自调。",神志清晰，精神尚可，形体适中，语言清晰，口唇红润；皮肤同前，有斑疹。头颅大小形态正常，无目窼下陷，白睛无黄染，耳轮正常，无耳瘘及生疮；颈部对称，无青筋暴露，无瘿瘤瘰疬，胸部对称，虚里搏动正常，腹部平坦，无癥瘕痞块，爪甲色泽红润，双下肢无浮肿，舌质暗红，少苔，脉沉细。,0,1,0,0,0,0,0,0,1,0,2,血虚|内风
464608,train,气虚血瘀证,auto,左侧肢体无力2天。,患者2天前无明显诱因出现左侧肢体无力，行走不稳，恶心时作，无呕吐，予当地诊所静脉用药，具体用药不详，症状未见明显改善。现患者为求进一步明确诊疗遂由门诊收住入院，入院时：患者神清，精神尚可，左侧肢体无力、麻木，行走不稳，不能自行行走，头晕、头昏时作，恶心时作，无呕吐，胸闷、心慌时作，无胸痛、放射痛，无头痛，无咳嗽咯痰，无腹痛腹胀，纳少，夜寐尚可，便秘，小便尚调。,神志清晰，精神尚可，形体适中，语言清晰，口唇红润；皮肤正常，无斑疹。头颅大小形态正常，无目窼下陷，白睛无黄染，耳轮正常，无耳瘘及生疮；颈部对称，无青筋暴露，无瘿瘤瘰疬，胸部对称，虚里搏动正常，腹部平坦，无癥瘕痞块，爪甲色泽苍白，双下肢无浮肿，舌淡红，苔白，脉细。,1,0,0,0,0,1,0,0,0,0,2,血瘀|气虚
439956,test,肝胃郁热证,auto,口干多饮多尿间作3年余加重7天,"患者3年前因出现口干多饮多尿于北京住院治疗,诊断为2型糖尿病。目前降糖方案为“二甲双胍缓释片 1片 po tid”“阿卡波糖 1片 po tid 随餐嚼服”“格列美脲 1片 qd 早餐前”血糖波动于空腹血糖7-8 mmol/l，餐后2h血糖 8-9mmol/l。近7天自觉口干多饮多尿间加重，为求进一步系统治疗，就诊于我院门诊，由门诊收入住院。病程中患者诉视物模糊，小便有泡沫，无四肢麻木疼痛，无心慌胸闷，大小便调，夜寐安，为求进一步诊治入住我科。",神志清晰，精神尚可，形体适中，语言清晰，口唇红润；皮肤正常，无斑疹。头颅大小形态正常，无目窼下陷，白睛无黄染，耳轮正常，无耳瘘及生疮；颈部对称，无青筋暴露，无瘿瘤瘰疬，胸部对称，虚里搏动正常，腹部平坦，无癥瘕痞块，爪甲色泽红润，双下肢无浮肿，舌质红，苔黄腻，脉弦数。,0,0,0,0,1,0,0,0,0,1,2,气滞|实热
449001,train,脾肾两虚证,manual_disambiguated,认知功能下降2年余，加重半月,患者2年前无明显诱因出现磨牙及言语不清及右下肢无力，家人急送徐州市中心医院就诊，头颅CT示：两侧额顶叶、基底节区多发缺血梗塞灶，住院治疗（具体不详），遗留认知障碍、右侧肢体无力、语言不能，半月前症状较前加重，今为求进一步中西医结合康复治疗遂来诊，由门诊收住入院，入院时患者神志清晰，精神差，反应迟钝，右侧肢体活动障碍，言语不能，纳寐可，二便调。舌淡紫，苔薄白，脉弦细。,神志清晰，精神尚可，形体适中，语言含糊，口唇暗红；皮肤色素沉着，无斑疹。头颅大小形态正常，无目窼下陷，白睛无黄染，耳轮正常，无耳瘘及生疮；颈部对称，无青筋暴露，无瘿瘤瘰疬，胸部对称，虚里搏动正常，腹部平坦，无癥瘕痞块，爪甲色泽暗红，双下肢无浮肿，舌淡紫，苔薄白，脉弦细。,0,0,1,0,0,1,0,0,0,0,2,阴虚|血瘀
474141,train,湿热下注证,auto,肛缘肿物脱出伴肿痛3天,"患者3天前无明显诱因下出现肛周肿物脱出，肿痛难忍，外院抗炎治疗,效欠佳。刻下：肛周肿物脱出，肿痛难忍，大便2日1行,无便血，行走不利，坐卧不宁，伴肛门坠胀不适。小便畅,无发热咳嗽,无腹胀腹痛.",神志清晰，精神尚可，形体适中，语言清晰，口唇红润；皮肤正常，无斑疹。头颅大小形态正常，无目窼下陷，白睛无黄染，耳轮正常，无耳瘘及生疮；颈部对称，无青筋暴露，无瘿瘤瘰疬，胸部对称，虚里搏动正常，腹部平坦，无癥瘕痞块，爪甲色泽红润，双下肢无浮肿，舌淡红，苔白，脉数。,0,0,0,0,0,0,0,1,0,0,1,湿热
475998,train,湿热下注证,auto,肛内肿物外脱伴肿痛10天。,"患者10天前无明显诱因下出现肛内肿物外脱，难以回纳，伴便血，血色鲜红，点滴而下，行走不利，坐卧不宁，自用痔疮膏治疗,效欠佳，症状反复发作，为进一步治疗，遂今日就诊于我院。刻下：肛周肿物外脱，肿痛不适，难以回纳，偶伴便血，血色鲜红，点滴而下，行走不利，坐卧不宁，无肛门坠胀不适，无粘液便，无里急后重感，小溲畅，大便顺排，纳食可，夜寐安和。",神志清晰，精神尚可，形体适中，语言清晰，口唇红润；皮肤正常，无斑疹。头颅大小形态正常，无目窼下陷，白睛无黄染，耳轮正常，无耳瘘及生疮；颈部对称，无青筋暴露，无瘿瘤瘰疬，胸部对称，虚里搏动正常，腹部平坦，无癥瘕痞块，爪甲色泽红润，双下肢无浮肿，舌淡红，苔白，脉弦。,0,0,0,0,0,0,0,1,0,0,1,湿热
431367,train,气滞血瘀证,auto,绝经26年，检查发现盆腔包块1月余。,患者平素月经规律，已绝经26年，绝经后无阴道出血、阴道异常排液、明显消瘦，未使用激素替代治疗。G3P3。患者1月前因乙型病毒性肝炎于我院消化科住院治疗时，查腹部CT：盆腔左侧（髋臼上缘水平）见一囊性密度影、截面长径约3.9cm、边缘带蒂样表现，妇科彩超：盆腔探及45*36mm无回声，建议手术治疗。今日患者为求进一步治疗，就诊予我院，由门诊收入院，刻下：患者神清，精神可，偶腹痛，无腹胀，无腰酸，无阴道出血，无寒热往来，无头晕头痛，无肛门下坠感，纳可，寐安，二便调畅。,神志清晰，精神尚可，形体适中，语言清晰，口唇红润；皮肤正常，无斑疹。头颅大小形态正常，无目窼下陷，白睛无黄染，耳轮正常，无耳瘘及生疮；颈部对称，无青筋暴露，无瘿瘤瘰疬，胸部对称，虚里搏动正常，腹部平坦，无癥瘕痞块，爪甲色泽红润，双下肢无浮肿，舌黯，苔薄白，脉弦涩。,0,0,0,0,1,1,0,0,0,0,2,气滞|血瘀
452736,train,气虚血瘀证,auto,反复头晕、头昏伴乏力5天,患者5天前无明显诱因出现头晕、头昏频作，时有黑朦，无晕厥，双下肢乏力，行走不稳，无恶心呕吐，胸闷心慌阵作，胸痛偶作，无放射痛，无憋喘，无夜间憋醒，可平躺，即来我院门诊就诊，为进一步检查治疗收住入院。病程中患者腹胀不显，无恶寒发热，无四肢抽搐，无气喘，纳食可，夜寐一般，二便尚调。舌淡紫，苔白，脉细。,神志清晰，精神欠佳，形体偏胖，语言清晰，口唇发绀；皮肤正常，无斑疹。头颅大小形态正常，无目窼下陷，无白睛黄染，耳轮正常，无耳瘘及生疮；颈部对称，无青筋暴露，无瘿瘤瘰疬，胸部对称，虚里搏动正常，腹部膨隆，无癥瘕痞块，爪甲色泽红润，双下肢无浮肿，舌质淡红，苔少，脉弦。,1,0,0,0,0,1,0,0,0,0,2,血瘀|气虚
443807,train,肝胃郁热证,auto,腹痛、纳差间作两月，再发加重两天,患者两月前无明显诱因出现腹痛，无肩背部放射痛，排气或排便后腹痛好转，伴反酸、嗳气及胸骨后烧灼感，腹胀偶作，无恶心呕吐，无发热，食欲欠佳，饥不欲食，无吞咽困难，无咳嗽咳痰，夜寐欠安，小便尚调，大便干结，1-2日一行，无粘液脓血，予药物（具体用药不详）口服后症状稍缓解。两月间患者腹痛、食纳欠佳症状间作，两天前因饮食不节出现呕吐，呕吐物为胃内容物，无呕血，伴午后低热（未测体温），现为求进一步诊治，今来我院，由门诊收入我科。入院时患者：腹痛，无肩背部放射痛，反酸、嗳气、腹胀偶作，无胸骨后烧灼感，无恶心呕吐，无发热，无头晕，无咳嗽咳痰，心悸偶作，无胸闷，食纳欠佳，夜寐尚安，小便调，近2月体重下降8斤，进食后感胃脘嘈杂，舌红苔黄，脉弦。,神志清晰，精神尚可，形体形体适中，语言清晰，口唇红润；皮肤正常，无斑疹。头颅大小形态正常，无目窼下陷，白睛无黄染，耳轮正常，无耳瘘及生疮；颈部对称，无青筋暴露，无瘿瘤瘰疬，胸部对称，虚里搏动正常，腹部平坦，无癥瘕痞块，爪甲色泽红润，双下肢无浮肿，舌红，苔黄，脉弦。,0,0,0,0,1,0,0,0,0,1,2,气滞|实热
440134,test,气滞血瘀证,auto,右膝关节疼痛伴活动受限5年加重半年,患者5年前无明显诱因出现右膝关节疼痛，程度中等，劳累后疼痛加重，休息后减轻，自行药物治疗，自述效果一般，反复发作，发作程度较重时伴活动受限。近半年来患者右膝关节疼痛再次加重，伴伸曲活动受限，行走后疼痛加重，为求进一步治疗，来我院门诊就诊，门诊经检查，拟以“膝关节滑膜炎”收住我科。刻下患者神清，精神可。右膝部疼痛不适伴行走受限，无四肢疼痛麻木，一般情况可。,神志清晰，精神尚可，形体适中，语言清晰，口唇红润；皮肤正常，无斑疹。头颅大小形态正常，无目窼下陷，白睛无黄染，耳轮正常，无耳瘘及生疮；颈部对称，无青筋暴露，无瘿瘤瘰疬，胸部对称，虚里搏动正常，腹部平坦，无癥瘕痞块，爪甲色泽红润，双下肢无浮肿，舌淡红，苔白，脉弦。,0,0,0,0,1,1,0,0,0,0,2,气滞|血瘀
448910,train,气阴两虚证,auto,发现血糖升高40余年，双眼视物模糊加重1周,患者40余年前体检时发现血糖升高，复查后诊断为2型糖尿病。目前降糖方案：“门冬胰岛素早8u中8u晚8u餐前皮下注射、长秀霖18u 每晚皮下注射、二甲双胍0.5g bid”，自测空腹血糖波动在7-9mmol/L，餐后血糖10mmol/L。1周前患者视物模糊较前加重，头部皮肤有多处痤疮、瘙痒，偶感心慌胸闷，活动后加重，腰痛时作，偶有四肢麻木感，遂来本院，小便中偶有泡沫，夜寐可，纳可，二便调。,神志清晰，精神尚可，形体偏胖，语言清晰，口唇红润；皮肤正常，无斑疹。头颅大小形态正常，无目窼下陷，白睛无黄染，耳轮正常，无耳瘘及生疮；颈部对称，无青筋暴露，无瘿瘤瘰疬，胸部对称，虚里搏动正常，腹部平坦，无癥瘕痞块，爪甲色泽红润，双下肢无浮肿，舌暗红，苔白微腻，脉沉。,1,0,1,0,0,0,0,0,0,0,2,阴虚|气虚
479497,train,风痰阻络证,auto,右侧肢体无力3月，伴腰痛加重2周。,患者于3月前无明显诱因出现右侧肢体无力，于外院诊断为“脑梗死”，经治疗后病情好转，遗留右侧肢体无力，2周前出现腰痛不适，无下肢放射性疼痛及麻木感，今为求中西医结合系统治疗，经门诊收住我科。入院时症状：神志清，精神欠佳，言语清晰，右侧肢体无力，行走欠稳，左膝关节疼痛不适，无下肢放射性疼痛及麻木感，无头晕头痛，无饮水呛咳，无心慌胸闷，无恶心呕吐，无恶寒发热，无咳嗽咳痰，饮食尚可，二便可，夜寐尚可。舌质暗红，苔黄腻，脉弦。,神志清晰，精神尚可，形体适中，语言清晰，口唇红润；皮肤正常，无斑疹。头颅大小形态正常，无目窼下陷，白睛无黄染，耳轮正常，无耳瘘及生疮；颈部对称，无青筋暴露，无瘿瘤瘰疬，胸部对称，虚里搏动正常，腹部平坦，无癥瘕痞块，爪甲色泽红润，双下肢无浮肿，舌质暗红，苔黄腻，脉弦。,0,0,0,0,0,0,1,0,1,0,2,内风|痰湿
447566,val,气虚血瘀证,auto,反复胸闷隐痛4年余，加重半月。,患者4年余前无明显诱因反复出现胸闷隐痛，持续数分钟，活动时加重，自服速效救心丸后可缓解，未予重视，服用拜阿司匹林、瑞舒伐他汀钙及酒石酸美托洛尔等药物治疗，上述症状时有反复。半月前患者因劳累及情绪不畅自觉胸闷隐痛较前加重，心慌乏力，伴后背沉重感，服用上述药物无明显缓解，遂今日至我院就诊，为进一步治疗收入我科。入院时：患者心胸疼痛，痛有定处，时作时休，甚则心痛彻背，背痛彻心。心悸气短，动则益甚，倦怠乏力，声息低微，面色晄白，易汗出，纳可，二便尚调，夜寐尚可。,神志清晰，精神尚可，形体适中，语言清晰，口唇红润；皮肤正常，无斑疹。头颅大小形态正常，无目窼下陷，白睛无黄染，耳轮正常，无耳瘘及生疮；颈部对称，无青筋暴露，无瘿瘤瘰疬，胸部对称，虚里搏动正常，腹部平坦，无癥瘕痞块，爪甲色泽红润，双下肢无浮肿，舌质淡紫，可见舌体胖且边有齿痕，苔薄白，脉虚细涩。,1,0,0,0,0,1,0,0,0,0,2,血瘀|气虚
444989,val,热毒蕴结证,auto,肛旁肿痛6天。,"患者于入院前6天，出现因食辛辣醇厚且劳累后出现肛旁肿胀疼痛，症情反复发作渐加重，遂来本院求治。刻下：肛旁肿胀疼痛剧烈，坐卧不宁，行走不利。大便，日行1-2次，质软，排出畅，偶伴便血，量少,色鲜红,无排便不尽及肛门坠胀感，无粘液便，小溲畅，无发热恶寒。纳食可，夜寐尚可，舌红，苔黄，脉滑数。",神志清晰，精神尚可，形体形体适中，语言清晰，口唇红润；皮肤正常，无斑疹。头颅大小形态正常，无目窼下陷，白睛无黄染，耳轮正常，无耳瘘及生疮；颈部对称，无青筋暴露，无瘿瘤瘰疬，胸部对称，虚里搏动正常，腹部平坦，无癥瘕痞块，爪甲色泽红润，双下肢无浮肿，舌红，苔黄，脉滑数。,0,0,0,0,0,0,0,0,0,1,1,实热
471347,train,气滞血瘀证,auto,"右上肢麻木1月,加重2天","患者1月前受凉后突发右上肢麻木,颈项部酸重不适,未予重视,症状持续加重未见缓解;近2日来症状持续加重,遂至我院门诊就诊,门诊拟“颈椎间盘突出”收治入院。刻下：患者神清，精神尚可，右上肢麻木，活动无明显受限，右侧肩胛骨麻木不适，受寒劳累后加重，无头晕，无胸闷、心慌，无咳嗽、咳痰，无恶寒、发热。饮食尚可，二便调，夜寐佳。舌暗，苔白，脉弦。",神志清晰，精神尚可，形体适中，语言清晰，口唇红润；皮肤正常，无斑疹。头颅大小形态正常，无目窼下陷，白睛无黄染，耳轮正常，无耳瘘及生疮；颈部对称，无青筋暴露，无瘿瘤瘰疬，胸部对称，虚里搏动正常，腹部平坦，无癥瘕痞块，爪甲色泽红润，双下肢无浮肿，舌暗，苔白，脉弦。,0,0,0,0,1,1,0,0,0,0,2,气滞|血瘀
436695,test,湿热蕴结证,auto,身黄目黄半年,"患者半年前无明显诱因出现身黄、目黄，伴小便黄，伴皮肤瘙痒，查肝功能明显升高，上腹部增强CT示1.肝硬化，脾大，腹水2.肝脏多发小囊肿，肝左内叶一过性强化灶，予保肝对症治疗后，复查肝功能 ALT 19.0，AST 45.1，ALP 214.0，GGT 188.0，遂于我科住院治疗，予保肝降酶、抑酸护胃、营养支持、扶正固脱等对症治疗，病情好转出院，出院前复查肝功能(病房),肾功能(病房),电解质(新),葡萄糖测定 白球比 0.92↓,腺苷脱氨酶 33.20U/L↑,白蛋白 34.5g/L↓,碱性磷酸酶 241.0U/L↑,谷草转氨酶 53.4U/L↑,甘胆酸 22.3100g/L↑,肌酐 42.70umol/L↓,直接胆红素 12.0umol/L↑,谷氨酰基转移酶 116.0U/L↑,球蛋白 37.5g/L↑,葡萄糖 11.97mmol/L↑,间接胆红素 18.50umol/L↑,乳酸脱氢酶 271.0U/L↑,前白蛋白 103.8mg/L↓,AST/ALT 2.09↑,总胆红素 30.5umol/L↑。（详见出院记录 422417）今患者为求复查病情来我院就诊，门诊遂以肝硬化失代偿期收入我科进一步诊治。发病来，患者身黄、目黄，伴小便黄，伴皮肤瘙痒，无头晕，无发热，无咳嗽，咳痰，无胸闷、胸痛、咯血，无嗳气、反酸、无腹痛、腹胀，无呕血、便血，饮食、睡眠尚可，二便正常，近期无明显消瘦。",神志清晰，精神尚可，形体形体适中，语言清晰，口唇红润；皮肤正常，无斑疹。头颅大小形态正常，无目窼下陷，无白睛，耳轮正常，无耳瘘及生疮；颈部对称，无青筋暴露，无瘿瘤瘰疬，胸部对称，虚里搏动正常，腹部平坦，无癥瘕痞块，爪甲色泽红润，双下肢无浮肿，舌淡红，苔薄黄，脉弦。,0,0,0,0,0,0,0,1,0,0,1,湿热
469050,train,瘀滞胞宫证,auto,未避孕未孕5年。,患者平素月经26-28天一行，5-6天净，量中等偏少，色红，有血块，经前腹胀痛，无需服用止痛药止痛。G0P0，患者结婚8年，2015年始规律性生活未避孕至今未孕。患者有生育要求，间断就诊，未系统治疗。2017年05月22日就诊于徐州市妇幼保健院查HSG：子宫腔显影，呈倒置三角形，大小未见明确异常，右侧宫角见充盈缺损，左侧输卵管显影，管腔未见增粗，走形迂曲，右侧输卵管未见显影，盆腔内见造影剂游离，提示：1.子宫大小、形态未见异常2.左侧输卵管通、右侧输卵管未见显影，考虑宫角部梗阻。LMP：2020-06-10，现月经干净第3天，末次月经后否认性生活，患者为行进一步治疗，由门诊完善检查排除新冠肺炎后以“输卵管梗阻”收入院，入院时：患者神清，精神可，偶下腹疼痛，无腰酸，无阴道出血，纳可，寐安，二便调。舌紫暗，边有瘀斑，苔薄白，脉弦细。,神志清晰，精神尚可，形体适中，语言清晰，口唇红润；皮肤正常，无斑疹。头颅大小形态正常，无目窼下陷，白睛无黄染，耳轮正常，无耳瘘及生疮；颈部对称，无青筋暴露，无瘿瘤瘰疬，胸部对称，虚里搏动正常，腹部平坦，无癥瘕痞块，爪甲色泽红润，双下肢无浮肿，舌紫暗，边有瘀斑，苔薄白，脉弦细。,0,0,0,0,0,1,0,0,0,0,1,血瘀
470935,train,气滞血瘀证,auto,跌倒致左髋部疼痛伴活动受限3天余,患者3天前不在家行走时不慎跌倒致左髋部、胸部及腰部疼痛，程度较剧，伴左髋及腰部活动受限，同时患者呼吸时胸部疼痛加重，无头晕头痛，无发热咳嗽，无逆行性遗忘，患者在家卧床休息治疗，不见疼痛缓解，遂就诊于当地医院拍摄骨盆平片示：左股骨颈骨折（2020-7-10外院），急诊至本院就诊，行骨盆CT回示：右股骨颈骨折（头下型），现患者未求进一步治疗来我院急诊就诊，急诊拟左股骨颈骨折收住入院。刻下患者左髋部轻度肿胀，疼痛，活动受限，左下肢无明显外旋短缩畸形，无头晕头痛，无发热咳嗽，无逆行性遗忘，无恶心呕吐，饮食未进，二便未解。,神志清晰，精神尚可，形体适中，语言清晰，口唇红润；皮肤正常，无斑疹。头颅大小形态正常，无目窼下陷，白睛无黄染，耳轮正常，无耳瘘及生疮；颈部对称，无青筋暴露，无瘿瘤瘰疬，胸部对称，虚里搏动正常，腹部平坦，无癥瘕痞块，爪甲色泽红润，双下肢无浮肿，舌淡红，苔白，脉弦。,0,0,0,0,1,1,0,0,0,0,2,气滞|血瘀
445203,val,气滞血瘀证,auto,绝经后阴道不规则出血2月余,患者绝经20余年，绝经前月经尚正常，绝经后无异常出血及阴道流液史，无阴道异味。2月前患者小便擦拭时见纸巾带血1次，未予以重视及检查，半月前如厕时擦拭纸巾带血复现，伴有外阴灼热疼痛，现为进一步检查于09-02就诊我院，予以查彩超示宫腔不均质稍高回声区（子宫中后位，体积减小，形态正常，表面光滑，肌层回声不均匀，可见散在强光斑，宫腔内见不均质稍高回声区：23*10mm边界清，形态尚规则，血流信号不明显，宫腔下段分离约4mm，右附件区未见明显包块声像，左侧附件区可见大小约8*7mm无回声，界清，形态规则，未见明显血流信号，子宫直肠窝见少量液性暗区，提示：宫腔不均质稍高回声区，请结合临床，建议进一步检查，宫腔积液，左侧附件区小囊性结构，绝经后子宫声像），由门诊拟“绝经后出血（宫腔占位、性质待查）”收入院。刻下：一般情况尚可，无腹痛腰酸，无异常出血，无带下，无寒热往来，大便尚可，小便次数多，尿量尚可，舌紫黯，苔薄，脉沉涩。,神志清晰，精神尚可，形体偏胖，语言清晰，口唇红润；皮肤正常，无斑疹。头颅大小形态正常，无目窼下陷，白睛无黄染，耳轮正常，无耳瘘及生疮；颈部对称，无青筋暴露，无瘿瘤瘰疬，胸部对称，虚里搏动正常，腹部膨隆，无癥瘕痞块，爪甲色泽红润，双下肢无浮肿，舌紫黯，苔薄，脉沉涩，,0,0,0,0,1,1,0,0,0,0,2,气滞|血瘀
430870,train,气虚血瘀证,auto,头晕伴言语不利1天。,1天前患者无明显诱因开始出现头晕不适，伴言语不利，头痛偶作，行走不稳，无视物旋转，无恶心呕吐，无黑曚晕厥，休息后症状改善不理想，且上述症状逐渐加重，遂今日至我院就诊，予测血压160/130mmhg，为进一步治疗由门诊收入我科。入院时：患者头晕不适，言语不利，行走不稳，偶有头痛，四肢麻木，稍感胸闷心慌，乏力，全身酸痛不适，无视物旋转，无视物模糊，无咳嗽咳痰，无恶心呕吐，纳可，夜寐欠安，小便可，大便偏干。,神志清晰，精神萎，形体适中，语言清晰，口唇发绀；皮肤正常，无斑疹。头颅大小形态正常，无目窼下陷，白睛无黄染，耳轮正常，无耳瘘及生疮；颈部对称，无青筋暴露，无瘿瘤瘰疬，胸部对称，虚里搏动异常，腹部平坦，无癥瘕痞块，爪甲色泽红润，双下肢无浮肿。舌淡紫，苔薄白，脉涩。,1,0,0,0,0,1,0,0,0,0,2,血瘀|气虚
467942,train,湿热下注证,auto,肛内肿物外脱伴肿痛3天。,"患者于入院前3天，出现因食辛辣醇厚且劳累后出现肛缘肿痛伴肛内肿物脱出,未予治疗，症情渐加重，遂来本院求治。刻下：肛内肿物脱出伴肿缘疼痛，坐卧不宁，行走不利。大便，日行1次，质软，排出不畅，伴便血，量少，色鲜，无排便不尽及肛门坠胀感，无粘液便，小溲畅，无发热恶寒。纳食可，夜寐尚可，舌红，苔黄，脉滑数。",神志清晰，精神尚可，形体形体适中，语言清晰，口唇红润；皮肤正常，无斑疹。头颅大小形态正常，无目窼下陷，白睛无黄染，耳轮正常，无耳瘘及生疮；颈部对称，无青筋暴露，无瘿瘤瘰疬，胸部对称，虚里搏动正常，腹部平坦，无癥瘕痞块，爪甲色泽红润，双下肢无浮肿，舌红，苔黄，脉滑数。,0,0,0,0,0,0,0,1,0,0,1,湿热
484063,train,肝胃不和证,auto,两胁作胀伴大便难解间作4年。,患者4年前无明显诱因出现两胁作胀，排便及食用粗糙食物后加重，伴大便难解，2-3日1次，甚则需要开塞露辅助排便，大便不成形，色深，无恶心呕吐，口苦，少气懒言，嗳气明显，无反酸及上腹部、胸骨后烧灼感。外院查电子肠镜示结肠粘膜黑斑症。患者为寻求中西医结合治疗，遂至我院，由门诊收住入院。入院时，患者两胁作胀，排便及食用粗糙食物后加重，伴大便难解，2-3日1次，甚则需要开塞露辅助排便，大便不成形，色深，无恶心呕吐，口苦，少气懒言，嗳气明显，无反酸及上腹部、胸骨后烧灼感，患者平素情志不畅，食纳尚可，夜寐欠安，小便正常，近期无明显体重变化。,神志清晰，精神尚可，形体形体适中，语言清晰，口唇红润；皮肤正常，无斑疹。头颅大小形态正常，无目窼下陷，无白睛，耳轮正常，无耳瘘级生疮；颈部对称，无青筋暴露，无瘿瘤瘰疬，胸部对称，虚里搏动正常，腹部平坦，无癥瘕痞块，爪甲色泽红润，双下肢对称，舌淡红，苔白，脉细。,0,0,0,0,1,0,0,0,0,0,1,气滞
439359,train,肝胃郁热证,auto,口渴多饮2月,患者素嗜肥甘，2月前因口渴多饮，查空腹血糖10mmol/L，诊为2型糖尿病，予来得时联合拜唐苹治疗，但饮食未加控制，血糖控制不理想，经调整饮食无改善。现为中西医结合控制血糖紊乱及检查并发症，入住我区。现症：口干口苦，多饮，食欲亢进，心烦易怒，小便色黄赤，大便干结，视物模糊。自发病以来神清，精神可，胃纳、睡眠可，二便调，无发热，近期无明显消瘦及肥胖。,神志清晰，精神尚可，形体适中，语言清晰，口唇红润；皮肤正常，无斑疹。头颅大小形态正常，无目窼下陷，无白睛，耳轮正常，无耳瘘及生疮；颈部对称，无青筋暴露，无瘿瘤瘰疬，胸部对称，虚里搏动正常，腹部平坦，无癥瘕痞块，爪甲色泽红润，双下肢无浮肿，舌红，苔黄腻，脉弦数。,0,0,0,0,1,0,0,0,0,1,2,气滞|实热
484587,train,气虚血瘀证,auto,反复胸闷憋喘1年，加重3小时,患者1年前无明显诱因反复出现胸闷憋喘，持续数分钟，常于夜间出现，改变体位后症状可减轻，无明显胸痛及放射痛，患者未予重视，未到医院就诊。3小时前患者饮酒后，突发胸闷憋喘加重，伴有乏力、汗出，头晕、头痛，无恶心呕吐，至我院急诊科就诊，查心电图：窦性心律，部分导联ST-T段改变。考虑急性冠脉综合征，为进一步治疗收入我科。入院时：患者持续胸闷憋喘。心悸气短，动则益甚，倦怠乏力，声息低微，易汗出，纳可，二便尚调，夜寐尚可。,神志嗜睡，精神差，形体适中，语言清晰，口唇红润；皮肤正常，无斑疹。头颅大小形态正常，无目窼下陷，白睛无黄染，耳轮正常，无耳瘘及生疮；颈部对称，无青筋暴露，无瘿瘤瘰疬，胸部对称，虚里搏动正常，腹部平坦，无癥瘕痞块，爪甲色泽红润，双下肢无浮肿，舌质淡紫，苔薄白，脉虚细涩。,1,0,0,0,0,1,0,0,0,0,2,血瘀|气虚
472683,train,肝胃郁热证,auto,发现血糖升高9年，加重3月,"患者9年前体检时发现血糖升高，多次复诊后诊断为2型糖尿病，患者未予重视，始间断口服降糖药物“二甲双胍 1片 po tid”，血糖控制一般。半年前加服“达格列净片 1片 po qd”,空腹血糖波动于9-12mmol/L。3月前患者自测空腹血糖达到 12mmol/l，为求进一步明确诊疗，就诊于我院门诊，由门诊收入住院。病程中患者口干多饮多尿，双眼视物模糊，头晕，无头痛，偶感心慌，无胸闷胸痛，无四肢麻木，纳食可，夜寐安，小便频、夜尿3-4次，有泡沫，大便尚调。近期体重无明显变化。",神志清晰，精神尚可，形体偏胖，语言清晰，口唇红润；皮肤正常，无斑疹。头颅大小形态正常，无目窼下陷，白睛无黄染，耳轮正常，无耳瘘及生疮；颈部对称，无青筋暴露，无瘿瘤瘰疬，胸部对称，虚里搏动正常，腹部平坦，无癥瘕痞块，爪甲色泽红润，双下肢无浮肿，舌质红，苔黄腻，脉弦滑。,0,0,0,0,1,0,0,0,0,1,2,气滞|实热
475297,train,正虚瘀结证,auto,原发性肝癌术后近3年，复发介入术后2月余，乏力加重1月。,2017-03-09患者因“腹胀不适伴纳差”至矿务局总医院查上腹部增强CT提示肝右叶强化结节（血管瘤？），未予系统治疗。患者渐消瘦，腹胀加重，2017-06-05至我院查上腹部CT提示：1、肝右前叶占位，考虑：新生物，较前新发。2、肝硬化、脾大，大致同前。3、胃腔内多发致密影，胃窦、十二指肠及部分小肠壁略厚。行上腹部增强CT：1、肝右前叶新生物，符合Hcc强化表现。2、肝硬化、脾大。3、胃腔内多发致密影，胃窦壁略厚。血肿瘤标志物：甲胎蛋白：10.70 ng/ml。肝肾功能基本正常。患者感腹胀明显，进食后加重，至我院住院，请介入科会诊考虑原发性肝癌，肝血管瘤不能排除，排除相关禁忌，于2017-06-13在DSA室行“经皮穿刺腹腔动脉造影+栓塞术”。2017-07-17患者至我院复查CT提示肝内肿块较前略增大，AFP较前升高，考虑病情进展，2017-07-20在DSA室再次行“经皮穿刺腹腔动脉造影+栓塞术”，术程顺利。08-26患者无明显诱因突然出现腹痛剧烈，当地打止痛针效果不显，再次入院治疗，复查腹部CT示病灶继续增长，伴AFP水平持续升高，请多学科综合会诊，考虑肝恶性病变，肝硬化结节部分恶化可能，且CT提示包块局限在肝VIII段，介入未造成损害，结合指南及专家共识，建议手术治疗，与患者及家属沟通后，于2017-08-31转入普外科，排除手术禁忌后，于2017-09-06在全麻下行“肝VIII段切除术+左侧卵巢囊肿切除术”，术程顺利，术后病理提示肝细胞癌，左卵巢浆液性腺瘤。术后患者恢复可，间断服用中药治疗，后定期复查病情稳定，2020年5月入我科复查腹部CT示：与前片（2019-4-26）比较：肝Ca术后，术区周围多发异常强化灶，考虑肿瘤复发可能。普外科会诊后建议转科行射频消融术，排除禁忌后于2020-05-25全麻下行“开腹探查+腹腔粘连松解+肝右叶占位活组织检查+肝右叶占位射频消融术”，活检病理回报示：肝细胞性肝癌。术后患者恢复可，患者于2020年6月26日于我院复查上腹部MR病情稳定，后开始口服索拉菲尼400mg bid，服药1个月后患者因手足综合征、乏力明显遂减量至200mg bid，2020年8月4日于我院复查上腹MR提示：肝Ca术后、复发消融术后，周围多发异常信号，较前（2020-6-26）有减“小”，近1月来患者自觉乏力、腹胀明显，今为求进一步治疗入我科。 入院时：患者时有腹胀，时感胃部不适，晨起口干，偶口苦，活动时伴右肋区疼痛，偶感心前区憋闷感，无恶心、呕吐，无反酸，纳食一般，无腹痛腹泻，无恶寒发热，夜寐安，二便调。,神志清晰，精神尚可，形体适中，语言清晰，口唇红润；皮肤正常，无斑疹。头颅大小形态正常，无目窼下陷，白睛无黄染，耳轮正常，无耳瘘及生疮；颈部对称，无青筋暴露，无瘿瘤瘰疬，胸部对称，虚里搏动正常，腹部平坦，无癥瘕痞块，爪甲色泽红润，双下肢无浮肿，舌淡红，苔白，脉细。,1,0,0,0,0,1,0,0,0,0,2,血瘀|气虚
475405,train,脾胃虚寒证,auto,上腹胀痛伴反酸烧心2个月,"患者2个月前无明显诱因出现上腹胀痛，疼痛以剑下为主，呈持续性隐痛，食后胀甚,遇寒加重,喜温喜按，不伴肩背部放射痛，伴有反酸、嗳气、腹胀及上腹部、胸骨后烧灼感，甚则泛吐酸水,夜间、晨起口干口苦，无恶心呕吐，无畏寒发热，曾于外院行胃镜检查提示""胃底多发息肉样隆起、十二指肠球部憩室""；肠镜提示“肠息肉”；肠镜病理示“横结肠腺瘤性息肉”（具体报告均未见），2020-08-24因“急性肠梗阻”于外院行内科保守治疗，治疗后梗阻解除，现为求中西医结合治疗，遂至我院，由门诊收入我科。入院时：患者上腹胀痛，疼痛以剑下为主，呈持续性隐痛，食后胀甚,遇寒加重,喜温喜按，不伴肩背部放射痛，伴有反酸、嗳气、腹胀及上腹部、胸骨后烧灼感，甚则泛吐酸水,夜间、晨起口干口苦，无恶心呕吐，无畏寒发热，大便1-2日1行，如厕时间长，量少，偶有大便干硬，无呕血黑便，无粘液脓血便，小便呈浓茶色，近期无明显体重变化。",神志清晰，精神尚可，形体形体适中，语言清晰，口唇红润；皮肤正常，无斑疹。头颅大小形态正常，无目窼下陷，无白睛，耳轮正常，无耳瘘级生疮；颈部对称，无青筋暴露，无瘿瘤瘰疬，胸部对称，虚里搏动正常，腹部平坦，无癥瘕痞块，爪甲色泽红润，双下肢对称，舌淡红，苔白，脉细。,0,0,0,1,0,0,0,0,0,0,1,阳虚
449273,train,肝胃郁热证,auto,上腹疼痛间作三年，又作一月,患者三年前无明显诱因出现上腹胀痛，以剑下为主，呈间断性隐痛，无肩背部放射痛，伴反酸、嗳气及胸骨后烧灼感，腹胀偶作，无恶心呕吐，无发热，食纳欠佳，夜寐尚安，小便调，大便日行一次，无粘液脓血，遂至我院就诊，经“抑酸、护胃等对症治疗”后症状好转出院。三年来患者上腹疼痛症状间断发作，一月前患者上腹胀痛症状又作，口服药物后症状未见明显好转，现为求进一步诊治，今来我院，由门诊收入我科。入院时患者：上腹疼痛，呈间断性隐痛，无肩背部放射痛，伴腹胀偶作，无明显反酸、嗳气及胸骨后烧灼感，无恶心呕吐，无发热，无头晕，无心悸胸闷，食纳一般，夜寐安，小便调，近期体重无明显变化，进食后感胃脘嘈杂，舌红苔黄，脉弦。,神志清晰，精神尚可，形体形体适中，语言清晰，口唇红润；皮肤正常，无斑疹。头颅大小形态正常，无目窼下陷，白睛无黄染，耳轮正常，无耳瘘及生疮；颈部对称，无青筋暴露，无瘿瘤瘰疬，胸部对称，虚里搏动正常，腹部平坦，无癥瘕痞块，爪甲色泽红润，双下肢无浮肿，舌红，苔黄，脉弦。,0,0,0,0,1,0,0,0,0,1,2,气滞|实热
486951,test,气滞血瘀证,auto,停经2月余，下腹胀痛半月。,患者平素月经周期规则，7/30-45天，月经量中偏少，色暗红，偶有血块，无痛经，G5P2。LMP：2020-11-01，量色质如平素。末次月经结束后未严格避孕，近半月患者自觉下腹疼痛不适，今日至我院就诊，查妇科彩超示宫内见31*14mm孕囊回声，囊内可见卵黄囊、胚芽及原始心管搏动。妇科检查提示宫区压痛明显，患者诉本次妊娠为计划外妊娠，要求治疗盆腔炎，终止妊娠。为求进一步综合治疗，由门诊排除新冠肺炎拟“盆腔炎、早期人工流产”收入我科。刻下：患者一般情况可，小腹坠胀隐痛不适，无阴道出血，无恶寒发热，纳食可，夜寐安，二便调畅，舌暗，苔白，脉沉滑尺脉弱。,神志清晰，精神尚可，形体适中，语言清晰，口唇红润；皮肤正常，无斑疹。头颅大小形态正常，无目窼下陷，白睛无黄染，耳轮正常，无耳瘘及生疮；颈部对称，无青筋暴露，无瘿瘤瘰疬，胸部对称，虚里搏动正常，腹部平坦，无癥瘕痞块，爪甲色泽红润，双下肢无浮肿，舌暗，苔白，脉沉滑尺脉弱。,0,0,0,0,1,1,0,0,0,0,2,气滞|血瘀
459229,train,正虚瘀结证,auto,右肺腺癌术后1年余，乏力、纳差3天。,"患者2018-08-02因咳嗽、咳痰到我院就诊，胸胸部CT检查提示左肺上叶磨玻璃结节。后就诊于中国人民解放军总医院，排除禁忌，于2018-08-30在全麻胸腔镜下“左肺上叶切除术+纵膈淋巴结清扫术”，术后病理示：（左上肺）浸润性腺癌，部分为腺泡型，部分为贴壁型，肿瘤大小1.5*1.0*0.8cm,癌组织未侵犯肺膜；支气管断端未见癌，周围肺组织局部肺泡隔断裂、肺泡腔融合，间质毛细血管淤血。支气管旁及（第5组、第6组、第7组、第9组、第10组、第11组）淋巴结均未见转移癌（分别为0/5、0/2、0/1、0/2、0/1、0/1、0/1）。免疫组化检测：HER-1（EGFR）+；HER-2（2+）；Ki67（+8%），ALK（Ventana）（-）。特殊染色结果：弹力纤维染色（+）。术后患者恢复可。后定期复查，病情稳定。末次复查时间为2019-11。3天前患者自觉乏力、纳差明显，今为求进一步治疗入我科。病程中患者头颈部及躯干多发荨麻疹，无畏寒、发热，无头痛、头晕，无恶心、呕吐，无咳嗽、咳痰，无咯血，无腹痛、腹泻，无发热、畏寒，睡眠极差，大小便未见异常。",神志清晰，精神尚可，形体适中，语言清晰，口唇红润；皮肤正常，无斑疹。头颅大小形态正常，无目窼下陷，白睛无黄染，耳轮正常，无耳瘘及生疮；颈部对称，无青筋暴露，无瘿瘤瘰疬，胸部对称，虚里搏动正常，腹部平坦，无癥瘕痞块，爪甲色泽红润，双下肢无浮肿，舌淡红，苔白，脉弦细。,1,0,0,0,0,1,0,0,0,0,2,血瘀|气虚
464886,train,湿热下注证,auto,肛内肿物外脱伴便血1周,"患者于入院前1周，出现因食辛辣醇厚且劳累后出现肛缘肿痛伴肛内肿物脱出,伴便血，量少，色鲜红，未予治疗，症情反复发作渐加重，遂来本院求治。刻下：肛内肿物脱出伴肿缘疼痛，坐卧不宁，行走不利。大便日行1次，质软，排出畅，伴便血，量少，色鲜红，伴排便不尽及肛门坠胀感，无粘液便，小溲畅，无发热恶寒。纳食可，夜寐尚可，舌红，苔黄，脉滑数。",神志清晰，精神尚可，形体适中，语言清晰，口唇红润；皮肤正常，无斑疹。头颅大小形态正常，无目窼下陷，白睛无黄染，耳轮正常，无耳瘘及生疮；颈部对称，无青筋暴露，无瘿瘤瘰疬，胸部对称，虚里搏动正常，腹部平坦，无癥瘕痞块，爪甲色泽红润，双下肢无浮肿，舌淡红，苔白，脉滑数。,0,0,0,0,0,0,0,1,0,0,1,湿热
451817,train,寒凝血瘀证,auto,腰部及左下肢疼痛发凉2天。,患者2天前感腰部疼痛，左下肢放射性疼痛，并感发凉，活动后发凉感可减轻，为明确诊治，今至我院，门诊以“腰椎间盘突出”收入我科。入院时症状：神志清，精神欠佳，腰部及左下肢疼痛发凉，行走缓慢，近几日感头痛，晨起时面部浮肿，偶有眼部及耳鼻喉干燥，伴有干咳，双手指麻木，右脚踝酸痛不适，饮食欠佳，偶有腹部胀满，小便气味重，色黄，大便尚可，夜寐欠佳。舌质淡紫，苔微黄腻，脉弦涩。,神志清晰，精神欠佳，形体适中，语言清晰，口唇红润；皮肤正常，无斑疹。头颅大小形态正常，无目窼下陷，白睛无黄染，耳轮正常，无耳瘘及生疮；颈部对称，无青筋暴露，无瘿瘤瘰疬，胸部对称，虚里搏动正常，腹部平坦，无癥瘕痞块，爪甲色泽红润，双下肢无浮肿，舌质淡紫，苔微黄腻，脉弦涩。,0,0,0,0,0,1,0,0,0,0,1,血瘀
472642,train,气滞血瘀证,auto,阴道不规则出血半年余，加重伴腰酸2月。,"患者既往月经尚规则，30天一行，2-3天净，量中等偏多，有痛经。2020年初无明显诱因下出现阴道不规则出血，时有时无，时多时少，伴有恶臭味道，未重视及诊疗。近2月阴道出血量较前增多，伴腰酸痛明显，7月23日于当地卫生院查妇科彩超提示子宫肌瘤（未见单，具体不详），建议上级医院就诊。故于7月24日就诊我院门诊，查妇科彩超：宫体大小65*55*61mm,形态饱满，表面光滑，肌层回声均匀，右侧前壁见大小19*14mm低回声，宫腔扩大，宽约33mm，内示稍高不均回声，范围45*34mm，内血流丰富，RI0.45，宫颈管扩张，宫腔下段延至宫颈管内（约至外口处），见大小44*21mm不均质回声，内血流丰富，血流RI0.54，妇科检查见宫颈外口呈菜花样改变，故行宫颈组织活检术。7月28日活检病理提示：腺体异型增生，癌变。现患者为求进一步治疗，由门诊拟“子宫恶性肿瘤待查”收治入院。入院时：患者神清，精神可，阴道偶有少量血性分泌物，轻微腰酸，无寒热往来，无肛门下坠感，纳可，寐安，二便调畅，舌紫黯，苔薄，脉沉涩。近期体重无明显减轻。",神志清晰，精神尚可，形体适中，语言清晰，口唇苍白；皮肤正常，无斑疹。头颅大小形态正常，无目窼下陷，白睛无黄染，耳轮正常，无耳瘘及生疮；颈部对称，无青筋暴露，无瘿瘤瘰疬，胸部对称，虚里搏动正常，腹部平坦，无癥瘕痞块，爪甲色泽苍白，双下肢无浮肿，舌紫黯，苔薄，脉沉涩。,0,0,0,0,1,1,0,0,0,0,2,气滞|血瘀
454043,train,湿热下注证,auto,肛缘肿痛2天,患者昨天因劳累出现肛缘肿物隆起，伴疼痛，曾自行治疗，效欠佳，症情渐加重，遂来本院求治。刻下：肛缘肿物隆起伴疼痛，坐卧不宁，行走不利。大便偶干燥，无便血，无粘液便，无里急后重及排便不尽感，小便畅，纳食可，夜寐安和，舌质淡红，苔黄腻，脉弦滑。,神志清晰，精神尚可，形体形体适中，语言清晰，口唇红润；皮肤正常，无斑疹。头颅大小形态正常，无目窼下陷，无白睛，耳轮正常，无耳瘘及生疮；颈部对称，无青筋暴露，无瘿瘤瘰疬，胸部对称，虚里搏动正常，腹部平坦，无癥瘕痞块，爪甲色泽红润，双下肢无浮肿，舌淡红，苔白，脉平和。,0,0,0,0,0,0,0,1,0,0,1,湿热
463079,train,痰湿蒙窍证,auto,意识不清伴肢体活动不能半年余，加重1天,患者半年余前无明显诱因，突然出现意识不清，呕吐，伴有肢体活动不能，至徐州二院诊断为“小脑出血破入脑室、蛛网膜下腔出血”，急诊行“颅内血管畸形夹闭术”，经积极对症支持治疗，仍有意识不清，四肢瘫痪，至我院中西医结合治疗，后患者出现脑积水加重，转至二院行脑室腹腔引流术，手术顺利。患者仍意识不清，四肢瘫痪，昨日病情较前加重，遂至我院急诊就诊，查胸部CT排除新冠肺炎，为求进一步中西医结合治疗，收治入院。入院时，患者神志不清，精神欠佳，言语不能，肢体瘫痪，气管切开，喉中痰鸣，无肢体抽搐，保留鼻饲管、尿管在位，二便失禁。,神志不清，精神欠佳，形体偏瘦，语言不能，口唇苍白；皮肤正常，无斑疹。头颅大小形态正常，无目窼下陷，白睛无黄染，耳轮正常，无耳瘘及生疮；颈部对称，无青筋暴露，无瘿瘤瘰疬，胸部对称，虚里搏动正常，腹部平坦，无癥瘕痞块，爪甲色泽红润，双下肢无浮肿，舌暗红，苔薄腻，脉弦滑。,0,0,0,0,0,0,1,0,0,0,1,痰湿
435400,train,湿热下注证,auto,便后肛内肿物脱出1月，加重半天,患者1月前感会阴部坠胀明显，而致便后肛内肿物脱出，伴疼痛，能回复，自行治疗（具体不祥）后症状有所缓解，今日凌晨症状明显加重，疼痛剧烈难忍，自行休息后无缓解，无便血，遂于今日由门诊拟“直肠息肉、混合痔”，收入我区。刻下：便后肛门坠胀明显，持续疼痛，大便排出费力，坐立难安，纳寐差。,神志清晰，精神尚可，形体形体适中，语言清晰，口唇红润；皮肤正常，无斑疹。头颅大小形态正常，无目窼下陷，无白睛，耳轮正常，无耳瘘及生疮；颈部对称，无青筋暴露，无瘿瘤瘰疬，胸部对称，虚里搏动正常，腹部平坦，无癥瘕痞块，爪甲色泽红润，双下肢无浮肿，舌淡红，苔白，脉平和。,0,0,0,0,0,0,0,1,0,0,1,湿热
429763,train,湿热下注证,auto,肛缘肿物隆起伴疼痛1周。,"患者于入院前1周，出现因食辛辣醇厚之品出现肛缘皮肤隆起并疼痛,未予治疗，症情反复发作渐加重，遂来本院求治。刻下：肛缘疼痛明显，坐卧不宁，行走不利。大便1日/行，，质软，排出不畅，无便血，无排便不尽及肛门坠胀感，无粘液便，小溲畅，无发热恶寒。纳食可，夜寐尚可，舌红，苔黄，脉滑数。",神志清晰，精神尚可，形体形体适中，语言清晰，口唇红润；皮肤正常，无斑疹。头颅大小形态正常，无目窼下陷，白睛无黄染，耳轮正常，无耳瘘及生疮；颈部对称，无青筋暴露，无瘿瘤瘰疬，胸部对称，虚里搏动正常，腹部平坦，无癥瘕痞块，爪甲色泽红润，双下肢无浮肿，舌红，苔黄，脉滑数。,0,0,0,0,0,0,0,1,0,0,1,湿热
441076,train,气滞血瘀证,auto,摔伤致右脚肿胀疼痛伴活动障碍1小时,"患者约1小时前骑车不慎摔倒，当即致右足背肿胀、疼痛剧烈，伴右足活动障碍，休息后未能缓解，急被送至我院急诊就诊，经询问病史及查体后,行相关影像学检查，结果回示：右足骰状骨前上缘外侧骨折。故建议患者住院系统检查治疗，遂经急诊拟“骰骨骨折”收治入院。刻下：患者右足背肿胀疼痛依然，伴活动障碍，无发热，神志清楚，精神尚可，对受伤过程回忆清晰，无咳嗽咳痰，无胸闷憋喘，无头晕头痛，无腹胀不适，纳眠尚可，二便尚调，近期无明显体重下降。",神志清晰，精神尚可，形体适中，语言清晰，口唇红润；皮肤正常，无斑疹。头颅大小形态正常，无目窼下陷，白睛无黄染，耳轮正常，无耳瘘及生疮；颈部对称，无青筋暴露，无瘿瘤瘰疬，胸部对称，虚里搏动正常，腹部平坦，无癥瘕痞块，爪甲色泽红润，双下肢无浮肿，舌淡红，苔白，脉弦紧。,0,0,0,0,1,1,0,0,0,0,2,气滞|血瘀
476038,train,湿热下注证,auto,肛内肿物外脱伴肿痛1周。,"患者于入院前1周，出现因食辛辣醇厚且劳累后出现肛缘肿痛伴肛内肿物脱出,未予治疗，症情反复发作渐加重，遂来本院求治。刻下：肛内肿物脱出伴肿缘疼痛，坐卧不宁，行走不利。大便，日行1次，质软，排出畅，无便血，无排便不尽及肛门坠胀感，无粘液便，小溲畅，无发热恶寒。纳食可，夜寐尚可，舌红，苔黄，脉滑数。",神志清晰，精神尚可，形体形体适中，语言清晰，口唇红润；皮肤正常，无斑疹。头颅大小形态正常，无目窼下陷，白睛无黄染，耳轮正常，无耳瘘及生疮；颈部对称，无青筋暴露，无瘿瘤瘰疬，胸部对称，虚里搏动正常，腹部平坦，无癥瘕痞块，爪甲色泽红润，双下肢无浮肿，舌红，苔黄，脉滑数。,0,0,0,0,0,0,0,1,0,0,1,湿热
478241,train,气滞血瘀证,auto,反复头晕2年余，加重3天,患者2年前无明显诱因下出现头晕时作，体位改变时明显，时黑朦，无晕厥，时有视物旋转，无恶心呕吐，无耳鸣，外院就诊，诊为：脑梗塞，长期服药治疗，症状反复发作，患者3天前无明显诱因下出现头晕时作，体位改变时明显，时黑朦，无晕厥，无视物旋转，无恶心呕吐，无耳鸣，行走欠稳，心慌胸闷时作，无胸痛、放射痛，无憋喘，无夜间憋醒，全身乏力，即来我院门诊就诊，为进一步检查治疗收住入院。入院时头晕时作，体位改变时明显，无黑朦晕厥，无恶心呕吐，无耳鸣，行走欠稳，髋关节疼痛时作，活动后明显，心慌胸闷时作，无视物旋转，无胸痛、放射痛，无憋喘，无夜间憋醒，全身乏力，无咳嗽咳痰，无恶寒发热，无气喘，纳食可，睡眠欠佳，二便如常。,神志嗜睡，精神欠佳，形体偏瘦，语言含糊，口唇发绀；皮肤正常，无斑疹。头颅大小形态正常，无目窼下陷，白睛无黄染，耳轮正常，无耳瘘及生疮；颈部对称，无青筋暴露，无瘿瘤瘰疬，胸部对称，虚里搏动正常，腹部平坦，无癥瘕痞块，爪甲色泽红润，双下肢无浮肿，舌淡红，无苔，脉细弱。,0,0,0,0,1,1,0,0,0,0,2,气滞|血瘀
440767,train,气虚血瘀证,auto,头晕伴右上肢麻木半天。,患者今晨无明显诱因下出现头晕不适，无视物旋转，无恶心呕吐，伴右上肢麻木感，双下肢行走尚稳，为求明确诊断及治疗，遂来我院就诊，门诊拟急性脑梗死收住我科。入院症状：患者神清，精神欠佳，头晕不适，伴右上肢麻木感，无视物旋转，无恶心呕吐，无咳嗽咳痰及胸闷气短等不适，行走尚稳，饮水无呛咳，无吞咽困难，言语清，耳鸣，双耳听力明显减退，左耳无听力，纳食可，小便频，大便调，夜寐安，舌暗，苔白，脉弦细。,神志清晰，精神欠佳，形体偏瘦，语言清晰，口唇红润；皮肤正常，无斑疹。头颅大小形态正常，无目窼下陷，白睛无黄染，耳轮正常，无耳瘘及生疮；颈部对称，无青筋暴露，无瘿瘤瘰疬，胸部对称，虚里搏动正常，腹部平坦，无癥瘕痞块，爪甲色泽红润，双下肢无浮肿，舌暗，苔白，脉弦细。,1,0,0,0,0,1,0,0,0,0,2,血瘀|气虚
452340,train,气滞血瘀证,auto,右膝关节疼痛20余年，加重1天,患者近20余年右膝关节疼痛不适，以髌骨、膝眼为主，间断治疗，症状时好时坏，行走稍欠利，今日跑步时出现右膝关节疼痛加重，腘窝内疼痛明显，行走不能，今为求中西医结合治疗入院，病程中无意识模糊、无肢体抽搐，刻下：患者神清，精神可，右膝关节疼痛不适，腘窝内疼痛明显，行走不能，食纳可，夜寐安，二便正常，舌淡紫，苔白，脉弦。,神志清晰，精神尚可，形体适中，语言清晰，口唇红润；皮肤正常，无斑疹。头颅大小形态正常，无目窼下陷，白睛无黄染，耳轮正常，无耳瘘及生疮；颈部对称，无青筋暴露，无瘿瘤瘰疬，胸部对称，虚里搏动正常，腹部平坦，无癥瘕痞块，爪甲色泽红润，双下肢无浮肿，舌淡紫，苔白，脉弦。,0,0,0,0,1,1,0,0,0,0,2,气滞|血瘀
477411,train,气滞血瘀证,auto,腰痛3年，加重伴左下肢疼痛麻木半年。,"患者3年前无明显诱因出现腰部疼痛，劳累时加重,休息后减轻,当时未予特殊治疗,症状时轻时重,6月前患者再次出现腰部疼痛加重，并伴有左下肢疼痛麻木，疼痛麻木沿左侧臀部，大腿后侧，至小腿前外侧，脚踝，步行10余米即感腰腿部痛麻难忍，休息后又可稍作前行，自觉明显影响生活，于2020-9-23来我院门诊，查腰椎MR示:1.L3-4椎间盘膨出。 2.L4-5椎间盘膨出并中央型突出。 3.L5-S1椎间盘中央偏左突出。 4.腰椎轻度退行变。现为求进一步治疗，由门诊拟“腰椎间盘突出症”收治我院。目前精神清,无头晕头痛,无胸闷心悸,无发热。腰痛伴左下肢痛麻，腰部活动可。",神志清晰，精神尚可，形体适中，语言清晰，口唇红润；皮肤正常，无斑疹。头颅大小形态正常，无目窼下陷，白睛无黄染，耳轮正常，无耳瘘及生疮；颈部对称，无青筋暴露，无瘿瘤瘰疬，胸部对称，虚里搏动正常，腹部平坦，无癥瘕痞块，爪甲色泽红润，双下肢无浮肿，舌淡白，苔白，脉沉细。,0,0,0,0,1,1,0,0,0,0,2,气滞|血瘀
489116,train,气滞血瘀证,auto,摔伤致左侧臀髋部疼痛活动受限8小时余。,患者8小时前在打羽毛球时不慎倒致坐落在地上致左臀髋部疼痛不适，活动受限，受伤以来患者神志清，精神可，无昏迷。后来我院急诊查行髋关节CT示：左侧耻骨下支及上支骨折（累及左侧髋臼前缘）。骶骨左侧可疑骨折。左髋关节少量积液。胸部CT示：胸部螺旋CT平扫未示明确异常。脂肪肝。查急查血常规示：白细胞计数：10.43*10^9，超敏C反应蛋白3.71mg/L;新型冠状病毒核酸及病毒抗体均阴性；急诊为进一步治疗，急诊以“骨盆骨折”收入住院，入院时患者左侧臀髋部疼痛剧烈，活动受限依然。患者自发病以来精神可，神志清，无心慌胸闷，无恶心呕吐，大小便调。,神志清晰，精神尚可，形体适中，语言清晰，口唇红润；皮肤正常，无斑疹。头颅大小形态正常，无目窼下陷，白睛无黄染，耳轮正常，无耳瘘及生疮；颈部对称，无青筋暴露，无瘿瘤瘰疬，胸部对称，虚里搏动正常，腹部平坦，无癥瘕痞块，爪甲色泽红润，双下肢无浮肿，舌暗，苔白，脉细涩。,0,0,0,0,1,1,0,0,0,0,2,气滞|血瘀
425078,train,湿热下注证,auto,肛内肿物外脱伴肿痛1年。,"患者于入院前1年，出现因食辛辣醇厚且劳累后出现肛缘肿痛伴肛内肿物脱出,未予治疗，症情反复发作渐加重，遂来本院求治。刻下：肛内肿物脱出伴肿缘疼痛，坐卧不宁，行走不利。大便1-2日/行，，质硬，排出不畅，无便血，无排便不尽及肛门坠胀感，无粘液便，小溲畅，无发热恶寒。纳食可，夜寐尚可，舌红，苔黄，脉滑数。",神志清晰，精神尚可，形体形体适中，语言清晰，口唇红润；皮肤正常，无斑疹。头颅大小形态正常，无目窼下陷，白睛无黄染，耳轮正常，无耳瘘及生疮；颈部对称，无青筋暴露，无瘿瘤瘰疬，胸部对称，虚里搏动正常，腹部平坦，无癥瘕痞块，爪甲色泽红润，双下肢无浮肿，舌红，苔黄，脉滑数。,0,0,0,0,0,0,0,1,0,0,1,湿热
457261,train,气阴两虚证,auto,发现血糖升高4年，口干多饮伴乏力1月,患者4年前体检时发现血糖升高，具体不详，经复查后诊断为2型糖尿病，患者未予重视，未特殊治疗。1年前因血糖控制差于我科住院治疗，出院后口服沙格列汀5mg qd降糖至今。近1月患者自觉口干多饮明显，口苦，伴乏力，自测空腹血糖波动在5-8mmol/L，餐后血糖6-9mmol/L，今至我院门诊就诊，现为求进一步中西医结合系统诊治收入我区。目前：患者神清，精神可，口干多饮，口苦，体倦乏力，双下肢酸软，视物模糊，偶有头晕，右足足趾麻木，皮肤有蚁行感，纳食可，夜寐安，小便正常，大便5-6次/日，质溏薄。无心慌胸闷，无恶寒发热，无咳嗽咳痰，无恶心呕吐，双下肢无浮肿，近期体重无明显改变。,神志清晰，精神尚可，形体偏胖，语言清晰，口唇红润；皮肤正常，无斑疹。头颅大小形态正常，无目窼下陷，白睛无黄染，耳轮正常，无耳瘘及生疮；颈部对称，无青筋暴露，无瘿瘤瘰疬，胸部对称，虚里搏动正常，腹部平坦，无癥瘕痞块，爪甲色泽红润；呼吸如常，无呕吐，无呃逆、嗳气、太息、喷嚏等，无特殊异味。双下肢无浮肿，舌淡红，苔薄白，脉细。,1,0,1,0,0,0,0,0,0,0,2,阴虚|气虚
449783,train,气虚血瘀证,auto,发现血糖升高12年，加重伴下肢麻木1月,"患者12年体检时发现查空腹血糖达8.0mmol/l，于徐州四院诊断为2型糖尿病，予拜唐苹1片 po qd 降糖，血糖控制尚可。其后多次住院，调整降糖方案。目前降糖方案为：“拜唐苹50mg  po tid，二甲双胍片0.5g po tid”,空腹血糖控制在8-9mmol/l。近1月，患者自觉口干加重，伴下肢麻木，查空腹血糖达到 9.4mmol/l，为求进一步系统治疗收住我科病房。病程中患者视物模糊，无四肢疼痛，耳鸣，小便量多，带有泡沫，大便可，纳食可，睡眠一般。近期体重无明显变化。",神志清晰，精神尚可，形体偏胖，语言清晰，口唇红润；皮肤干燥，双下肢皮肤散在瘀斑，头颅大小形态正常，无目窼下陷，白睛无黄染，耳轮正常，无耳瘘及生疮；颈部对称，无青筋暴露，无瘿瘤瘰疬，胸部对称，虚里搏动正常，腹部平坦，无癥瘕痞块，爪甲色泽红润，双下肢无浮肿，舌质淡暗，舌苔薄白，脉细涩。,1,0,0,0,0,1,0,0,0,0,2,血瘀|气虚
448444,test,正虚瘀结证,auto,直肠癌术后骨转移介入术后1月,"患者2014-12无明显诱因下出现脓血便，伴排便次数增多。至二院就诊，盆腔增强CT示直肠管壁增厚伴周围脂肪间隙多发小淋巴结。2015-01-15行腹腔镜下直肠癌根治术，术后病理：直肠腺癌，中分化，侵及浆膜层，肠系膜淋巴结3/12枚见转移，癌结节1枚。术后分期pT4N1M0 IIIB期。术后行奥沙利铂100mg+5-FU 0.5iv、3.0civ辅助化疗8周期，化疗顺利，末次化疗时间2015-9-8。后定期于我院复查CT提示病情稳定，口服中药治疗至今，2019-05患者无明显诱因出现腰骶部疼痛不适，2019-05-23至我院查CEA317.71ng/ml，2019-05-23腹部CT示：肝脏多发低密度影，建议上腹部增强CT，骶2/3骨质破坏。建议骶椎MRI。2019-05-28、2019-06-21行奥沙利铂100mgD1,3+卡培他滨 1.0 po bid d1-14方案化疗2周期，2周期后2019-07-15查颅脑CT：1.两侧基底节区及额叶腔隙性脑梗塞、脑软化灶。2.轻度脑萎缩。2019-07-15 胸部CT：1.两肺间质性改变。2.右肺中叶及左肺上叶舌段慢性炎症。3.冠状动脉钙化。2019-07-15 腹部CT：1.肝脏多发囊性密度影。2.胆囊炎。3.左侧肾门处致密影，考虑：钙化。4.直肠癌术后改变。5.前列腺增大、钙化。6.左侧髂总静脉增粗，密度欠均匀。7.骶2、3骨质破坏。以上较前片（2019-5-23）变化不明显。2019-07-18原方案行第3周期，08-09予第4周期（奥沙利铂100mgD1-2+卡培他滨 1.0 po bid d1-14）方案化疗，查腰椎CT：1、腰2-5椎间盘膨出。2、腰2椎体轻度失稳。3、腰5-骶1椎间盘轻度中央型突出。4、腰椎骨质增生、退行性变。5、腰4椎体上缘许莫氏结节。双下肢彩超：双下肢深动脉硬化声像双下肢深静脉血流通畅。08-29胸部CT： 1.两肺间质性改变。2.冠状动脉钙化。以上同前相仿（2019-7-15）。腹部CT：检查结论 直肠癌术后改变。肝脏多发囊性密度影。胰腺饱满，稍增大。建议:结合临床，随诊、复查。前列腺增大、钙化。左侧髂总静脉增粗，密度欠均匀。骶2、3转移瘤。以上较前片（2019-7-15）变化不明显。骶尾椎MR未查。肿瘤11项（男） 癌胚抗原(CEA) 943.35ng/ml↑,细胞角蛋白19片段 4.80ng/ml↑。2019-09-02腰椎MR：S1、S2、S3及S4上缘异常信号，周边软组织受侵，考虑：转移瘤。骶尾椎退变。介入科会诊后，09-05行髂动脉造影+化疗栓塞术，术后未诉不适，末次09-11予唑来磷酸抑制骨破坏。今为求进一步中西医结合治疗收入我科。现患者仍感腰骶部疼痛，下肢水肿麻木，无恶心、呕吐，胃纳正常，大小便如常，无消瘦，夜寐安，发病以来体重无明显减轻。",神志清晰，精神欠佳，形体适中，语言清晰，口唇红润；皮肤正常，无斑疹。头颅大小形态正常，无目窼下陷，白睛无黄染，耳轮正常，无耳瘘及生疮；颈部对称，无青筋暴露，无瘿瘤瘰疬，胸部对称，虚里搏动正常，腹部平坦，无癥瘕痞块，爪甲色泽红润，双下肢无浮肿，舌淡红，苔白，脉细。,1,0,0,0,0,1,0,0,0,0,2,血瘀|气虚
448713,train,气滞血瘀证,auto,右侧腰腿痛2月余,患者近2月前出现腰部疼痛持续发作、不缓解，时有右侧臀部及右下肢疼痛，疼痛呈放射性，负重、行走后、姿势转换时疼痛加重，无晨僵，无感染病史。今为进一步治疗由门诊收入住院。入院时患者神志清，精神尚可，头昏沉，颈部僵硬不适，右腹部偶有疼痛不适，腰痛，进食可，睡眠可，二便正常。,神志清晰，精神尚可，形体适中，语言清晰，口唇红润；皮肤正常，无斑疹。头颅大小形态正常，无目窼下陷，白睛无黄染，耳轮正常，无耳瘘及生疮；颈部对称，无青筋暴露，无瘿瘤瘰疬，胸部对称，虚里搏动正常，腹部平坦，无癥瘕痞块，爪甲色泽红润，双下肢无浮肿，舌淡红，苔白，脉细涩。,0,0,0,0,1,1,0,0,0,0,2,气滞|血瘀
434417,train,瘀血阻络证,auto,头晕、颈项酸痛半月余,患者半月余前出现头晕、呕吐，诊断为椎动脉型颈椎病，经治疗症状稍好转，现为求进一步中西医结合治疗至我院就诊，经门诊收住入院，入院时：患者神清，精神欠佳，头晕，颈项酸痛，连及后枕，行走漂浮感，右腿酸痛不适，右耳鸣，无恶心呕吐、无胸闷心慌，纳食尚可，夜寐差，夜间睡眠约2小时，二便尚调。舌暗，苔白腻，脉弦滑。,神志清晰，精神欠佳，形体适中，语言清晰，口唇红润；皮肤正常，无斑疹。头颅大小形态正常，无目窼下陷，白睛无黄染，耳轮正常，无耳瘘及生疮；颈部对称，无青筋暴露，无瘿瘤瘰疬，胸部对称，虚里搏动正常，腹部平坦，无癥瘕痞块，爪甲色泽红润，双下肢无浮肿，舌暗，苔白腻，脉弦滑。,0,0,0,0,0,1,0,0,0,0,1,血瘀
446829,train,湿热下注证,auto,便后肛内肿物脱出1周，加重1天,"患者1周前感会阴部疼，痒，坠胀明显，而致便后肛内肿物脱出，能回复，自行治疗（具体不祥）后症状有所缓解，昨日症状明显加重，脱出无法还纳，自行休息后无缓解，疼痛难忍，无便血，遂于今日由门诊拟“脱肛、混合痔”，收入我区。刻下：便后肛内肿物脱出，不能回复，持续疼痛，肛门坠胀不适,大便排出费力，纳寐欠安。",神志清晰，精神尚可，形体形体适中，语言清晰，口唇红润；皮肤正常，无斑疹。头颅大小形态正常，无目窼下陷，无白睛，耳轮正常，无耳瘘及生疮；颈部对称，无青筋暴露，无瘿瘤瘰疬，胸部对称，虚里搏动正常，腹部平坦，无癥瘕痞块，爪甲色泽红润，双下肢无浮肿，舌淡红，苔白，脉平和。,0,0,0,0,0,0,0,1,0,0,1,湿热
417767,train,风痰上扰证,auto,头晕伴恶心、呕吐1天。,患者于今日凌晨4点多无明显诱因出现头晕，并伴有恶心、呕吐，症状持续无缓解，为明确诊治，至我院，门诊以“眩晕”收入我科。入院时症状：神志清，精神差，头晕，视物旋转，恶心、呕吐，呕吐物为胃内容物，无头痛，无肢体功能障碍，今日未进食，二便可。舌质暗，苔微黄腻，脉弦。,神志清晰，精神差，形体适中，语言清晰，口唇红润；皮肤正常，无斑疹。头颅大小形态正常，无目窼下陷，白睛无黄染，耳轮正常，无耳瘘及生疮；颈部对称，无青筋暴露，无瘿瘤瘰疬，胸部对称，虚里搏动正常，腹部平坦，无癥瘕痞块，爪甲色泽红润，双下肢无浮肿，舌暗，苔微黄腻，脉弦。,0,0,0,0,0,0,1,0,1,0,2,内风|痰湿
434570,train,气滞血瘀证,auto,右锁骨骨折术后1年余要求取除骨折内固定装置,患者1年余前不慎摔倒，致右侧锁骨粉碎性骨折，于我院行右锁骨粉碎性骨折切开复位内固定术，术后病情稳定后出院，积极功能锻炼，定期门诊复查。近期复查X线片，见骨折愈合。故患者为行手术治疗取除骨折内固定物，今日来我院门诊就诊。经询问病史、查体及阅片后，遂经门诊拟“取除骨折内固定装置”收治入院。今日患者无发热，无胸闷憋喘，无咳嗽咳痰，无潮热盗汗，无腹胀不适，睡眠及食纳尚可，二便自调，现右肩关节活动度尚可，末梢血运良好。,神志清晰，精神尚可，形体偏胖，语言清晰，口唇红润；皮肤正常，无斑疹。头颅大小形态正常，无目窼下陷，白睛无黄染，耳轮正常，无耳瘘及生疮；颈部对称，无青筋暴露，无瘿瘤瘰疬，胸部对称，虚里搏动正常，腹部平坦，无癥瘕痞块，爪甲色泽红润，双下肢无浮肿，舌淡红，苔白，脉弦涩。,0,0,0,0,1,1,0,0,0,0,2,气滞|血瘀
471342,val,气虚血瘀证,auto,头晕伴右上肢麻木8小时,"患者于8小时前无明确诱因出现头晕，言语欠利，无恶心呕吐，无饮水呛咳，右上肢麻木，无四肢抽搐，无意识丧失，无二便障碍。入院症状:神清,易怒,言语欠利，舌红，苔白，脉弦。",神志清晰，精神欠佳，形体适中，语言含糊，口唇发绀；皮肤正常，无斑疹。头颅大小形态正常，无目窼下陷，白睛无黄染，耳轮正常，无耳瘘及生疮；颈部对称，无青筋暴露，无瘿瘤瘰疬，胸部对称，虚里搏动正常，腹部平坦，无癥瘕痞块，爪甲色泽红润，双下肢无浮肿，舌质淡紫，苔白腻，脉弦细。,1,0,0,0,0,1,0,0,0,0,2,血瘀|气虚
425227,train,气虚血瘀证,auto,突发头晕伴言语不清1天,患者1天前无明显诱因突然出现头晕，伴言语不清，稍有恶心不适，自觉右侧肢体乏力，无明显口角歪斜，无视物旋转，无耳鸣耳闷，无意识丧失，无头痛，持续无缓解，现为求中西医结合入住我区。现症：头晕，言语不清，右侧肢体稍感乏力，体倦，视物模糊，心慌胸闷时作，无恶心呕吐，无腹痛腹泻，无发热，无黑矇晕厥，无双下肢浮肿，无心慌胸闷，自发病以来神清，精神差，胃纳、睡眠可，大便干结，小便尚调，近期体重无明显增减。,神志清晰，精神尚可，形体偏瘦，语言清晰，口唇红润；皮肤正常，无斑疹。头颅大小形态正常，无目窼下陷，无白睛，耳轮正常，无耳瘘及生疮；颈部对称，无青筋暴露，无瘿瘤瘰疬，胸部对称，虚里搏动正常，腹部平坦，无癥瘕痞块，爪甲色泽红润，双下肢无浮肿，舌质淡红，苔白，脉涩。,1,0,0,0,0,1,0,0,0,0,2,血瘀|气虚
448327,train,气虚血瘀证,auto,反复头晕头昏2年余，加重6天。,患者2年余前开始反复出现头晕头昏不适，伴胸闷憋喘，心慌，偶有胸部隐痛，多次测血压高于140/90mmhg，最高血压200/90mmhg，每于发病时服用1粒硝苯地平缓释片，症状改善后，未继续服药治疗，症状时有发作。6天前患者夜间无明显诱因突然出现头晕头昏加重，伴胸闷痛不适，心慌憋喘，左侧肢体僵硬，遂由120急送至徐医附院就诊，测血压195/90mmhg，心率102次/分，查心梗标记物、血常规、生化未见明显异常，予活血化瘀等药物输液治疗（具体不详）后病情好转，但患者仍觉时有头晕头痛不适，遂今日至我院就诊，现为进一步诊治收住入院。入院时：患者头晕头痛，稍有胸闷痛不适，偶有心慌憋喘，动则加剧，劳累即发，面色白光白，神疲乏力，倦怠懒言，唇甲不华，发色不泽，夜寐欠佳，纳食一般，尿频，大便正常。,神志清晰，精神欠佳，形体适中，语言清晰，口唇发绀；皮肤正常，无斑疹。头颅大小形态正常，无目窼下陷，白睛无黄染，耳轮正常，无耳瘘及生疮；颈部对称，无青筋暴露，无瘿瘤瘰疬，胸部对称，虚里搏动正常，腹部平坦，无癥瘕痞块，爪甲色泽红润，双下肢无浮肿，舌暗，苔白，脉弦。,1,0,0,0,0,1,0,0,0,0,2,血瘀|气虚
485529,test,风痰阻络证,auto,头晕头昏间作一周。,患者一周前无明显诱因下出现头晕头昏间作，肢体活动尚可，无发热，无视物旋转，未予特殊重视，症状持续。遂至我院就诊。今为求进一步治疗，遂收住入院。入院时：患者神志清，精神一般，头晕头昏间作，肢体活动尚可，偶感胸闷心慌，言语清，无发热，无意识障碍，无头痛，无视物旋转，无咳嗽咯痰，无恶心呕吐，无腹痛腹泻，纳可，夜寐欠安，二便尚调。舌暗红，苔薄腻，脉涩。,神志清晰，精神尚可，形体适中，语言清晰，口唇红润；皮肤正常，无斑疹。头颅大小形态正常，无目窼下陷，白睛无黄染，耳轮正常，无耳瘘及生疮；颈部对称，无青筋暴露，无瘿瘤瘰疬，胸部对称，虚里搏动正常，腹部平坦，无癥瘕痞块，爪甲色泽红润，双下肢无浮肿。舌暗红，苔薄腻，脉涩。,0,0,0,0,0,0,1,0,1,0,2,内风|痰湿
466161,train,痰湿蕴肺证,auto,"反复咳喘4年余,加重5天.",患者4余年前无明显诱因出现咳嗽、咳痰、喘憋，于当地医院就诊，予以对症治疗后改善。此后期间，患者咳嗽、咳痰及喘憋症状反复发作，多在受凉及季节交替时加重，每年发作时间超过3个月，多次因病情加重于当地医院就诊，诊断为“慢性阻塞性肺疾病”，予以药物化痰、止喘及间断舒利迭吸入等对症治疗后改善。4天前患者因受凉后出气喘加重，动则尤甚，咳嗽、咳中等量白痰，无明显胸痛。今至我院门诊查胸部CT(2020-05-14，本院）示两肺气肿表现。左肺下叶外底段陈旧性病灶。血常规示血红蛋白162g/l，新冠病毒核酸检测阴性；近半月来，患者无武汉及疫区接触史，无新冠肺炎患者、潜伏期患者及疫区亲友接触史，无外出史。科内会诊后暂不考虑新冠肺炎，现为求进一步诊治，门诊以“慢性阻塞性肺疾病急性加重”收入我区住院系统治疗。患者病程中，无恶寒发热，无恶心呕吐，无咳血胸痛，双下肢无水肿，饮食可，睡眠一般，二便正常。,神志清晰，精神尚可，形体适中，语言清晰，口唇红润；皮肤正常，无斑疹。头颅大小形态正常，无目窼下陷，白睛无黄染，耳轮正常，无耳瘘及生疮；颈部对称，无青筋暴露，无瘿瘤瘰疬，胸部对称，虚里搏动正常，腹部平坦，无癥瘕痞块，爪甲色泽红润，双下肢无浮肿，舌淡红，苔白，脉数。,0,0,0,0,0,0,1,0,0,0,1,痰湿
485733,train,肾气虚证,auto,停经64天，下腹疼痛伴阴道出血1天。,患者末次月经2020-10-22，6天净，量色质如常，11月下旬患者月经逾期未至，自测尿HCG阳性，11-26日至我院门诊查血HCG：239.9mIU/ml，甲功三项：TSH:3.57uIU/ml，后于门诊定期复查，11月25日左右患者至徐州市妇幼保健院查彩超示宫内早孕（未见报告），门诊另予黄体酮软胶囊100mgBID口服健黄体治疗。昨日患者无明显诱因下出现下腹疼痛伴阴道少量出血，色淡红，遂至我院门诊就诊，，由门诊拟“先兆流产”收住入院。刻下：患者小腹疼痛、腰酸，阴道少量出血，色淡红，无肛门下坠感，无寒热往来，无恶心呕吐，纳食可，寐安，二便调畅，舌淡，苔薄白，脉滑。,神志清晰，精神尚可，形体适中，语言清晰，口唇红润；皮肤正常，无斑疹。头颅大小形态正常，无目窼下陷，白睛无黄染，耳轮正常，无耳瘘及生疮；颈部对称，无青筋暴露，无瘿瘤瘰疬，胸部对称，虚里搏动正常，腹部平坦，无癥瘕痞块，爪甲色泽红润，双下肢无浮肿，舌淡，苔薄白，脉滑。,1,0,0,1,0,0,0,0,0,0,2,阳虚|气虚
475073,train,风痰阻络证,auto,头晕伴行走不稳1周,患者1周前无明显诱因下出现头晕，伴行走不稳，无视物旋转，无耳鸣耳聋，于外院治疗，未见明显好转，今为求进一步治疗，遂来我院就诊，入院时：患者神志清，精神欠佳，头晕，伴行走不稳，时有恶心，无视物旋转，无耳鸣耳聋，无胸闷胸痛，无腹痛腹泻，纳尚可，夜寐尚安，大小便尚调。,神志清晰，精神欠佳，形体适中，语言清晰，口唇红润；皮肤正常，无斑疹。头颅大小形态正常，无目窼下陷，白睛无黄染，耳轮正常，无耳瘘及生疮；颈部对称，无青筋暴露，无瘿瘤瘰疬，胸部对称，虚里搏动正常，腹部平坦，无癥瘕痞块，爪甲色泽红润，双下肢无浮肿，舌红，苔薄腻，脉涩。,0,0,0,0,0,0,1,0,1,0,2,内风|痰湿
456038,train,气虚血瘀证,auto,反复胸闷心慌不适7年余，加重1周。,"患者7年余前无明显诱因反复出现胸闷不适，持续数分钟，休息后可缓解，未予重视。2012年患者出现胸闷不适加重，至我院就诊行冠脉造影示：LM无明显狭窄；LAD近段在D1分叉处90%狭窄，D1开口30%狭窄，LCX中段85%狭窄，OM开口及近段70%，RCA管腔稍不规则，开口易痉挛，予LAD及LCX各植入1枚支架，术后长期服用拜阿司匹林、瑞舒伐他汀钙、麝香保心丸等药物治疗，病情尚平稳。2018.12.19复查冠脉造影示：LM未见明显狭窄，LAD中段支架内通畅,支架远端出口处狭窄40-50%，LCX中段支架内通畅，RCA 内膜欠规则，CA开口狭窄70-80%， TIMI血流3级。1周前患者因急性脑梗死在我院针灸脑病科住院期间出现胸闷心慌，心电图：心房颤动伴快心室率异常Q波(III)ST-T改变慌不适，予西地兰等药物后症状好转出院。患者仍有心慌不适，门诊予华法林口服抗凝，为进一步治疗收入我科。入院时：患者胸闷不适，心悸气短，稍有憋喘，动则益甚，倦怠乏力，声息低微，纳可，二便尚调，夜寐尚可。",神志清晰，精神尚可，形体适中，语言清晰，口唇发绀；皮肤正常，无斑疹。头颅大小形态正常，无目窼下陷，白睛无黄染，耳轮正常，无耳瘘及生疮；颈部对称，无青筋暴露，无瘿瘤瘰疬，胸部对称，虚里搏动异常，腹部平坦，无癥瘕痞块，爪甲色泽红润，双下肢无浮肿。舌质淡，苔薄白，脉细涩。,1,0,0,0,0,1,0,0,0,0,2,血瘀|气虚
431643,val,气虚血瘀证,auto,"反复胸闷喘憋气促1月余,再发1天。","患者1月前劳累后出现胸闷喘憋气促,无胸痛放射痛,无心慌自汗,无咳嗽咯痰,无腹胀腹泻腹痛,患者来我院住院治疗,住院期间查冠脉造影示:LM未见明显狭窄，LAD近中段30-40%狭窄，间隔支开口狭窄约80%，血管细小；LCX未见明显狭窄；RCA近中段管壁不规则，狭窄40-50%，远端未见明显狭窄，TIMI血流III级。予利尿减轻心脏负荷，抗血小板、稳斑调脂等治疗措施后好转出院。1天前患者胸闷喘憋气促症状又作，性质程度同前，遂至我院门诊就诊，为求系统诊治，今收入住院。入院时：患者胸闷喘憋气促，端坐呼吸，无胸痛放射痛,无心慌自汗,无咳嗽咯痰,无腹胀腹泻腹痛,纳食尚可，夜寐欠佳，二便无殊。",神志清晰，精神尚可，形体适中，语言清晰，口唇无发绀；皮肤正常，无斑疹。头颅大小形态正常，无目窼下陷，白睛无黄染，耳轮正常，无耳瘘及生疮；颈部对称，无青筋暴露，无瘿瘤瘰疬，胸部对称，虚里搏动异常，腹部平坦，无癥瘕痞块，爪甲色泽红润，双下肢有浮肿。舌淡紫，苔薄白，脉涩。,1,0,0,0,0,1,0,0,0,0,2,血瘀|气虚
457300,train,风痰阻络证,auto,左侧肢体无力、行走不稳伴语言含糊半月,患者于半月前无明显诱因出现左侧肢体无力，行走不稳，行走时向左侧倾斜，未发生跌倒，伴有语言含糊不清，症状持续无缓解，今为求中西医结合治疗，特来我院就诊。入院时症状：神志清，左侧肢体无力，左下肢较重，行走不稳，语言稍含糊，无咳嗽咳痰，无肢体抽搐，无恶心呕吐，未诉头晕头痛，饮食一般，二便可，夜寐尚可。舌质红，苔黄腻，脉弦。,神志清晰，精神尚可，形体适中，语言清晰，口唇红润；皮肤正常，无斑疹。头颅大小形态正常，无目窼下陷，白睛无黄染，耳轮正常，无耳瘘及生疮；颈部对称，无青筋暴露，无瘿瘤瘰疬，胸部对称，虚里搏动正常，腹部平坦，无癥瘕痞块，爪甲色泽红润，双下肢无浮肿，舌质红，苔黄腻，脉弦。,0,0,0,0,0,0,1,0,1,0,2,内风|痰湿
450562,train,肝胃郁热证,auto,腹痛间作三年余,患者三年前因胃癌行胃大部切除术后反复出现腹痛，以上腹、脐周为主，呈阵发性绞痛，痛势剧烈，伴嗳气，排便、排气减少，甚则无排便排气，曾多次于我院就诊，诊断为“肠梗阻”，均经保守对症治疗后症状好转。三年来患者腹痛反复发作，伴大便干结难解，多次至我院门诊就诊，予“润肠膏、莫沙必利、鸡内金”等药物口服后腹痛症状稍缓解，大便日行1-2次，成形。现患者腹痛症状再发，为求进一步诊治，今来我院，由门诊收住我科。入院时患者：腹痛时作，以上腹、脐周明显，伴腰部、右下肢疼痛，无反酸、嗳气及胸骨后烧灼感，腹胀偶作，无恶心呕吐，无黄疸，无吞咽困难，无发热，时有乏力、头晕、头部酸胀感，无咳痰、咯血，无呕血、黑便，食纳欠佳，夜寐欠安，小便尚调，大便日行一次，无粘液脓血，舌淡红苔薄，脉细弦。,神志清晰，精神尚可，形体形体适中，语言清晰，口唇红润；皮肤正常，无斑疹。头颅大小形态正常，无目窼下陷，白睛无黄染，耳轮正常，无耳瘘及生疮；颈部对称，无青筋暴露，无瘿瘤瘰疬，胸部对称，虚里搏动正常，腹部平坦，无癥瘕痞块，爪甲色泽红润，双下肢无浮肿，舌淡红，苔白，脉细弦。,0,0,0,0,1,0,0,0,0,1,2,气滞|实热
468878,train,血瘀痰凝证,auto,背部发现肿物8年余。,患者8年前不明原因背部发现一黄豆大小肿物，呈肤色，略突出皮面，无瘙痒、疼痛等不适，可挤出豆渣样物，逐渐增大。3年前顶端可挤出少量脓液，时有轻度疼痛，先后至苏州吴江医院、徐医附院就诊，考虑“囊肿”，未予特殊处理，反复破溃流脓。2月前局部疼痛较前加重，3周前至我科门诊就诊，考虑“皮脂腺囊肿”，予得宝松局部封闭治疗，疼痛减轻，仍时有破溃流脓，遂要求住院，拟手术切除治疗。患者否认近14天湖北疫区及本地发病区接触史，否认近14天新冠肺炎病人接触史，否认近14天接触过来自武汉市及周边或境内、境外疫情严重地区发热有呼吸道症状的患者，否认近14天发热、咳嗽、腹泻，查肺部CT、血常规、新冠病毒核酸检测未见明显异常，排除新冠肺炎，遂收入院系统治疗。入院时患者无发热不适，精神及纳食可，夜寐安，二便正常。,神志清晰，精神尚可，形体适中，语言清晰，口唇红润；皮肤同前，有斑疹。头颅大小形态正常，无目窼下陷，白睛无黄染，耳轮正常，无耳瘘及生疮；颈部对称，无青筋暴露，无瘿瘤瘰疬，胸部对称，虚里搏动正常，腹部平坦，无癥瘕痞块，爪甲色泽红润，双下肢无浮肿，舌质暗红，苔薄白，脉涩。,0,0,0,0,0,1,1,0,0,0,2,痰湿|血瘀
479208,train,气滞血瘀证,auto,检查发现外阴赘生物5月,患者月经周期规律，6/22天，量中等偏多，色红，有血块，轻度痛经，G4P1，顺产1男，工具避孕，无生育要求。PMP：2020-07月，LMP：2020-08月，经量少，经净后均有阴道点滴出血症状。患者平素无同房出血，无腹痛腰酸，无异常阴道出血。患者2020年05月于我院上曼月乐环，行妇科检查发现外阴赘生物，如黄豆大小，色褐，表面尚光滑，无触痛，建议其手术切除，现患者有手术意愿，门诊排除新冠肺炎后由门诊拟“外阴肿物”收治入院。刻下：患者神清，精神可，无阴道出血，无腹痛及腰酸，无寒热往来，无头晕头痛，无肛门下坠感，纳可，寐安，二便调畅，舌紫黯，苔薄，脉沉涩。,神志清晰，精神尚可，形体适中，语言清晰，口唇红润；皮肤正常，无斑疹。头颅大小形态正常，无目窼下陷，白睛无黄染，耳轮正常，无耳瘘及生疮；颈部对称，无青筋暴露，无瘿瘤瘰疬，胸部对称，虚里搏动正常，腹部平坦，无癥瘕痞块，爪甲色泽红润，双下肢无浮肿，舌紫黯，苔薄，脉沉涩。,0,0,0,0,1,1,0,0,0,0,2,气滞|血瘀
450307,train,气阴两虚证,auto,发现血糖升高20年，加重伴视物模糊半年,患者20年前，因外院体检查空腹血糖升高，诊为2型糖尿病，近四年患者服用“二甲双胍缓释片 0.5g 1粒 1/日，唐林1片 3/日，甲钴胺 1片 1/日，依托平 1片 1/日，速秀霖 餐前皮下注射，3/日，长秀霖20u 睡前皮下注射降糖，”患者不规律服药，且饮食未加控制，血糖控制不理想。半年前无明显诱因出现口渴多饮较前加重，伴视物模糊。经调整饮食无改善。现为控制血糖紊乱及检查并发症，入住我区。现症：视物模糊，时感头晕昏沉，口干多饮，无恶心呕吐，无心慌胸闷，胃部隐痛，纳食一般，四肢乏力，四肢麻木，二便调。自发病以来神清，精神可，睡眠可，无发热，近期无明显消瘦及肥胖。,神志清晰，精神尚可，形体适中，语言清晰，口唇红润；皮肤正常，无斑疹。头颅大小形态正常，无目窼下陷，无白睛，耳轮正常，无耳瘘及生疮；颈部对称，无青筋暴露，无瘿瘤瘰疬，胸部对称，虚里搏动正常，腹部平坦，无癥瘕痞块，爪甲色泽红润，双下肢无浮肿。舌淡红，苔薄黄，脉细数。,1,0,1,0,0,0,0,0,0,0,2,阴虚|气虚
483812,train,湿热下注证,auto,肛内肿物外脱伴间发便血半年,患者于入院前6月，出现因食辛辣醇厚且劳累后出现肛内肿物外脱伴间发便血，血色时暗红时鲜红，夹杂血块，未予治疗，症情反复发作渐加重，遂来本院求治。刻下：肛内肿物外脱，大便日行1次，大便不成型，排出畅，伴便血，血色时暗红时鲜红，夹杂血块，伴排便不尽及肛门坠胀感，有粘液便，小溲畅，无发热恶寒。纳食可，夜寐尚可，舌红，苔黄，脉滑数。,神志清晰，精神尚可，形体适中，语言清晰，口唇红润；皮肤正常，无斑疹。头颅大小形态正常，无目窼下陷，白睛无黄染，耳轮正常，无耳瘘及生疮；颈部对称，无青筋暴露，无瘿瘤瘰疬，胸部对称，虚里搏动正常，腹部平坦，无癥瘕痞块，爪甲色泽红润，双下肢无浮肿，舌淡红，苔白，脉滑数。,0,0,0,0,0,0,0,1,0,0,1,湿热
426233,train,气虚血瘀证,auto,反复头晕不适14年余加重伴行走不稳1天,患者有高血压病史14余年，血压最高180/110mmHg，不规律服用金缬克及氨氯地平（具体不详），血压时有波动，反复出现头晕头昏，无视物旋转，无恶心呕吐，1天前出现头晕明显加重，伴行走不稳，肢体麻木，言语不利，今日至我院就诊，门诊拟“脑梗死”收住入院，入院时：患者头晕头昏，无头痛，无视物旋转，神疲乏力，少气懒言，行走不稳，无晕厥黑曚，无恶心呕吐，病程中无恶寒发热，无咳嗽咳痰，纳可，二便正常，夜寐一般。,神志清晰，精神尚可，形体适中，语言清晰，口唇红润；皮肤正常，无斑疹。头颅大小形态正常，无目窼下陷，白睛无黄染，耳轮正常，无耳瘘及生疮；颈部对称，无青筋暴露，无瘿瘤瘰疬，胸部对称，虚里搏动正常，腹部平坦，无癥瘕痞块，爪甲色泽红润，双下肢无浮肿，舌淡有紫气，苔薄白，脉弦涩。,1,0,0,0,0,1,0,0,0,0,2,血瘀|气虚
461829,train,风痰入络证,auto,右侧肢体无力伴言语不利10年余加重1月,患者曾有脑梗死病史10余年，遗留右侧肢体无力及言语不利，近1月来患者自觉右侧肢体无力及言语不利症状加重，今为求进一步治疗由门诊收入院，入院证见神志清，精神欠佳，轮椅推入病区，右侧肢体无力，言语不利，左眼视物模糊，左上眼睑下垂，腰痛，无头晕及头痛，无咳嗽及咳痰，无发热，平素饮食可，睡眠可，小便淋漓不断，大便二日一行。,神志清晰，精神尚可，形体适中，语言不利，口唇少润；皮肤正常，无斑疹。头颅大小形态正常，无目窼下陷，白睛无黄染，耳轮正常，无耳瘘及生疮；颈部对称，无青筋暴露，无瘿瘤瘰疬，胸部对称，虚里搏动正常，腹部平坦，无癥瘕痞块，爪甲色泽少润，双下肢无浮肿，舌淡，苔白，脉弦滑。,0,0,0,0,0,0,1,0,1,0,2,内风|痰湿
454356,train,风痰上扰证,auto,头晕间作半年余，加重半月,患者半年前出现头晕，无视物旋转、无黑懵，未予系统治疗，期间症状反复，半月前症状较前加重，现为求中西医结合治疗至我院就诊，经门诊收住入院，入院时：患者神清，精神欠佳，表情淡漠，头晕，头如裹布，左手及左下肢不自主抖动，无视物旋转、无恶心呕吐、无胸闷心慌，纳食可，夜寐安，小便频，便秘。舌暗，苔白，脉弦滑。,神志清晰，精神欠佳，形体适中，语言清晰，口唇红润；皮肤正常，无斑疹。头颅大小形态正常，无目窼下陷，白睛无黄染，耳轮正常，无耳瘘及生疮；颈部对称，无青筋暴露，无瘿瘤瘰疬，胸部对称，虚里搏动正常，腹部平坦，无癥瘕痞块，爪甲色泽红润，双下肢无浮肿，舌暗，苔白，脉弦滑。,0,0,0,0,0,0,1,0,1,0,2,内风|痰湿
445277,train,风痰阻络证,auto,突发言语欠清伴右侧肢体麻木1天,患者今日无明显诱因下突然出现言语欠清，右侧肢体麻木，活动不利，头晕间作，无视物旋转，无恶心呕吐，今为求进一步治疗，遂来我院就诊，入院时：患者神志尚清，精神一般，言语欠清，右侧肢体麻木，活动不利，头晕间作，无意识障碍，无视物旋转，无恶心呕吐，无腹痛腹泻，纳寐尚可，二便尚调。,神志清晰，精神尚可，形体适中，语言含糊，口唇红润；皮肤正常，无斑疹。头颅大小形态正常，无目窼下陷，白睛无黄染，耳轮正常，无耳瘘及生疮；颈部对称，无青筋暴露，无瘿瘤瘰疬，胸部对称，虚里搏动正常，腹部平坦，无癥瘕痞块，爪甲色泽红润，双下肢无浮肿，舌暗红，苔薄腻，脉涩。,0,0,0,0,0,0,1,0,1,0,2,内风|痰湿
487280,test,痰湿蕴肺证,auto,"反复咳喘8年余,加重1周。",患者8余年前每于感寒受凉后出现咳嗽、咳痰、伴气喘，经抗炎平喘治疗后可改善，多于秋冬季发病，每年总病程超过三个月，诊为慢阻肺，反复发病，间断求治。1周余前受凉后，出现咳嗽、咳黄白痰，痰尚能咳出，气喘明显，动则喘促，伴发热，最高37.9℃，为求进一步诊治，门诊以“AECOPF”收入我区系统治疗。病中，患者无咳吐粉红色痰、无咯血、饮食一般、睡眠一般，小便正常，大便干结。,神志模糊，精神欠佳，形体偏瘦，语言含糊，口唇红润；皮肤正常，无斑疹。头颅大小形态正常，无目窼下陷，白睛无黄染，耳轮正常，无耳瘘及生疮；颈部对称，无青筋暴露，无瘿瘤瘰疬，胸部对称，虚里搏动正常，腹部平坦，无癥瘕痞块，爪甲色泽红润，双下肢无浮肿，舌淡红，苔白，脉滑。,0,0,0,0,0,0,1,0,0,0,1,痰湿
419859,train,气滞血瘀证,auto,主因“右肩关节疼痛1年余，加重1月”入院。,患者1年余前无明显诱因下出现右肩关节疼痛、活动尚可，未予重视及系统诊治，后症状逐渐时轻时重，影响患者日常生活。1月前因天气寒冷突然出现患肩疼痛加重，伴活动明显受限。为求进一步治疗，今来我院就诊，门诊查体后以“右侧肩袖损伤”收入住院，入院时，患者精神可、神志清，右肩部疼痛活动受限依然，无心慌胸闷，无恶心呕吐。,神志清晰，精神尚可，形体适中，语言清晰，口唇红润；皮肤正常，无斑疹。头颅大小形态正常，无目窼下陷，白睛无黄染，耳轮正常，无耳瘘及生疮；颈部对称，无青筋暴露，无瘿瘤瘰疬，胸部对称，虚里搏动正常，腹部平坦，无癥瘕痞块，爪甲色泽红润，双下肢无浮肿，舌淡白，苔白，脉细弱。,0,0,0,0,1,1,0,0,0,0,2,气滞|血瘀
431108,train,风痰阻络证,auto,突发左半身麻木4天。,患者于4天前无明显诱因出现左半身麻木不适，症状持续无明显缓解，遂至我院门诊，予收入我科。入院时症状：神志清，精神可，左半身麻木不适，行走可，腰腿部时有酸痛不适，无意识障碍，无肢体抽搐、痉挛等，饮食欠佳，二便可，夜寐尚可。舌质红，苔黄腻，脉弦。,神志清晰，精神尚可，形体适中，语言清晰，口唇红润；皮肤正常，无斑疹。头颅大小形态正常，无目窼下陷，白睛无黄染，耳轮正常，无耳瘘及生疮；颈部对称，无青筋暴露，无瘿瘤瘰疬，胸部对称，虚里搏动正常，腹部平坦，无癥瘕痞块，爪甲色泽红润，双下肢无浮肿，舌质红，苔黄腻，脉弦。,0,0,0,0,0,0,1,0,1,0,2,内风|痰湿
484644,train,湿热蕴毒证,auto,胰腺癌肝转移5月，腹痛加重3天,2020-07患者因“上腹痛间作2月余”就诊我院消化科，查胸部CT：两肺间质性改变，轻度肺气肿；右肺中叶陈旧条索影；右上背侧胸膜局部增厚、钙化；肝左外叶低密度影，胰头形态不规则。右肾上极水平，腹膜后多枚结节影，建议上中腹部平扫+增强CT。全腹平扫+增强CT：1、胰头部占位（约3.6cm），考虑新生物。2、肝脏多发异常强化灶（较大者约2.9cm），考虑转移瘤。3、左侧肾上腺结节（约1.3cm），考虑腺瘤。4、双肾多发小囊肿。5、前列腺增生伴钙化。6、腹主动脉旁及右侧腹股沟区多发淋巴结肿大。电子胃镜：活动性胃炎伴糜烂（C2萎缩）；胃粘膜隆起内镜下治疗。腹水超声：腹腔未见明显积液。后进一步就诊徐州市中心医院，07-24行超声引导下肝转移灶穿刺活检，病理示：“肝左叶肿物”穿刺示腺癌。建议行白蛋白紫杉醇+吉西他滨化疗，患者及家属拒绝。病程中患者上腹痛，放射腰背部，夜间明显，近3天加重，口服羟考酮（3点 30mg，15点 20mg）和氨酚曲马多（1# prn）效果欠佳，恶心呕吐，纳食极少，为求进一步中西医结合治疗入院。入院时患者诉上腹痛，夜间明显，纳差，时恶心、吐黏涎，甚至呕吐，无腹胀，无咳嗽咳痰，活动后稍喘，无发热，有排气，平素便秘，用开塞露可缓解，2-3天一行，小便调，夜寐欠安。,神志清晰，精神尚可，形体适中，语言清晰，口唇红润；皮肤正常，无斑疹。头颅大小形态正常，无目窼下陷，白睛无黄染，耳轮正常，无耳瘘及生疮；颈部对称，无青筋暴露，无瘿瘤瘰疬，胸部对称，虚里搏动正常，腹部平坦，无癥瘕痞块，爪甲色泽红润，双下肢无浮肿，舌质红，苔黄腻，脉弦滑。,0,0,0,0,0,0,0,1,0,1,2,湿热|实热
482057,train,正虚瘀结证,auto,宫颈癌术后2月余，放疗结束后要求化疗,患者绝经10余年，2020年07月因同房后阴道出血行宫颈活检病理回示宫颈鳞状细胞癌，07-12行TP（顺铂+紫杉醇）方案化疗，2020年08月06日行根治性子宫切除+双附件切除+盆腔淋巴结清扫术，术后病理：宫颈中分化鳞形细胞癌，浸润肌层及灶性脂肪组织，累及宫颈管内口，阴道切端未见癌组织累及，子宫内膜、宫体肌层、左右宫角未见癌累及，双侧附件未见癌转移，左侧盆腔淋巴结1/10枚见癌转移，右侧盆腔淋巴结1/13枚见癌转移，好转后出院。于2020-09-03在徐医二附院予27f/1.8Gy放疗，共27次，病程中患者自诉时有前胸后背憋闷感，有食欲，但食后有腹胀感，10-09好转出院。患者因放疗结束后要求化疗，由门诊收治入院，入院时见：神清，精神可，自诉时有腹胀，前胸后背略有憋闷感，无阴道出血，无腹痛腰酸等不适，纳眠可，二便调，舌红，苔白，脉细弱。,神志清晰，精神尚可，形体适中，语言清晰，口唇红润；皮肤正常，无斑疹。头颅大小形态正常，无目窼下陷，白睛无黄染，耳轮正常，无耳瘘及生疮；颈部对称，无青筋暴露，无瘿瘤瘰疬，胸部对称，虚里搏动正常，腹部平坦，无癥瘕痞块，爪甲色泽红润，双下肢无浮肿，舌红，苔白，脉细弱。,1,0,0,0,0,1,0,0,0,0,2,血瘀|气虚
457832,train,痰湿蕴肺证,auto,"反复咳喘6年余,加重2月余","患者6年余前无明显诱因出现咳嗽、咳痰、喘憋，于当地医院就诊，予以对症治疗后改善。此后期间，患者咳嗽、咳痰及喘憋症状反复发作，多在受凉及季节交替时加重，每年发作时间超过3个月，多次因病情加重于当地医院就诊，诊断为“慢性阻塞性肺疾病”，予以药物化痰、止喘及消炎等对症治疗后改善。2月余前患者因受凉后出胸闷憋喘加重，动则尤甚，咳嗽、咳中等量黄粘痰，无发热，无明显胸痛，伴腹胀明显，不能坐位。入院完善相关检查，提示不全性肠梗阻，双侧胸腔及腹腔大量积液，血氧饱和度进行性下降，至ICU抢救,经气管切开,呼吸机支持通气，双侧胸腔穿刺引流，腹腔穿刺引流，抗感染，解痉平喘等治疗后，间断脱机锻炼患者呼吸功能。患者目前无发热，神智模糊，呼之可点头，吸痰可见痰液淡黄色，粘稠，量多。为求进一步诊治，今来我院就诊，门诊以“慢性阻塞性肺疾病急性加重”收入我区住院系统治疗。患者目前神智模糊，呼之可点头，全身无明显水肿，自主呼吸，尚平稳，氧合尚可，吸痰可见痰液淡黄色，粘稠，量多，留置胃管，留置尿管。",神志清晰，精神尚可，形体适中，语言清晰，口唇红润；皮肤正常，无斑疹。头颅大小形态正常，无目窼下陷，白睛无黄染，耳轮正常，无耳瘘及生疮；颈部对称，无青筋暴露，无瘿瘤瘰疬，胸部对称，虚里搏动正常，腹部平坦，无癥瘕痞块，爪甲色泽红润，双下肢无浮肿，舌淡红，苔白，脉弦滑。,0,0,0,0,0,0,1,0,0,0,1,痰湿
466999,train,痰湿蒙窍证,auto,头晕昏沉间作2月，加重1周,患者于2月前因工作压力增大出现头晕、视物昏沉不适，颈项部酸痛、头部紧痛阵作，症状迁延间作，1周前症状加重，现为进一步中西医结合治疗，遂入本院求治，病程中无发热、无意识丧失，无四肢抽搐，无大小便失禁。入院症状：神志清晰，头晕、昏沉时作，无视物旋转，偶有恶心干呕，心慌不适，自觉咽喉后、食管后、胃脘部隐痛、嘈杂不适，颈项部酸痛困重，纳食一般，夜寐欠安，多梦、易醒，大便如常，小便正常，舌暗淡，苔白腻，脉濡。,神志清晰，精神尚可，形体适中，语言清晰，口唇红润；皮肤正常，无斑疹。头颅大小形态正常，无目窼下陷，白睛无黄染，耳轮正常，无耳瘘及生疮；颈部对称，无青筋暴露，无瘿瘤瘰疬，胸部对称，虚里搏动正常，腹部平坦，无癥瘕痞块，爪甲色泽红润，双下肢无浮肿，舌暗淡，苔白腻，脉濡。,0,0,0,0,0,0,1,0,0,0,1,痰湿
442271,train,湿热瘀阻证,auto,下腹疼痛1天。,患者既往月经周期规则，3-4/26-32天，量偏少，色红，少量血块，有轻-中度痛经史，G2P1，未避孕；昨日患者因生育要求于我院门诊就诊，予查HSG示：1.右侧输卵管部分显影；2.考虑宫颈及子宫内膜粘连可能大，建议宫腔镜检查。妇科检查提示盆腔炎症，建议患者住院综合治疗后行宫腔镜检查；LMP：2019-07-30，量色同平素，经净后否认性生活；现患者为求进一步综合治疗，由门诊拟“盆腔炎”收住入院；刻下：患者神清，精神可，偶有下腹疼痛，腰酸，阴道少量褐色分泌物，无恶心呕吐，纳食可，二便调，夜寐安，舌暗红，苔黄腻，脉滑数。,神志清晰，精神尚可，形体适中，语言清晰，口唇红润；皮肤正常，无斑疹。头颅大小形态正常，无目窼下陷，白睛无黄染，耳轮正常，无耳瘘及生疮；颈部对称，无青筋暴露，无瘿瘤瘰疬，胸部对称，虚里搏动正常，腹部平坦，无癥瘕痞块，爪甲色泽红润，双下肢无浮肿，舌暗红，苔黄腻，脉滑数。,0,0,0,0,0,0,0,1,0,0,1,湿热
456796,val,脾胃虚寒证,auto,反复排便费力、腹胀痛一月,患者一月前无明显诱因出现排便费力，里急后重，大便干硬难解，无粘液、脓血，有腹痛，排便后腹痛稍缓解，伴有上腹胀痛、反酸、嗳气及上腹部烧灼感，无发热，无咳嗽、咳痰，无胸闷、憋喘，无恶心、呕吐。至我院门诊就诊，口服药物后排便费力稍好转，患者为求进一步诊治，今来我院，由门诊收入我科。发病以来患者无明显头晕、心慌、胸闷，感脘腹胀满不舒，面色萎黄，肢倦乏力，睡眠欠佳，小便正常，舌淡苔白，脉细弱，近期体重无明显变化。,神志清晰，精神尚可，形体形体适中，语言清晰，口唇红润；皮肤正常，无斑疹。头颅大小形态正常，无目窼下陷，白睛无黄染，耳轮正常，无耳瘘及生疮；颈部对称，无青筋暴露，无瘿瘤瘰疬，胸部对称，虚里搏动正常，腹部平坦，无癥瘕痞块，爪甲色泽红润，双下肢无浮肿，舌淡红，苔白，脉弦。,0,0,0,1,0,0,0,0,0,0,1,阳虚
456791,train,气虚血瘀证,auto,反复胸闷痛3年，再发加重2天。,患者3余年前开始反复出现胸闷痛，劳累时明显加重，每次持续约10分钟，休息后可缓解，2016年行冠脉CTA提示局部血管狭窄约70%，未予正规诊治。2019年1月14日再发胸闷痛就诊于我院，行冠脉CTA示左前降支近段片状钙化斑块及软斑块，局部管腔狭窄约>70%；D2近段下片钙化斑块，管腔轻度狭窄；左旋支近段小片软斑块及钙化斑块，局部管腔狭窄约60%；左缘支近段小片钙化影，管腔轻度狭窄。右冠近段小片钙化密度，管腔稍变窄。未接受介入治疗，治疗好转出院后未正规服用冠心病二级预防药物。17日23点左右再发胸闷痛，位于心前区，伴胸骨后紧缩感，恶心呕吐，就诊于外院给予治疗后好转，18日6点左右再发症状再发，自觉症状持续不能缓解，遂今至我院就诊，为进一步诊治收住入院。入院时：患者仍时有胸闷，无胸痛及其他部位放射痛，无心慌、汗出，无恶心呕吐，无头晕、黑矇，无畏寒、发热，无咳嗽咳痰，饮食睡眠一般，二便正常。,神志清晰，精神欠佳，形体适中，语言清晰，口唇发绀；皮肤色素沉着，无斑疹。头颅大小形态正常，无目窼下陷，白睛无黄染，耳轮正常，无耳瘘及生疮；颈部对称，无青筋暴露，无瘿瘤瘰疬，胸部对称，虚里搏动正常，腹部平坦，无癥瘕痞块，爪甲色泽红润，双下肢无浮肿，舌质紫暗，有瘀斑，舌下瘀筋，苔薄，脉弦涩。,1,0,0,0,0,1,0,0,0,0,2,血瘀|气虚
450661,train,湿热下注证,auto,间歇性肛旁有脓溢出4年余，加重3天,患者4年余前感染而发为脓肿，肛旁肿胀，自服抗菌消炎药物后，其自行溃破，此后间断有脓溢出，反复发作，3天来上述症状加重，遂于今日来我院就诊，由门诊拟“肛瘘、混合痔”收入我区。刻下：肛旁有脓液溢出，疼痛不适，色鲜红，二便尚调，纳差寐欠安。,神志清晰，精神尚可，形体形体适中，语言清晰，口唇红润；皮肤正常，无斑疹。头颅大小形态正常，无目窼下陷，无白睛，耳轮正常，无耳瘘及生疮；颈部对称，无青筋暴露，无瘿瘤瘰疬，胸部对称，虚里搏动正常，腹部平坦，无癥瘕痞块，爪甲色泽红润，双下肢无浮肿，舌淡红，苔白，脉平和。,0,0,0,0,0,0,0,1,0,0,1,湿热
469095,train,风痰阻络证,auto,左上肢无力伴不自主抖动半年余，加重1周。,患者半年前出现左上肢无力伴不自主抖动，持物不稳，站立行走不稳，症状持续无缓解，为求系统诊治，由门诊收住入院，入院时患者神志清，精神欠佳，左上肢无力伴不自主抖动，行走不稳，行走时前冲，腰背部酸痛，时有汗出，无口角流涎，无恶寒发热，无恶心呕吐，无心慌胸闷，无头晕昏沉，无肢体抽搐，言语清，无呛咳，食纳尚可，夜寐安，二便正常，舌淡紫，苔白腻，脉弦。,神志清晰，精神欠佳，形体适中，语言清晰，口唇红润；皮肤正常，无斑疹。头颅大小形态正常，无目窼下陷，白睛无黄染，耳轮正常，无耳瘘及生疮；颈部对称，无青筋暴露，无瘿瘤瘰疬，胸部对称，虚里搏动正常，腹部平坦，无癥瘕痞块，爪甲色泽红润，双下肢无浮肿，舌淡紫，苔白腻，脉弦。,0,0,0,0,0,0,1,0,1,0,2,内风|痰湿
423626,test,湿热蕴结证,auto,左下腹隐痛伴大便不成形三年,患者三年前无明显诱因下出现左下腹部隐痛不适，伴有大便不成形2次/日，不成形，伴里急后重，无粘液附着，无肉眼脓血，饮食尚可，无反酸烧心，无嗳气、呕吐，曾于外院就诊，行电子结肠镜示结肠多发息肉伴重度异性，病理示升结肠腺瘤型息肉，降结肠容貌管状腺瘤伴上皮轻-重度异型增生，肠息肉予内镜下治疗后好转出院。三年来病情反复，未系统治疗，今为求进一步诊治而来我院，门诊遂以结肠息肉待查收入我科。发病来，患者左下腹隐痛，伴大便不成形，无发热、黄疸，无头痛，无胸痛、咳痰、咯血，无呕血、黑便，食纳、睡眠尚可，无尿频、尿急，无肉眼血尿，近期无明显消瘦。,神志清晰，精神尚可，形体形体偏胖，语言清晰，口唇红润；皮肤正常，无斑疹。头颅大小形态正常，无目窼下陷，无白睛，耳轮正常，无耳瘘及生疮；颈部对称，无青筋暴露，无瘿瘤瘰疬，胸部对称，虚里搏动正常，腹部平坦，无癥瘕痞块，爪甲色泽红润，双下肢无浮肿，舌红，苔黄腻，脉弦。,0,0,0,0,0,0,0,1,0,0,1,湿热
433326,train,瘀血阻络证,auto,左肩疼痛4月,患者4月前出现左肩疼痛，症状持续不缓解，为求系统治疗至我院就诊，门诊以“痹证”收住入院，入院时：患者神清，精神欠佳，左肩疼痛，活动受限，无头晕头痛、无胸闷心慌、无腹痛腹胀，纳食可，夜寐安，二便尚调。舌暗，苔黄腻，脉弦滑。,神志清晰，精神欠佳，形体适中，语言清晰，口唇红润；皮肤色素沉着，无斑疹。头颅大小形态正常，无目窼下陷，白睛无黄染，耳轮正常，无耳瘘及生疮；颈部对称，无青筋暴露，无瘿瘤瘰疬，胸部对称，虚里搏动正常，腹部平坦，无癥瘕痞块，爪甲色泽红润，双下肢无浮肿，舌暗，苔黄腻，脉弦滑。,0,0,0,0,0,1,0,0,0,0,1,血瘀
464986,train,气虚血瘀证,auto,头晕4月余加重半月,患者诉4个多月前无明显诱因下自觉头晕，伴有行走不稳，症状反复，予当地药物治疗后效果不显，近半月来患者自觉头晕症状加重，时有头痛，今为求进一步治疗由门诊收入院，入院证见：神志清，精神一般，头晕，行走不稳，头痛，言语清，肢体活动正常，双下肢水肿，无发热，无咳嗽就咳痰，饮食睡眠一般，二便通畅。,神志清晰，精神尚可，形体适中，语言清晰，口唇红润；皮肤正常，无斑疹。头颅大小形态正常，无目窼下陷，白睛无黄染，耳轮正常，无耳瘘及生疮；颈部对称，无青筋暴露，无瘿瘤瘰疬，胸部对称，虚里搏动正常，腹部平坦，无癥瘕痞块，爪甲色泽红润，双下肢无浮肿，舌淡紫，苔白，脉细弱。,1,0,0,0,0,1,0,0,0,0,2,血瘀|气虚
474306,train,正虚瘀结证,auto,肝内胆管细胞癌1月余，介入术后1月。,"患者2020-07-10因黄疸至徐州市中心医院，查腹部彩超：肝门部结节（肝门部胆管Ca累及左肝管），肝左叶胆管扩张，肝纤维化，脾大。2020-7-13至我科住院，胸部CT：左肺上叶陈旧灶；冠状动脉钙化。腹部CT：肝左外叶密度减低，肝内胆管扩张，建议：增强CT、查肿瘤标记物；前列腺增大伴钙化。AFP 572.59ng/ml↑,CA125 39.12U/ml↑,细胞角蛋白19片段 6.09ng/ml↑。2020.07.14胸部CT：左肺上叶陈旧灶；冠状动脉钙化。腹部CT：肝左外叶密度减低，肝内胆管扩张，建议：增强CT、查肿瘤标记物；前列腺增大伴钙化。2020.07.15上腹部增强CT：肝左外叶胆管细胞Ca，建议：MRI（平扫+增强）、查肿瘤标记物。2020.07.19头颅CT：1.右侧基底节区稍低密度影，血肿吸收期；2.两侧基底节区腔隙性脑梗塞；3.侧脑室旁脑白质变性；4.脑萎缩。肩关节CT：双侧肩关节未示明显异常。肘关节CT：左肘关节退行变。排除治疗禁忌，2020-7-20于DSA室行经皮穿刺腹腔动脉造影+灌注+栓塞术，手术顺利。今为求进一步中西医结合治疗入院。现患者乏力，无恶心、呕吐，胃纳尚可，左上肢无力，无腹痛、腹胀，二便尚调，小便黄，夜寐尚安，消瘦。",神志清晰，精神尚可，形体偏瘦，语言清晰，口唇红润；皮肤黄染，无斑疹。头颅大小形态正常，无目窼下陷，白睛有黄染，耳轮正常，无耳瘘及生疮；颈部对称，无青筋暴露，无瘿瘤瘰疬，胸部对称，虚里搏动正常，腹部平坦，无癥瘕痞块，爪甲色泽红润，双下肢无浮肿，舌淡红，苔白，脉沉细。,1,0,0,0,0,1,0,0,0,0,2,血瘀|气虚
446676,train,肝胃不和证,auto,上腹部不适2年，加重3天,患者3年来无明显诱因反复出现上腹部不适，呈阵发性隐痛，以剑下为主，无放射痛，与进食无明显关系，伴有上腹饱胀、烧心，无反酸嗳气，无胸闷呃逆，无恶心呕吐，无口干口苦，患者于2016年于我院行胃镜示1、慢性胃炎2、胃息肉，给予抑酸、护胃及胃息肉内镜下治疗，患者感上述症状缓解，但间断症状反复。患者近2天再次出现上述症状，感上腹隐痛加重，今为求中西医结合进一步诊治来我院，门诊遂拟慢性胃炎收住入院。病程中患者上腹部隐痛，伴有饱胀、烧心，无嗳气，无口干口苦，无发热、黄疸，无吞咽困难，无呕血、黑便，无腹泻，食纳、睡眠正常。大便1次/天，不成形。近期体重无明显变化。,神志清晰，精神尚可，形体形体适中，语言清晰，口唇红润；皮肤正常，无斑疹。头颅大小形态正常，无目窼下陷，无白睛，耳轮正常，无耳瘘级生疮；颈部对称，无青筋暴露，无瘿瘤瘰疬，胸部对称，虚里搏动正常，腹部平坦，无癥瘕痞块，爪甲色泽红润，双下肢对称舌质红，苔薄黄，脉弦。,0,0,0,0,1,0,0,0,0,0,1,气滞
420239,train,气滞血瘀证,auto,颈痛伴左上肢疼痛麻木3月余,"患者3月前无明显诱因出现颈部疼痛活动不利伴左上肢放射性疼痛麻木，休息后无明显缓解,后逐渐加重，颈部后伸及转侧明显受限，现为行进一步治疗，来我院门诊就诊，门诊拟“神经根型颈椎病”收住入院。刻下患者神清，精神一般。无头晕头痛，无行走不稳，无咳嗽咳痰，无腹痛腹泻，饮食睡眠可，大小便正常。",神志清晰，精神尚可，形体适中，语言清晰，口唇红润；皮肤正常，无斑疹。头颅大小形态正常，无目窼下陷，白睛无黄染，耳轮正常，无耳瘘及生疮；颈部对称，无青筋暴露，无瘿瘤瘰疬，胸部对称，虚里搏动正常，腹部平坦，无癥瘕痞块，爪甲色泽红润，双下肢无浮肿，舌淡红，苔白，脉弦。,0,0,0,0,1,1,0,0,0,0,2,气滞|血瘀
457653,train,肾虚证,auto,停经11周+，发现胚胎停止发育1天。,患者平素月经周期规律，7/30-32天，月经量中，色暗红，轻中痛经，G1P1。末次月经2019-10-11，量色质如常，11-16日患者月经逾期未至测尿妊娠阳性，后未予系统保胎治疗。半月前出现恶心不适间作，偶有呕吐。1周前恶心呕吐不适明显减轻，伴阴道少量出血一次，未予重视及诊疗。自述今日查妇科彩超提示胚停。现为求进一步综合治疗，遂由门诊收入院。刻下：患者小腹隐痛，阴道少量褐色出血，无腰酸，无肛门下坠感，无寒热往来，偶有恶心不适，无呕吐，纳食可，寐安，二便调畅，舌淡红，苔白，脉沉滑尺脉弱。,神志清晰，精神尚可，形体适中，语言清晰，口唇红润；皮肤正常，无斑疹。头颅大小形态正常，无目窼下陷，白睛无黄染，耳轮正常，无耳瘘及生疮；颈部对称，无青筋暴露，无瘿瘤瘰疬，胸部对称，虚里搏动正常，腹部平坦，无癥瘕痞块，爪甲色泽红润，双下肢无浮肿，舌淡红，苔白，脉沉滑尺脉弱。,1,0,0,1,0,0,0,0,0,0,2,阳虚|气虚
455383,train,湿热下注证,auto,肛内肿物外脱伴肿痛便血5天,"患者于入院前5天劳累后出现肛内肿物外脱伴肿痛便血,未予治疗，症情反复发作渐加重，遂来本院求治。刻下：肛内肿物脱出伴肿缘疼痛，坐卧不宁，行走不利。大便日行1-2次，质软，排出畅，伴便血，鲜血，量多，无排便不尽及肛门坠胀感，无粘液便，小溲畅，无发热恶寒。纳食可，夜寐尚可，舌红，苔黄，脉滑数。",神志清晰，精神尚可，形体适中，语言清晰，口唇红润；皮肤正常，无斑疹。头颅大小形态正常，无目窼下陷，白睛无黄染，耳轮正常，无耳瘘及生疮；颈部对称，无青筋暴露，无瘿瘤瘰疬，胸部对称，虚里搏动正常，腹部平坦，无癥瘕痞块，爪甲色泽红润，双下肢无浮肿，舌淡红，苔白，脉数。,0,0,0,0,0,0,0,1,0,0,1,湿热
454778,train,气虚血瘀证,auto,反复胸闷痛2年余，加重伴憋喘1周,患者2年来反复于活动后出现胸闷痛症状，以心前区为主，每次症状持续2-5分钟，休息后症状可缓解，曾于2017-6月我科就诊，诊断“1.急性心肌梗死（心功能II级）2.慢性阻塞性肺病急性发作3.甲状腺功能亢进”，予以对症治疗后好转出院；1周来患者受凉后胸闷症状较前加重，伴活动后憋喘症状，伴心悸、出汗、头晕症状，伴轻度纳差、恶心、乏力症状，无咳嗽、咳痰，无盗汗、咳血，无喘息、呼吸困难，无反酸、嗳气，无鼻塞、流涕，无大汗淋漓，无意识障碍，无头痛、黑曚、晕厥等症状，患者症状反复发作，胸闷痛程度及持续时间逐渐加重，患者不能耐受，遂今日至我院就诊，为进一步治疗门诊拟以“冠心病”收入我科。发病以来患者神志清、精神差，饮食、睡眠、体力欠佳，体重无明显变化，二便正常。,神志清晰，精神欠佳，形体适中，语言清晰，口唇发绀；皮肤正常，无斑疹。头颅大小形态正常，无目窼下陷，白睛无黄染，耳轮正常，无耳瘘及生疮；颈部对称，无青筋暴露，无瘿瘤瘰疬，胸部对称，虚里搏动正常，腹部平坦，无癥瘕痞块，爪甲色泽青紫，双下肢无浮肿，舌暗，苔白腻，脉弦涩。,1,0,0,0,0,1,0,0,0,0,2,血瘀|气虚
427179,train,肝胃郁热证,auto,上腹痛2天,患者2天前无明显诱因出现上腹部疼痛不适，疼痛以剑下及右上腹为主，呈持续性疼痛，不伴有肩背部放射痛，有反酸、嗳气、腹胀及上腹部、胸骨后烧灼感，无恶心、呕吐，无发热，食欲尚可，大便每日一次，无粘液脓血便。患者为求进一步诊治，今来我院，查电子胃镜示食管炎、糜烂性胃炎、胃息肉，患者为求进一步治疗，由门诊收入我科。病程中患者：无头晕，无心悸胸闷，纳可，睡眠可，小便正常，近期体重无明显变化，舌红苔白，脉弦。,神志清晰，精神尚可，形体形体适中，语言清晰，口唇红润；皮肤正常，无斑疹。头颅大小形态正常，无目窼下陷，白睛无黄染，耳轮正常，无耳瘘及生疮；颈部对称，无青筋暴露，无瘿瘤瘰疬，胸部对称，虚里搏动正常，腹部平坦，无癥瘕痞块，爪甲色泽红润，双下肢无浮肿，舌淡红，苔白，脉弦。,0,0,0,0,1,0,0,0,0,1,2,气滞|实热
469697,train,湿热内蕴证,auto,目黄、肤黄伴腹胀6天,患者6天前饮食不节、受凉后出现腹胀，纳差、乏力症状，身黄、目黄，小便色黄如浓茶，自诉大便颜色正常，无明显胁肋部隐痛，无肩背部放射痛，呈持续性隐痛，食欲差，睡眠差，有恶心干呕，有呕吐，自诉呕吐物为进食食物，自诉2天前曾有发热，自行口服巴米尔后症状体温恢复正常。患者现目黄、肤黄、小便呈浓茶色，有腹胀，纳差、乏力，患者为求中西医结合系统治疗，今来我院，查血常规：中性细胞比率 76.60%、淋巴细胞比率12.60%、单核细胞比率10.40%；新冠抗体：阴性；胸部CT诊断：两肺间质性改变、散在慢性/陈旧灶。右肺膨胀不全、下叶实变可能。两侧胸膜增厚。建议：随诊；由门诊收入我科，病程中：患者纳谷稍差，乏力，遇劳加重，口干咽燥，心中烦热，夜寐尚可，小便黄，自诉大便颜色正常，舌淡红，苔薄白，脉弦。,神志清晰，精神尚可，形体形体适中，语言清晰，口唇红润；皮肤正常，无斑疹。头颅大小形态正常，无目窼下陷，白睛无黄染，耳轮正常，无耳瘘及生疮；颈部对称，无青筋暴露，无瘿瘤瘰疬，胸部对称，虚里搏动正常，腹部平坦，无癥瘕痞块，爪甲色泽红润，双下肢无浮肿，舌淡红，苔白，脉弦。,0,0,0,0,0,0,0,1,0,0,1,湿热
424858,train,风痰阻络证,auto,头晕伴双下肢体麻木乏力2天,"患者于2天前无明显诱因出现头晕不适,伴有双下肢体麻木乏力，症状持续无明显缓解，遂于今日至我院门诊求治，为系统治疗收入住院。入院时：神志清，精神欠佳，头晕时作，双下肢麻木乏力，行走拖沓，上肢活动可，伴有活动后心慌心悸，下肢肿胀，皮肤瘙痒，吞咽无呛咳，病程中头痛，无视物障碍，无意识障碍，无肢体抽搐、痉挛等，饮食欠佳，二便可，夜寐尚可。舌质红，苔黄腻，脉弦。",神志清晰，精神欠佳，形体适中，语言清晰，口唇红润；皮肤正常，无斑疹。头颅大小形态正常，无目窼下陷，白睛无黄染，耳轮正常，无耳瘘及生疮；颈部对称，无青筋暴露，无瘿瘤瘰疬，胸部对称，虚里搏动正常，腹部平坦，无癥瘕痞块，爪甲色泽红润，双下肢无浮肿，舌质红，苔黄腻，脉弦。,0,0,0,0,0,0,1,0,1,0,2,内风|痰湿
488189,test,气虚血瘀证,auto,反复胸闷痛8余年，加重1周,患者1年前无明显诱因下出现胸闷憋喘，活动后疲乏，于我院就诊，查心脏彩超示“风湿性心脏病联合瓣膜病变，二尖瓣狭窄（中度）伴二尖瓣关闭不全（轻度）”，于2020-06-02行二尖瓣球囊扩张成形术，术后规律口服“华法林、螺内酯、呋塞米、缬沙坦”等药物，患者一般情况可，胸闷憋喘症状好转。3天前患者受凉后再次出现活动后胸闷憋喘，伴心悸乏力，咳嗽咳痰，为白色泡沫痰，无夜间阵发性呼吸困难，无胸痛及放射痛，无黑曚晕厥，患者为求进一步诊治来我院就诊，门诊拟“慢性心力衰竭，风湿性心脏病”收治入院。入院时：患者胸闷憋喘时有发作，疲乏无力，心悸气短，无头晕头痛，无恶心呕吐，目前精神饮食可，小便正常，便秘，近期体重未见明显增减。,神志清晰，精神尚可，形体适中，语言清晰，口唇发绀；皮肤正常，无斑疹。头颅大小形态正常，无目窼下陷，白睛无黄染，耳轮正常，无耳瘘及生疮；颈部对称，无青筋暴露，无瘿瘤瘰疬，胸部对称，虚里搏动正常，腹部平坦，无癥瘕痞块，爪甲色泽红润，双下肢无浮肿。舌质暗红，苔薄，脉弦涩。,1,0,0,0,0,1,0,0,0,0,2,血瘀|气虚
456792,train,气虚血瘀证,auto,双下肢无力约4小时,"患者诉今晨约8点多患者走路过程中自觉双下肢无力,被旁人扶助后未摔倒,等家属赶到后,患者症状减轻,能自行缓慢行走,具体发病过程患者及家属均描述不清,今为求进一步治疗由门诊收入院,入院证见:神志清，精神一般，言语不利，拄拐缓慢步入病房，无头晕及头痛，无咳嗽及憋喘，平素亦有双下肢无力，行走缓慢，言语不利，饮食睡眠一般，二便尚可。",神志清晰，精神尚可，形体偏胖，语言不利，口唇少润；皮肤正常，无斑疹。头颅大小形态正常，无目窼下陷，白睛无黄染，耳轮正常，无耳瘘及生疮；颈部对称，无青筋暴露，无瘿瘤瘰疬，胸部对称，虚里搏动正常，腹部膨隆，无癥瘕痞块，爪甲色泽少润，双下肢无浮肿，舌质暗淡，舌苔白腻，脉沉细。,1,0,0,0,0,1,0,0,0,0,2,血瘀|气虚
476571,train,气虚血瘀证,auto,发现血糖升高11年，四肢麻木1个月,患者2009年因胰腺炎住院时查出2型糖尿病，曾使用甘舒霖30R降糖。现降糖方案为“门冬胰岛素30早20u晚15uIH餐前5分钟，二甲双胍格列本脲缓释片 1# 2/日”自诉血糖控制尚可。1个月来患者感四肢麻木，乏力，小便泡沫多，偶有大腿疼痛，视物模糊，夜寐欠安。为求进一步诊治，收入我病区。现症：四肢麻木，乏力，小便泡沫多，偶有大腿疼痛，视物模糊，纳可，大便正常，夜寐欠安。,神志清晰，精神尚可，形体适中，语言清晰，口唇红润；皮肤正常，无斑疹。头颅大小形态正常，无目窼下陷，无白睛，耳轮正常，无耳瘘及生疮；颈部对称，无青筋暴露，无瘿瘤瘰疬，胸部对称，虚里搏动正常，腹部平坦，无癥瘕痞块，爪甲色泽红润，双下肢无浮肿，四肢麻木，乏力，小便泡沫多，偶有大腿疼痛，视物模糊，纳可，大便正常，夜寐欠安。舌淡，舌下瘀络，苔白腻，脉细涩。,1,0,0,0,0,1,0,0,0,0,2,血瘀|气虚
477424,train,气虚血瘀证,auto,头晕伴口角歪斜6小时。,6小时前患者无明显诱因开始出现头晕不适，伴口角歪斜，流延，四肢活动可，未予重视，休息后症状无明显改善，且呈加重趋势，2小时前患者进食时出现饮食呛咳，咀嚼不畅，言语不利，伴胸闷心慌，遂由家人急送至我院门诊就诊，查血常规、新冠肺炎抗体、胸部CT可排除新冠肺炎可能，为进一步治疗收入我科。入院时：患者头晕不适，口角歪斜，歪向左侧，流延，左侧鼻唇沟浅，饮食呛咳，咀嚼不畅，言语不利，胸闷心慌，四肢活动可，额纹对称，无头目胀痛，无视物模糊，行走不稳，轻微耳鸣，无恶心呕吐，纳可，夜寐欠安，夜尿多，大便正常。,神志清晰，精神欠佳，形体适中，语言清晰，口唇发绀；皮肤正常，无斑疹。头颅大小形态正常，无目窼下陷，白睛无黄染，耳轮正常，无耳瘘及生疮；颈部对称，无青筋暴露，无瘿瘤瘰疬，胸部对称，虚里搏动异常，腹部平坦，无癥瘕痞块，爪甲色泽红润，双下肢无浮肿。舌暗，苔薄白，脉涩。,1,0,0,0,0,1,0,0,0,0,2,血瘀|气虚
422511,test,风痰阻络证,auto,发作性肢体无力1周。,患者1周前无明显诱因自觉发作性肢体无力、欲跌倒，未予系统治疗，症状持续数秒后完全缓解，近1周内上述症状多次发作，每次持续数秒后完全缓解，为求进一步中西结合诊疗遂来诊，由门诊收治入院，入院时患者神清，精神欠佳，语言清晰，无头晕头痛，无肢体不遂及抽搐，无黑懵，无恶心呕吐，无心慌胸闷憋喘，无咳嗽咳痰，双手关节疼痛，晨起及受凉后明显，时有双眼视物模糊，左眼明显，食纳尚可，夜寐欠佳，二便可，舌暗，苔白，脉弦滑。,神志清晰，精神尚可，形体适中，语言清晰，口唇暗红；皮肤正常，无斑疹。头颅大小形态正常，无目窼下陷，白睛无黄染，耳轮正常，无耳瘘及生疮；颈部对称，无青筋暴露，无瘿瘤瘰疬，胸部对称，虚里搏动正常，腹部平坦，无癥瘕痞块，爪甲色泽暗红，双下肢无浮肿，舌暗，苔白，脉弦滑。,0,0,0,0,0,0,1,0,1,0,2,内风|痰湿
440758,train,正虚瘀结证,auto,诊断胰腺癌4月余，腹胀加重1天,"患者因腹胀2019-02-28至徐州第一人民医院查消化系彩超：腹腔内大量肠道气体，肝区光点稍增粗，胆囊壁毛糙伴胆囊结石，胆囊内沉积物，胆总管上段内径增宽，腹腔不均质低回声团，腹腔积液92mm。后至徐州医科大学附属医院查肿瘤指标CEA 12.67ng/ml，CA125 323.8U/ml，CA153 U/ml，Pro-GRP 84.76pg/ml，甲状腺功能三项：FT3 3.77pmol/L，FT4 20.5pmol/L，TSH 4.12mIU/L。予腹腔穿刺引流术，腹水未找见癌细胞，后拔管。03-01查上中腹盆腔增强CT：胰颈、胰体团块影（胰腺Ca可能大），病灶包绕肠系膜上血管、门静脉、腹腔干及其分支；脾门区软组织密度影（转移？），建议活检；大网膜增厚伴结节影，双侧肾上腺增粗。03-25我院查腹部立位片：1.腹部立位平片未见明显梗阻及腹腔积气征象。2.腰3左旁高密度影，结石待排。建议:结合超声/CT检查。3.结肠积粪、右侧稍显。头颅CT：1.两侧基底节区腔隙性脑梗塞。2.脑萎缩。胸部CT：两肺间质性改变、肺气肿。右肺上下叶小结节。建议 3月后复查左肺上叶陈旧性病灶。冠状动脉钙化。腹部CT：1、胰腺头体部占位。2、右中腹脂肪间隙密度增高伴多发淋巴结肿大，考虑转移。3、脾门部软组织影，考虑转移。4、胆囊炎。5、双侧肾上腺增粗。6、腹腔积液。患者06-05突现阴道出血至我院查盆腔CT：与本院2019-05-09片比较1、盆腔积液，较前明显增多。2、子宫密度欠均。妇科彩超：绝经后子宫子宫内膜增厚伴回声不均。腹部彩超：胰腺结构紊乱伴低回声区，请结合临床；胆囊体积增大伴胆汁淤积，胆囊结石，胆总管上段高回声区，腹腔大量积液，约80mm。肿瘤10项（女） 糖类抗原CA125 281.20U/ml↑,癌胚抗原(CEA) 18.74ng/ml↑。06-11超声引导下行腹腔穿刺引流，引流适量腹水后好转。近一周患者腹胀，进行性加重，昨天感腹胀明显加重，不能耐受，今为进一步中西医治疗来诊我院，目前患者一般情况欠佳，食后腹胀，进食减少，伴腹部隐痛，无发热，无胸闷、憋喘，无呕血、黑便，大小便正常，夜寐欠安，消瘦。",神志清晰，精神尚可，形体适中，语言清晰，口唇红润；皮肤正常，无斑疹。头颅大小形态正常，无目窼下陷，白睛无黄染，耳轮正常，无耳瘘及生疮；颈部对称，无青筋暴露，无瘿瘤瘰疬，胸部对称，虚里搏动正常，腹部膨隆，无癥瘕痞块，爪甲色泽红润，双下肢无浮肿，舌淡红，苔白，脉弦。,1,0,0,0,0,1,0,0,0,0,2,血瘀|气虚
470281,train,心血瘀阻证,auto,胸闷痛5小时,患者5小时做饭时突然出现胸闷痛，伴头晕心慌，持续5分钟左右，自服“硝酸异山梨酯片1粒”后症状逐渐缓解，发作时无出现，无恶心呕吐，无晕厥黑曚，但症状未完全消失。患者既往多次查冠脉造影（2017年 市中心医院）：左前降支近段至中段狭窄40-50%，左回旋支未见明显狭窄，右冠状动脉远段至中段狭窄30-40%。现自服“氯吡格雷25-50mg qd、倍他乐克25mg 1/4~1/2粒 qd”，症状偶有发作。遂今日至我院门诊，为进一步诊治，拟“急性冠脉综合征”收住入院。入院时：患者胸闷胸痛，痛有定处，时作时休，无心慌乏力，头晕不适，纳可，大便尚调，尿频，夜寐一般。,神志清晰，精神欠佳，形体适中，语言清晰，口唇发绀；皮肤正常，无斑疹。头颅大小形态正常，无目窼下陷，白睛无黄染，耳轮正常，无耳瘘及生疮；颈部对称，无青筋暴露，无瘿瘤瘰疬，胸部对称，虚里搏动正常，腹部平坦，无癥瘕痞块，爪甲色泽青紫，双下肢无浮肿，舌质紫暗，有瘀斑，舌下瘀筋，苔薄，脉弦涩。,0,0,0,0,0,1,0,0,0,0,1,血瘀
469292,train,正虚瘀结证,auto,左肺癌骨转移近3年，发热2天。,"患者2017-08-26因右腿酸痛至我院查胸部CT：肺占位，肺癌可能？髋关节CT：右侧股骨中上段及左侧髂骨翼多发骨质破坏，考虑：转移瘤；双侧髋关节退行性变。2017-09-02颅脑CT示：两侧基底节区腔隙性脑梗塞。诊断肺癌骨转移。2017-09-28行肺癌基因检测：EGFR L858R为第21外显子TKI敏感突变，对厄洛替尼、吉非替尼、埃克替尼、阿法替尼、奥希替尼等药物敏感。2017-10开始服用凯美纳靶向治疗至今。2018-01-02查胸部CT：左肺下叶新生物，较前缩小，部分病灶消失；左侧第3、11及右侧第5肋骨、肩胛骨转移瘤，较前稍进展；左肾上腺外支结节，考虑：转移瘤，同前；左肾内囊肿占位，左肾多发结石半肾盂积水，同前。2019-03-02颅脑CT：右侧额叶及左侧枕叶高密度，转移瘤可能，较前新见；两侧基底节区腔隙性脑梗塞，脑萎缩。2019-10曾行T790M突变（-），换奥希替尼口服近2月，因骨痛加重停药，换回埃克替尼。2020-01-22髋关节CT：右侧股骨上段局部骨皮质增厚，骨质破坏，范围较前变化不明显。定期予唑来磷酸抑制骨破坏，末次2020-03-29。2020-02患者因右下肢病理性骨折至我科住院，查CEA 112.13ng/ml↑,细胞角蛋白19片段 12.40ng/ml↑。胸部CT:与（2020-01-17胸部CT）右肺下叶斑片高密度影，大致同前；多处骨质转移瘤，较前大致相仿；两侧少量胸腔积液，较前新见。2020-03-13查右股骨正侧位片：右侧股骨中段病理性骨折。予对症支持治疗后出院。出院后患者右下肢疼痛逐渐减轻，但逐渐出现胸背部疼痛，口服氨酚曲马多效果欠佳。患者昨日受凉后出现发热，无明显咳嗽、咳痰，无胸闷、憋喘，食欲尚可，小便保留导尿，大便2-3日一次，无消瘦。",神志清晰，精神尚可，形体适中，语言清晰，口唇红润；皮肤正常，无斑疹。头颅大小形态正常，无目窼下陷，白睛无黄染，耳轮正常，无耳瘘及生疮；颈部对称，无青筋暴露，无瘿瘤瘰疬，胸部对称，虚里搏动正常，腹部平坦，无癥瘕痞块，爪甲色泽红润，双下肢无浮肿，舌淡红，苔白，脉弦涩。,1,0,0,0,0,1,0,0,0,0,2,血瘀|气虚
470657,train,湿热下注证,auto,肛内肿物外脱伴肿痛3天,"患者于入院前3天，出现因食辛辣醇厚且劳累后出现肛缘肿痛伴肛内肿物脱出,未予治疗，症情反复发作渐加重，遂来本院求治。刻下：肛内肿物脱出伴肿缘疼痛，大便日行2次，质软，排出畅，无便血，无排便不尽及肛门坠胀感，无粘液便，小溲畅，无发热恶寒。纳食可，夜寐尚可，舌红，苔黄，脉滑数。",神志清晰，精神尚可，形体适中，语言清晰，口唇红润；皮肤正常，无斑疹。头颅大小形态正常，无目窼下陷，白睛无黄染，耳轮正常，无耳瘘及生疮；颈部对称，无青筋暴露，无瘿瘤瘰疬，胸部对称，虚里搏动正常，腹部平坦，无癥瘕痞块，爪甲色泽红润，双下肢无浮肿，舌淡红，苔白，脉滑数。,0,0,0,0,0,0,0,1,0,0,1,湿热
425115,train,痰湿蕴肺证,auto,反复发作性咳喘20余年，加重伴发热3天。,患者20年前无明显诱因出现咳嗽、咳痰、喘憋，于当地医院就诊，予以对症治疗后改善。此后20余年间，患者咳嗽、咳痰及喘憋症状反复发作，多在受凉及季节交替时加重，每年发作时间超过3个月，多次因病情加重于当地医院就诊，予以药物化痰、止喘及消炎等对症治疗后改善。3天前患者因受凉后出现气喘加重，动则尤甚，咳嗽、咳中等量黄白粘痰，伴有畏寒、发热，最高体温不详，自行口服药物（具体不详），效果不佳，为求进一步诊治，今来我院就诊，门诊以“慢性阻塞性肺疾病急性加重伴感染”收入我区住院系统治疗。,神志清晰，精神尚可，形体适中，语言清晰，口唇无发绀；皮肤正常，无斑疹。头颅大小形态正常，无目窼下陷，白睛无黄染，耳轮正常，无耳瘘及生疮；颈部对称，无青筋暴露，无瘿瘤瘰疬，胸部对称，虚里搏动异常，腹部平坦，无癥瘕痞块，爪甲色泽红润，双下肢无浮肿。,0,0,0,0,0,0,1,0,0,0,1,痰湿
436270,test,脾肾两虚证,manual_disambiguated,双下肢、右眼睑水肿间作3年,患者2016年间断出现双下肢、右眼睑水肿，同年10月因“急性附睾炎”在市中心医院住院治疗，检查尿常规发现尿蛋白3+，血白蛋白26.6g/l，未予重视；11月双下肢、右眼睑水肿加重，晨轻暮重，休息后可改善，亦未予重视，仅服用红景天保健治疗。此后在社区间断检查尿常规，尿蛋白+-3+。2017年5月21在当地私人诊所行双下肢梅花针治疗，后水肿加重，26日在社区医院静滴头孢呋辛、香丹注射液，并口服黄葵胶囊，29号社区医院复查尿常规提示尿蛋白-，但水肿无改善，于2017年6月1日至我院住院治疗，诊断为“肾病综合征”，考虑膜性肾病可能性大，因右肾缺如，无法行肾穿刺活检术进一步明确病理诊断，予以强的松6粒qd、他克莫司1mg bid等口服治疗，后监测血肌酐升至109.1umol/l，他克莫司减量为1mg qd，血肌酐降至94.7 mmol/l，出院后坚持服药。2017年7月因口干明显，在当地社区诊所测指血糖23.4mmol/l，再次至我院住院治疗，诊断为“类固醇糖尿病”，予以伏格列波糖、来得时降糖治疗，好转出院。8月份复查尿检无改善，血浆白蛋白再次下降，血肌酐升高，予以停他克莫司、雷公藤多苷，改为复方环磷酰胺2粒qod口服，强的松减量为10mg qd。2017年10月出现咳嗽咯黄痰，予以住院抗感染治疗，好转后停口服复方环磷酰胺，改为静滴环磷酰胺0.6q 2w，2018年4月初停用强的松，2018年9月改环磷酰胺为0.8g 一月一次(现已累积16.4g），今按疗程至我院再次入院，拟行环磷酰胺治疗。刻下患者双下肢轻度浮肿，尿中泡沫时多时少，无头晕，纳可，尿量一般，夜尿1-2次，无恶寒发热，无胸闷胸痛，无尿频急痛，无腹痛腹泻，无夜间憋喘。,神志清晰，精神尚可，形体形体适中，语言清晰，口唇红润；皮肤正常，无斑疹。头颅大小形态正常，无目窼下陷，无白睛，耳轮正常，无耳瘘及生疮；颈部对称，无青筋暴露，无瘿瘤瘰疬，胸部对称，虚里搏动正常，腹部平坦，无癥瘕痞块，爪甲色泽红润，双下肢有浮肿，舌淡红，苔白，脉沉细。,0,1,1,1,0,0,0,0,0,0,3,阴虚|阳虚|血虚
450812,train,气滞血瘀证,auto,腰椎内固定术后2月余,"患者2月前因“腰痛伴左下肢疼痛麻木3月余”入住我科，诊断为“腰椎间盘突出症”，入院后完善相关检查，明确诊断排除手术禁忌后，于2019-08-31日行“经皮椎间孔镜下椎间孔扩大成形+髓核摘除术+经皮椎弓根螺钉内固定术”，术后患者感左下肢疼痛症状较前好转，左下肢稍麻木不适。出院后患者感左下肢仍有麻木不适感，经休息后症状无明显好转，现为行进一步治疗，来我院门诊就诊，门诊拟“腰椎内固定术后”收住入院。病程中患者神清，精神可,饮食睡眠可,二便如常。",神志清晰，精神尚可，形体适中，语言清晰，口唇红润；皮肤正常，无斑疹。头颅大小形态正常，无目窼下陷，白睛无黄染，耳轮正常，无耳瘘及生疮；颈部对称，无青筋暴露，无瘿瘤瘰疬，胸部对称，虚里搏动正常，腹部平坦，无癥瘕痞块，爪甲色泽红润，双下肢无浮肿，舌淡红，苔白，脉弦。,0,0,0,0,1,1,0,0,0,0,2,气滞|血瘀
434097,train,气虚血瘀证,auto,活动后胸闷不适10年，加重1周。,患者自10年前起出现活动后胸闷，心慌汗出，无胸痛放射痛，休息10-20分钟后症状缓解，10年来患者多次外院就诊，诊断为冠心病。1周前患者自觉胸闷不适症状较前加重。今日患者至我院门诊就诊，为进一步诊治，遂收住入院。入院时：患者神清，精神一般，倦怠乏力，活动后胸闷不适，心慌汗出，休息10-20分钟后症状好转，头昏沉、头痛，无恶心呕吐，左上肢疼痛，无视物旋转，无咳嗽咳痰，无腹胀腹泻，纳食尚可，二便调，夜寐尚安。,神志清晰，精神尚可，形体适中，语言清晰，口唇红润；皮肤正常，无斑疹。头颅大小形态正常，无目窼下陷，白睛无黄染，耳轮正常，无耳瘘及生疮；颈部对称，无青筋暴露，无瘿瘤瘰疬，胸部对称，虚里搏动正常，腹部平坦，无癥瘕痞块，爪甲色泽红润，双下肢无浮肿，舌质淡紫，可见舌体胖且边有齿痕，苔薄白，脉虚细涩。,1,0,0,0,0,1,0,0,0,0,2,血瘀|气虚
465510,train,气虚血瘀证,auto,突发左肢无力、意识欠清7小时。,患者今日晨起后约8点左右出现左肢无力，行走困难，持续不缓解，后上述症状渐加重，意识欠清，呼之可应，被家人送至我院急诊，予急查头颅CT示脑梗塞，肺部CT示两肺间质性改变。右肺多发结节。左肺上叶尖段钙化灶。 冠状动脉见点片致密影，血常规、新冠肺炎抗体未示异常，予收入我科，病程中患者无发热，无头痛，无恶心呕吐，无四肢抽搐。刻下：患者嗜睡，左肢无力，不能独立行走，小便无法自控。,神志嗜睡，精神差，形体适中，语言含糊，口唇苍白；皮肤苍白，无斑疹。头颅大小形态正常，无目窼下陷，无白睛，耳轮正常，无耳瘘及生疮；颈部对称，无青筋暴露，无瘿瘤瘰疬，胸部对称，虚里搏动正常，腹部平坦，无癥瘕痞块，爪甲色泽红润，双下肢无浮肿，舌青紫，苔白，脉弦涩。,1,0,0,0,0,1,0,0,0,0,2,血瘀|气虚
485678,train,气阴两虚证,auto,口渴多饮间作10余年，头晕乏力3月,患者10年前体检发现血糖升高，诊断为“糖尿病”。3月来，患者感口渴多饮症状加重，偶有头晕乏力，伴有头痛，遇寒加重，时感手足发凉。为求进一步治疗入住我科。目前降糖方案：拜唐平 1粒 3/日，格列美脲 1粒 1/日。病程中口干多饮，偶有头晕乏力，伴有头痛，遇寒加重。时有胸闷感，无憋喘，偶感手足凉，纳可，二便正常，夜寐一般。近期无明显消瘦及肥胖。,神志清晰，精神尚可，形体适中，语言清晰，口唇淡红；皮肤正常，无斑疹。头颅大小形态正常，无目窼下陷，白睛无黄染，耳轮正常，无耳瘘及生疮；颈部对称，无青筋暴露，无瘿瘤瘰疬，胸部对称，虚里搏动正常，腹部平坦，无癥瘕痞块，爪甲色泽淡红，双下肢无浮肿，舌暗，苔少，脉细。,1,0,1,0,0,0,0,0,0,0,2,阴虚|气虚
452181,train,气虚血瘀证,auto,"反复胸闷隐痛6年,加重1天。","患者6年前无明显诱因反复出现胸闷隐痛，持续数分钟，活动时加重，休息后可缓解，至我院就诊行冠脉造影，予植入支架(具体不祥)。1天前患者因劳累及情绪不畅自觉胸闷隐痛较前加重，乏力，偶有后背沉重感，遂今日至我院就诊，为进一步治疗收入我科。入院时：患者心胸疼痛，痛有定处，时作时休，甚则心痛彻背，背痛彻心。偶有皮肤瘙痒，双手掌麻木,纳可，二便尚调，夜寐尚可。",神志清晰，精神尚可，形体适中，语言清晰，口唇红润；皮肤正常，无斑疹。头颅大小形态正常，无目窼下陷，白睛无黄染，耳轮正常，无耳瘘及生疮；颈部对称，无青筋暴露，无瘿瘤瘰疬，胸部对称，虚里搏动正常，腹部平坦，无癥瘕痞块，爪甲色泽红润，双下肢无浮肿，舌质淡紫，苔薄白，脉虚细涩。,1,0,0,0,0,1,0,0,0,0,2,血瘀|气虚
449601,train,痰湿蕴肺证,auto,反复咳喘10年余，加重1月,患者10年前受凉后出现咳嗽、咳痰，于当地医院就诊，予以对症治疗后改善。此后咳嗽、咳痰症状反复发作，多在受凉及季节交替时加重，每年发作时间超过3个月，诊断为“慢性支气管炎”，予以药物化痰、止喘及消炎等对症治疗后改善。近年来咳嗽咳痰发作频繁，约每月1次；1月前受凉后咳嗽又作，咳黄白粘痰，伴发热，T38℃，有畏寒，九七医院查肺CT示右肺上叶结节，考虑炎性结节，左肺下叶及右肺支气管扩张伴感染，肝右后叶包膜下低密度；予静滴头孢等药物后，黄痰转白，仍咳嗽明显，遂至我院门诊治疗，为求进一步诊治，今来我院就诊，门诊以“慢性阻塞性肺疾病，支气管扩张伴感染，慢性鼻窦炎”收入我区住院系统治疗。病程中，患者无恶心呕吐，无咳血胸痛，饮食少，睡眠一般，二便正常。,神志清晰，精神尚可，形体适中，语言清晰，口唇红润；皮肤正常，无斑疹。头颅大小形态正常，无目窼下陷，白睛无黄染，耳轮正常，无耳瘘及生疮；颈部对称，无青筋暴露，无瘿瘤瘰疬，胸部对称，虚里搏动正常，腹部平坦，无癥瘕痞块，爪甲色泽红润，双下肢无浮肿，舌淡红，苔白，脉弦细。,0,0,0,0,0,0,1,0,0,0,1,痰湿
461090,train,肝阴不足证,auto,右上腹疼痛间作5月余,患者5月前无明显诱因出现右上腹疼痛，呈间歇性隐痛，偶有肩背部疼痛，伴腹胀、乏力时作，劳累后乏力明显，食后腹胀，无嗳气反酸，无发热，无恶心、呕吐，大便每日一次，黄色软便，无粘液、脓血，患者未予重视。后患者右上腹痛较前加重，遂于10-21至滨海县人民医院就诊，查上腹CT平扫+增强示肝右叶占位，考虑：1.炎性肌纤维母细胞瘤2.不典型胆管细胞癌不除外。后患者至我院就诊，胸部CT：两肺间质性改变。冠脉钙化。肝脏占位。建议：上腹部CT增强。2019.12.04上腹增强CT检查结论：肝介入术后改变，病灶后外方异常强化。肝左内叶异常强化灶，转移瘤待排。双肾小囊肿。后分别于2019-10-31、2019-12-05行腹腔动脉造影+经导管肝动脉栓塞术、肝动脉造影、肝局部灌注，术后好转出院。病程中：患者右上腹隐痛时作，偶有肩背部疼痛，伴腹胀、乏力偶作，劳累后乏力明显，无嗳气反酸，无发热，无恶心、呕吐，大便每日一次，黄色软便，无粘液、脓血，夜寐尚可，小便量可，舌淡红，苔薄白，脉弦。,神志清晰，精神尚可，形体形体适中，语言清晰，口唇红润；皮肤正常，无斑疹。头颅大小形态正常，无目窼下陷，白睛无黄染，耳轮正常，无耳瘘及生疮；颈部对称，无青筋暴露，无瘿瘤瘰疬，胸部对称，虚里搏动正常，腹部平坦，无癥瘕痞块，爪甲色泽红润，双下肢无浮肿，舌淡红，苔白，脉弦。,0,0,1,0,0,0,0,0,0,0,1,阴虚
442318,train,气滞血瘀证,auto,腰痛伴活动受限2年余加重1月余,患者2年前出现腰部疼痛伴活动受限，未予重视，近两年来逐渐加重，近1月来加重明显，腰部疼痛不能弯腰，至徐州矿山医院就诊，予MR示：腰2椎体血管瘤。建议手术治疗，患者现为行进一步治疗，来我院治疗，门诊予椎体血管瘤收住入院。刻下患者神清，精神一般。腰背部疼痛不适，不能坐起及行走，无腹痛，无恶心呕吐，无头晕头痛，无胸痛胸闷，无咳嗽咳痰。,神志清晰，精神尚可，形体适中，语言清晰，口唇红润；皮肤正常，无斑疹。头颅大小形态正常，无目窼下陷，白睛无黄染，耳轮正常，无耳瘘及生疮；颈部对称，无青筋暴露，无瘿瘤瘰疬，胸部对称，虚里搏动正常，腹部平坦，无癥瘕痞块，爪甲色泽红润，双下肢无浮肿，舌淡红，苔白，脉弦。,0,0,0,0,1,1,0,0,0,0,2,气滞|血瘀
426723,val,风痰阻络证,auto,左侧肢体无力1周,患者1周前出现左侧肢体无力，未予重视，症状持续不缓解，为求进一步中西医结合治疗至我院就诊，门诊以“脑梗死”收住入院，入院时：患者神清，精神欠佳，左侧肢体无力，左侧口角流涎，头晕，无饮水呛咳、无肢体抽搐，记忆力下降，胸闷时作，胃胀、反酸，左膝疼痛，视物欠清，纳食可，夜寐欠佳，二便尚调。舌暗，苔白，脉弦滑。,神志清晰，精神欠佳，形体适中，语言清晰，口唇红润；皮肤正常，无斑疹。头颅大小形态正常，无目窼下陷，白睛无黄染，耳轮正常，无耳瘘及生疮；颈部对称，无青筋暴露，无瘿瘤瘰疬，胸部对称，虚里搏动正常，腹部平坦，无癥瘕痞块，爪甲色泽红润，双下肢无浮肿，舌暗，苔白，脉弦滑。,0,0,0,0,0,0,1,0,1,0,2,内风|痰湿
445525,train,气滞血瘀证,auto,左手小鱼际外侧起肿物2月余。,患者2月前无明显诱因左手小鱼际出现一米粒大小肿物，无瘙痒、疼痛，未予重视，肿物逐渐增大，目前已增大至绿豆粒大小，稍隆起，略有压痛，遂今日来我科住院要求手术切除。近期患者精神及纳食可，睡眠一般，二便自调。,"神志清晰，精神尚可，形体适中，语言清晰，口唇红润；皮肤同前，有斑疹。头颅大小形态正常，无目窼下陷，白睛无黄染，耳轮正常，无耳瘘及生疮；颈部对称，无青筋暴露，无瘿瘤瘰疬，胸部对称，虚里搏动正常，腹部平坦，无癥瘕痞块，爪甲色泽红润，双下肢无浮肿，舌质红,苔薄黄,脉涩。",0,0,0,0,1,1,0,0,0,0,2,气滞|血瘀
448476,train,气虚血瘀证,auto,胸闷气喘3年，加重伴乏力1月。,患者3年前无明确诱因出现胸闷气喘，动则益甚，寒冷时加重，伴心慌，乏力，反复于我院住院治疗，诊断为“肥厚性心肌病、心功能不全、肺气肿”，予改善心功能、利尿等治疗后好转出院，长期服用“富马酸比索洛尔、缬沙坦”等药物治疗，胸闷气喘时有反复。患者1月前不慎受凉后出现恶寒发热，咳嗽咳痰，咳黄色粘痰，活动后胸闷气喘加重，乏力，纳差，无头晕头痛，无恶心呕吐，双下肢无水肿，服用上述药物症状无明显改善，遂今日至我院就诊，为求进一步诊治收住我科。入院时：患者胸闷气喘，活动后加重，乏力明显，咳嗽，有黄痰，纳食欠佳，无头晕头痛，无恶心呕吐，夜寐可，二便调。,神志清晰，精神欠佳，形体适中，语言清晰，口唇发绀；皮肤正常，无斑疹。头颅大小形态正常，无目窼下陷，白睛无黄染，耳轮正常，无耳瘘及生疮；颈部对称，无青筋暴露，无瘿瘤瘰疬，胸部对称，虚里搏动正常，腹部平坦，无癥瘕痞块，爪甲色泽红润，双下肢无浮肿。舌淡，苔白，脉弦涩。,1,0,0,0,0,1,0,0,0,0,2,血瘀|气虚
428367,train,阳虚血瘀证,auto,反复胸闷10天，加重伴心慌1天,患者10天前开始反复出现胸闷不适，活动时明显，持续2-4分钟，休息后可缓解，未予重视。1天前患者再次无诱因出现出现胸闷加重， 伴心慌，四肢乏力，头晕头痛，站立欠稳，夜间不可平卧，休息后可缓解，遂来我院就诊，为进一步诊治收住入院。入院时：患者胸闷憋喘明显，心慌乏力，头晕头痛，无腹胀腹泻，无胸痛及放射痛，纳谷较前减少，二便可，夜寐欠佳。,神志清晰，精神尚可，形体适中，语言清晰，口唇发绀；皮肤正常，无斑疹。头颅大小形态正常，无目窼下陷，白睛无黄染，耳轮正常，无耳瘘及生疮；颈部对称，无青筋暴露，无瘿瘤瘰疬，胸部对称，虚里搏动正常，腹部平坦，无癥瘕痞块，爪甲色泽红润，双下肢有浮肿，舌淡紫，苔薄白，脉细涩。,0,0,0,1,0,1,0,0,0,0,2,阳虚|血瘀
426446,train,气虚血瘀证,auto,反复胸闷隐痛1月，加重半天,患者1月前无明显诱因反复出现胸闷隐痛，持续数分钟，休息后可缓解，未予重视。今晨患者无明显诱因自觉胸闷隐痛较前加重，遂至我院就诊，为进一步治疗收入我科。入院时：患者心胸疼痛，痛有定处，时作时休，甚则心痛彻背，背痛彻心。心悸气短，动则益甚，倦怠乏力，声息低微，面色?白，易汗出，纳可，二便尚调，夜寐尚可。,神志清晰，精神尚可，形体适中，语言清晰，口唇发绀；皮肤正常，无斑疹。头颅大小形态正常，无目窼下陷，白睛无黄染，耳轮正常，无耳瘘及生疮；颈部对称，无青筋暴露，无瘿瘤瘰疬，胸部对称，虚里搏动异常，腹部平坦，无癥瘕痞块，爪甲色泽红润，双下肢无浮肿。舌质淡紫，可见舌体胖且边有齿痕，苔薄白，脉虚细涩。,1,0,0,0,0,1,0,0,0,0,2,血瘀|气虚
431751,train,正虚瘀结,auto,发现肺占位5月余，乏力、纳差1周,患者2018-11因乏力不适至徐州医科大学附属医院查胸部CT：右肺下叶胸膜下团片样密度增高影，建议胸部CT增强检查，必要时病灶活检除外肿瘤性病变，两肺上叶多发结节影，双侧肾上腺明显增粗，建议：PET-CT检查。头颅MR：多发性脑梗塞，部分软化灶。未予重视。2019-04-18因纳差再次入住徐州医科大学附属医院查CEA 9.19ng/ml，CA125 87.4U/ml，CA 19-9 ＞2040U/ml。心脏彩超：主动脉瓣狭窄（轻度），左室内径高界，室间隔基底段轻度增厚，二尖瓣后叶瓣环钙化，左心功能及DTI测定：左室舒张功能减低。头颅+胸部+全腹部+盆腔CT：多发性脑梗塞，较2018-11-11片右肺下叶胸膜下团块增大，两肺结节增大、增多，双侧肾上腺增粗；建议胸部CT增强检查；病灶活检除外肿瘤性病变；肝脏囊肿可能，前列腺钙化，建议PET-CT检查。消化道钡餐：提示慢性胃炎表现，十二指肠降部憩室表现。患者肺占位病变，肿瘤科会诊建议肺穿刺活检明确病理，家属考虑患者年龄大、基础疾病多，要求保守治疗后好转出院。近1周感乏力、纳差，为求进一步中西医结合治疗收住入院。现患者乏力，时有头晕，无胸闷、憋喘，无咳嗽、咳痰，无发热，无腹痛、腹胀，食纳欠佳，二便尚调，夜寐尚安，消瘦。,神志清晰，精神尚可，形体适中，语言清晰，口唇红润；皮肤正常，无斑疹。头颅大小形态正常，无目窼下陷，白睛无黄染，耳轮正常，无耳瘘及生疮；颈部对称，无青筋暴露，无瘿瘤瘰疬，胸部对称，虚里搏动正常，腹部平坦，无癥瘕痞块，爪甲色泽红润，双下肢无浮肿，舌淡红，苔白，脉弦涩。,1,0,0,0,0,1,0,0,0,0,2,血瘀|气虚
454928,train,气滞血瘀,auto,检查发现子宫内膜息肉8月。,患者平素月经规则，5天/30天，量中，色红，夹少许血块，无痛经，G0P0；患者2019-04-06至东南大学医学院附属徐州医院查妇科彩超提示：宫腔内实质样结构，内膜息肉可能，子宫内膜增厚不均（宫体前位，大小59*37*50mm，形态正常，肌层回声均匀，内膜厚约16mm，回声不均匀，宫腔内见稍高回声区：18*7mm，边界清，回声尚均，彩色血流星点状。双侧卵巢大小形态正常，未见盆腔积液），未予重视，2019-11-08至我院门诊就诊查宫腔三维彩超提示：子宫内膜增厚，宫腔息肉可能，双侧卵巢未见明显异常（子宫前位，大小形态正常，表面不光滑，肌层回声均匀，内膜回声不均匀、厚17.6mm，宫腔三维成像：厚薄均匀一致，宫腔线居中，内膜呈倒三角形，双侧宫角可显示，形态正常，宫腔内见多枚高回声，最大10*10mm，界清，双卵巢形态大小正常，内见多枚小卵泡，最大优势卵泡于左侧15*12mm，子宫直肠窝未见少量液性暗区），建议患者行宫腔镜手术治疗。患者LMP：2019-10-24，月经量色质同以往，为求进一步综合治疗收入院。刻下：患者一般情况可，无发热恶寒，无小腹疼痛及腰酸，阴道无异常出血，带下量稍多伴外阴轻度瘙痒，纳食可，夜寐安，二便调畅，舌瘀斑，苔白，脉弦涩。,神志清晰，精神尚可，形体适中，语言清晰，口唇红润；皮肤正常，无斑疹。头颅大小形态正常，无目窼下陷，白睛无黄染，耳轮正常，无耳瘘及生疮；颈部对称，无青筋暴露，无瘿瘤瘰疬，胸部对称，虚里搏动正常，腹部平坦，无癥瘕痞块，爪甲色泽红润，双下肢无浮肿，舌瘀斑，苔白，脉弦涩。,0,0,0,0,1,1,0,0,0,0,2,气滞|血瘀
476107,train,气阴两虚证,auto,口渴多饮间作17年，加重2月,"患者17年前体检发现血糖升高，后多次调整降糖方案，目前降糖方案：“优泌乐25 早18u晚14u 餐前5分钟皮下注射，达格列净 10mg 1/日”，空腹血糖波动在5-9mmol/L,餐后血糖波动在9-14mmol/L。2月来，患者感口渴多饮症状加重，视物欠清，时感全身瘙痒不适，为求进一步治疗入住我科。病程中口干多饮，无胸闷心慌，视物欠清，时感全身瘙痒不适，偶感四肢麻木，纳可，小便量多，大便溏，夜寐欠佳。近期无明显消瘦及肥胖。",神志清晰，精神尚可，形体适中，语言清晰，口唇淡红；皮肤正常，无斑疹。头颅大小形态正常，无目窼下陷，白睛无黄染，耳轮正常，无耳瘘及生疮；颈部对称，无青筋暴露，无瘿瘤瘰疬，胸部对称，虚里搏动正常，腹部平坦，无癥瘕痞块，爪甲色泽淡红，双下肢无浮肿，舌暗，苔白腻，脉细涩。,1,0,1,0,0,0,0,0,0,0,2,阴虚|气虚
456960,val,湿热蕴结证,auto,全身皮肤起红斑丘疹伴瘙痒30年，复发加重半月,患者30年前无明显诱因双下肢出现少量粟粒大小红色丘疹，散在分布，并感瘙痒不适，其后逐渐增多，蔓延至全身，曾至社区诊所、徐州市京城皮肤病医院就医，诊断为“湿疹”，予氯雷他定口服、中药熏蒸疗法等，皮疹逐渐消退，但时有反复，冬重夏轻，患者每自行至药店购置抗敏药口服（具体不详），尚可控制。半月前无明显诱因皮疹较前明显加重，泛发至全身，部分搔抓后渗出，时有剧烈瘙痒，夜间尤甚，为求进一步治疗，遂来我科住院。近期患者无发热不适，无关节疼痛，精神及纳食尚可，睡眠尚可，二便自调。,神志清晰，精神尚可，形体适中，语言清晰，口唇红润；皮肤同前，有斑疹。头颅大小形态正常，无目窼下陷，白睛无黄染，耳轮正常，无耳瘘及生疮；颈部对称，无青筋暴露，无瘿瘤瘰疬，胸部对称，虚里搏动正常，腹部平坦，无癥瘕痞块，爪甲色泽红润，双下肢无浮肿，舌质红，苔薄白，脉弦数。,0,0,0,0,0,0,0,1,0,0,1,湿热
458253,train,脾胃积热证,auto,上腹疼痛间作8年，加重7天,患者8年前无明显诱因出现上腹疼痛，呈偶发性隐痛，无肩背部放射痛，嗳气偶作，无反酸及胸骨后烧灼感，无明显腹胀，无恶心呕吐，无发热，无头晕心慌，食纳可，夜寐安，小便调，大便日行一次，无粘液脓血，口服“三九胃泰”后自觉症状好转。8年间患者上腹疼痛症状间断发作，7天前因饮食不节出现上腹疼痛症状加重，口服“三九胃泰”后症状未见明显好转，昨日于九七医院行电子胃镜考虑“十二指肠球部溃疡、糜烂性胃炎”，口服“艾司奥美拉唑、荆花胃康、硫糖铝混悬凝胶”后上腹疼痛症状好转。现为求进一步诊治，今来我院，由门诊收入我科。入院时患者：上腹隐痛偶作，无肩背部放射痛，嗳气偶作，无反酸及胸骨后烧灼感，无腹胀，无恶心呕吐，无发热，无头晕，无心悸胸闷，食纳可，夜寐安，小便调，大便日行一次，无粘液脓血，近期体重无明显变化，舌红苔薄黄，脉弦。,神志清晰，精神尚可，形体形体适中，语言清晰，口唇红润；皮肤正常，无斑疹。头颅大小形态正常，无目窼下陷，白睛无黄染，耳轮正常，无耳瘘及生疮；颈部对称，无青筋暴露，无瘿瘤瘰疬，胸部对称，虚里搏动正常，腹部平坦，无癥瘕痞块，爪甲色泽红润，双下肢无浮肿，舌红，苔薄黄，脉弦。,0,0,0,0,0,0,0,0,0,1,1,实热
490446,train,气滞血瘀证,auto,摔伤致左髋部疼痛伴活动受限3天,患者3天前不慎摔倒，臀部着地，当时即感左髋部疼痛、不能活动，为求进一步治疗，来我院门诊就诊，询问病史、查体及完善相关影像学检查示：左侧耻骨上、下支骨折。建议随诊。患者回家休息后疼痛无明显缓解，翻身活动困难，今来我院要求住院系统治疗，遂以“耻骨骨折”收入院。刻下患者左髋部疼痛明显，不能活动，伤后无昏迷，无头晕头痛，无腹胀不适，二便正常。,神志清晰，精神尚可，形体适中，语言清晰，口唇红润；皮肤正常，无斑疹。头颅大小形态正常，无目窼下陷，白睛无黄染，耳轮正常，无耳瘘及生疮；颈部对称，无青筋暴露，无瘿瘤瘰疬，胸部对称，虚里搏动正常，腹部平坦，无癥瘕痞块，爪甲色泽红润，双下肢无浮肿，舌淡红，苔白，脉弦。,0,0,0,0,1,1,0,0,0,0,2,气滞|血瘀
454669,train,脾胃虚寒证,auto,纳差、乏力3个月，上腹部疼痛1月余,"患者3个月前手术后出现食欲减退、乏力、无恶心呕吐，无心慌胸闷，无呕血黑便，饮食减少，体重下降，1月前患者无明显诱因出现上腹部疼痛,位于剑突下，呈针刺样疼痛,持续到下午缓解,3~4天发作一次,无活动后心慌胸闷疼痛,无咳嗽咳痰呼吸困难,无发热黄疸,无放射性疼痛,自行服用雷贝拉唑肠溶胶囊、胃康灵,症状无减轻。今为求进一步系统诊治遂来我科，刻下：患者上腹部针刺样疼痛间作，位于剑突下，持续到下午缓解，偶有反酸嗳气，食欲减退，乏力，无恶心呕吐，无呕血黑便，无口苦口干，无胸闷气短，无后背放射性疼痛，无发热黄疸，偶有头晕，食欲不振，寐安，二便调，近期体重下降十斤余。",神志清晰，精神尚可，形体适中，语言清晰，口唇红润；皮肤正常，无斑疹。头颅大小形态正常，无目窼下陷，白睛无黄染，耳轮正常，无耳瘘及生疮；颈部对称，无青筋暴露，无瘿瘤瘰疬，胸部对称，虚里搏动正常，腹部平坦，无癥瘕痞块，爪甲色泽红润，双下肢无浮肿，舌紫暗，苔白厚腻，脉濡。,0,0,0,1,0,0,0,0,0,0,1,阳虚
475170,train,肝肾不足证,manual_disambiguated,多关节肿痛20余年，加重1月,患者20余年前无明显诱因出现多关节肿痛，主要累及双肘、双腕、双手PIPJ、MCPJ、双膝等关节，于徐州二院查RF较高（具体报告未见）诊断为“类风湿性关节炎”多次入院治疗，予激素3-5片以及基础药物（具体不详）口服治疗，症状好转后出院。2003年患者查血小板下降，彩超示脾大，应用激素后血小板升至正常。2007年开始应用甲氨蝶呤治疗关节肿痛，期间查血小板最低60X109/L。2011.5查血小板较低（具体不详)停用甲氨蝶呤改用来氟米特抗风湿治疗。2011.8.9-8.19患者因查血小板18X109/L，双下肢及腹部出现散在瘀斑，口干眼干于徐州二院住院治疗，查血沉37mm/h，PLT79X109/L，抗CCP-Ab抗体2155Ru/ml，WBC1.86X109/L，SS抗体谱阴性，上腹部彩超示脾大，唾液腺ECT示双侧腮腺及颌下腺未见明显显象，滤纸试验阳性诊断为“Felty综合征、干燥综合征”，予激素、吉利芬、康立龙、复发灶矾丸、奥美拉唑、鹿瓜多肽、止血敏治疗，症状缓解后出院。2014.11.11-11.24患者因反复出现上腹部痛伴泛酸、恶心、嗳气于徐州第一人民医院入院治疗，胃镜示慢性浅表性胃炎，十二指肠球炎，予抑酸护胃、保肝、抗风湿以及抗炎治疗。2017.10.9-10.25患者双膝、双踝、双侧PIPJ、MCPJ、双腕等关节肿痛加重于徐州第一人民医院住院治疗，查CRP51.3mg/l，RF149IU/ml，抗CCP-Ab抗体112.6AU/ml，ANA谱阴性，骨密度提示骨质疏松，予药物（具体不详）治疗好转后出院。患者出院后一直口服甲泼尼龙4mgqd、雷公藤多苷20mgbid(2020.4月份自行减量至20mgqd）、碳酸钙D3 1片qd、仙灵骨葆3粒qd治疗，未定期复查。1月前患者多关节肿痛加重，为进一步治疗，门诊拟“类风湿性关节炎”收住入院。入院时：患者多关节肿痛，双肩上举困难，双肘肿，皮温高，屈伸不利，口干眼干，双眼视物模糊，无异物感，吃干食需水送，牙齿脱落，无口腔溃疡，胃部灼热感，头晕，无视物旋转，双膝关节疼痛，活动后有骨摩擦音，右膝皮温高，难以伸直，行走困难，左侧臀区疼痛，左第一足趾关节疼痛，无雷诺征，无恶寒发热，无胸闷胸痛，无腹胀腹泻，无尿频急痛，无皮疹，纳食减少，夜寐尚安，大便2-3日一行，小便正常。,神志清晰，精神尚可，形体适中，语言清晰，口唇红润。双膝关节以下皮肤有多发散在瘀点压之不褪色。头颅大小形态正常，无目窼下陷，无白睛，耳轮正常，无耳瘘及生疮；颈部对称，无青筋暴露，无瘿瘤瘰疬，胸部对称，虚里搏动正常，腹部平坦，无癥瘕痞块，爪甲色泽红润，双下肢无浮肿，舌红无苔，脉沉。,0,0,1,0,0,1,0,0,0,0,2,阴虚|血瘀
484475,train,气滞血瘀证,auto,左髋部疼痛1月,"患者1月前无明显诱因出现左髋部疼痛，未予重视，1月来患者自觉左髋部疼痛逐渐加重，蹲下起立时疼痛较甚,休息后可缓解，今家人将其送至我院就诊，由门诊收入住院。入院时:患者神清，精神可，左髋部疼痛，蹲下起立时加重，双下肢麻木，行走尚可，无恶寒发热,无胸闷胸痛,无头晕头痛,纳可,寐安,二便调.",神志清晰，精神尚可，形体适中，语言清晰，口唇红润；皮肤正常，无斑疹。头颅大小形态正常，无目窼下陷，白睛无黄染，耳轮正常，无耳瘘及生疮；颈部对称，无青筋暴露，无瘿瘤瘰疬，胸部对称，虚里搏动正常，腹部平坦，无癥瘕痞块，爪甲色泽红润，双下肢无浮肿，舌淡红，苔白，脉弦。,0,0,0,0,1,1,0,0,0,0,2,气滞|血瘀
440075,train,气滞血瘀证,auto,腰及左下肢疼痛2年余，加重5天,"患者2年前无明显诱因出现腰部疼痛，伴左下肢疼痛,劳累后加重休息后缓解,不耐久坐久站,不耐久行,症状时有反复，未引起重视，5天前症状加重，出现腰部及左下肢胀疼,休息后疼痛未见缓解。为求进一步治疗，至我院就诊，门诊经询问病史及查体后，建议患者住院系统检查治疗，遂经门诊拟“腰椎间盘突出”收治入院。刻下患者一般情况可，精神状态良好，诉腰背部疼痛，伴左下肢疼痛与，无头晕头痛，无发热咳嗽，饮食二便未诉异常。",神志清晰，精神尚可，形体偏瘦，语言清晰，口唇红润；皮肤正常，无斑疹。头颅大小形态正常，无目窼下陷，白睛无黄染，耳轮正常，无耳瘘及生疮；颈部对称，无青筋暴露，无瘿瘤瘰疬，胸部对称，虚里搏动正常，腹部平坦，无癥瘕痞块，爪甲色泽红润，双下肢无浮肿，舌淡紫，苔白，脉弦涩。,0,0,0,0,1,1,0,0,0,0,2,气滞|血瘀
445667,train,气滞血瘀证,auto,腰背部疼痛伴活动受限1月，加重1天。,患者平素颈腰部疼痛不适病史，1月前无明显诱因出现颈、腰部疼痛，活动不利，于当地保守治疗，症状缓解后回家休养，1天前症状突然加重，床上翻身及起卧困难，休息后症状无缓解，故为求进一步治疗，今日来我院门诊就诊。经询问病史及查体后，行脊柱MRI检查，结果回示：L2椎体陈旧性骨折。为系统治疗，遂经门诊拟“陈旧性脊柱骨折”收治入院。刻下患者腰背部疼痛依然，不能活动，近期无明显体重下降，无潮热盗汗，无腹胀不适，无恶心呕吐，睡眠及食纳尚可，二便正常。,神志清晰，精神尚可，形体适中，语言清晰，口唇红润；皮肤正常，无斑疹。头颅大小形态正常，无目窼下陷，白睛无黄染，耳轮正常，无耳瘘及生疮；颈部对称，无青筋暴露，无瘿瘤瘰疬，胸部对称，虚里搏动正常，腹部平坦，无癥瘕痞块，爪甲色泽红润，双下肢无浮肿，舌淡红，苔白，脉滑。,0,0,0,0,1,1,0,0,0,0,2,气滞|血瘀
467076,train,湿热蕴结证,auto,右拇趾出现红肿疼痛1周余。,患者1周前爬山挤压，导致趾甲周缘皮肤出现红肿，疼痛明显，且红肿逐渐加重，行走时伴疼痛，遂今日来我科门诊就诊，为进一步治疗，遂收入院拟行手术切除。患者否认近14天湖北疫区及本地发病区接触史，否认近14天新冠肺炎病人接触史，否认近14天接触过来自武汉市及周边或境内、境外疫情严重地区发热有呼吸道症状的患者，否认近14天咳嗽、腹泻，查肺部CT、血常规、新型冠状病毒抗体IGG及IGM未见明显异常，排除新冠肺炎，遂收入院系统治疗。近期患者精神及纳食可，睡眠一般，大小便正常。,神志清晰，精神尚可，形体适中，语言清晰，口唇红润；皮肤同前，有斑疹。头颅大小形态正常，无目窼下陷，白睛无黄染，耳轮正常，无耳瘘及生疮；颈部对称，无青筋暴露，无瘿瘤瘰疬，胸部对称，虚里搏动正常，腹部平坦，无癥瘕痞块，爪甲色泽红润，双下肢无浮肿，舌质红，苔薄黄，脉弦滑。,0,0,0,0,0,0,0,1,0,0,1,湿热
417988,train,痰火扰心证,auto,反复阵发性心慌3余年，加重2小时。,"患者3余年前每于活动后及熬夜后出现心慌，持续数分钟，休息后可缓解，未予药物规范治疗，病情时有反复。2小时前患者再次出现心慌加重，休息后未见缓解，无胸闷气短，为求进一步治疗，遂今日至我院急诊就诊,急诊查心电图示:室上性心动过速,心率1172次/分,予以静推盐酸胺碘酮针150mg、三磷酸腺苷静推复律后，患者症状缓解，为进一步诊治收治入院。入院时：心慌未作，无头晕头痛，无胸闷胸痛，无腹胀腹痛，纳寐可，二便正常，舌红，苔黄腻，脉弦滑。",神志清晰，精神尚可，形体适中，语言清晰，口唇红润；皮肤正常，无斑疹。头颅大小形态正常，无目窼下陷，白睛无黄染，耳轮正常，无耳瘘及生疮；颈部对称，无青筋暴露，无瘿瘤瘰疬，胸部对称，虚里搏动正常，腹部平坦，无癥瘕痞块，爪甲色泽红润，双下肢无浮肿，舌红，苔黄腻，脉弦滑。,0,0,0,0,0,0,1,0,0,0,1,痰湿
475298,train,湿热下注证,auto,肛内肿物外脱伴肿痛10天,"患者于入院前10天，劳累后出肛内肿物外脱伴肿痛,未予治疗，症情反复发作渐加重，遂来本院求治。刻下：肛内肿物脱出伴肿缘疼痛，坐卧不宁，行走不利。大便日行1次，质硬，排出不畅，无便血，无排便不尽及肛门坠胀感，无粘液便，小溲畅，无发热恶寒。纳食可，夜寐尚可，舌红，苔黄，脉滑数。",神志清晰，精神尚可，形体适中，语言清晰，口唇红润；皮肤正常，无斑疹。头颅大小形态正常，无目窼下陷，白睛无黄染，耳轮正常，无耳瘘及生疮；颈部对称，无青筋暴露，无瘿瘤瘰疬，胸部对称，虚里搏动正常，腹部平坦，无癥瘕痞块，爪甲色泽红润，双下肢无浮肿，舌淡红，苔白，脉数。,0,0,0,0,0,0,0,1,0,0,1,湿热
469803,train,心血瘀阻证,auto,反复胸闷痛半年，加重伴纳差1周。,患者半年前开始反复出现胸闷痛不适，劳累时明显加重，每次持续约10分钟，休息后或舌下含服硝酸甘油、速效救心丸等药物后可缓解，患者未予重视。近1周患者无明显诱因自觉胸闷痛较前加重，夜间胸闷明显，多次含服速效救心丸方解，时有心慌，伴纳差，乏力，遂今日至我院门诊就诊，门诊查：胸部CT考虑：左肺下叶慢性炎症。食管术后表现。 随访复查。血常规：白细胞计数 3.26X109/L 淋巴细胞值0.80X109/L 红细胞计数3.36X1012/L 血红蛋白101g/l 红细胞积压32% 平均血红蛋白浓度316g/L。新冠核酸检测阴性，已排除新冠肺炎可能，现为进一步诊治收住入院。入院时：患者胸闷痛间作，时有心慌，食纳差，胃部反酸，偶有恶心，乏力，发病以来无发热恶寒，无咳嗽咳痰，无腹痛腹胀，无头晕头痛，无黑矇晕厥，夜尿3-4次，大便尚调，夜寐欠佳。,神志清晰，精神欠佳，形体适中，语言清晰，口唇红润；皮肤正常，无斑疹。头颅大小形态正常，无目窼下陷，白睛无黄染，耳轮正常，无耳瘘及生疮；颈部对称，无青筋暴露，无瘿瘤瘰疬，胸部对称，虚里搏动正常，腹部平坦，无癥瘕痞块，爪甲色泽红润，双下肢无浮肿。舌紫暗，舌下瘀筋苔白中厚腻，脉沉细。,0,0,0,0,0,1,0,0,0,0,1,血瘀
436353,train,风痰阻络证,auto,头晕伴双下肢无力4天,患者于4日前无明显诱因出现头晕、双下肢无力，症状持续无明显缓解，遂至我院门诊，予收入我科。入院时症状：神志清，精神欠佳，头晕时作，双下肢无力，行走欠利，双下肢轻度浮肿，无意识障碍，无肢体抽搐、痉挛等，饮食可，二便可，夜寐尚可。舌质红，苔黄腻，脉弦。,神志清晰，精神欠佳，形体适中，语言清晰，口唇红润；皮肤正常，无斑疹。头颅大小形态正常，无目窼下陷，白睛无黄染，耳轮正常，无耳瘘及生疮；颈部对称，无青筋暴露，无瘿瘤瘰疬，胸部对称，虚里搏动正常，腹部平坦，无癥瘕痞块，爪甲色泽红润，双下肢有浮肿，舌质红，苔黄腻，脉弦。,0,0,0,0,0,0,1,0,1,0,2,内风|痰湿
458905,train,脾肾两虚证,manual_disambiguated,双下肢及眼睑浮肿间作1年,"患者2018.10出现双下肢浮肿间作，运动后脚踝及小腿肿肿胀，半月后消肿，2019年1月双下肢可凹性水肿，眼睑浮肿加重，伴阴囊水肿，查尿蛋白3+，潜血2+，至我科住院治疗，查24小时尿蛋白13.65g/24h，血浆白蛋白 17.1g/L，高脂血症，诊断为肾病综合征，建议行肾脏穿刺明确诊断，患者暂不考虑，予甲泼尼龙60mg qd、他克莫司1片 bid、低分子肝素钙1支 qd及中药保肾治疗，复查血浆白蛋白 12.2g/L，建议继续治疗，患者要求出院。2019年2月7日患者周身水肿加重，再入我科，予行肾脏穿刺术，病理结果提示微小病变性肾病，治疗予甲泼尼龙50mg、他克莫司1粒bid等治疗，查他克莫司血药浓度为1.2ug/l，2019.2.23出院时复查尿蛋白阴性，血浆白蛋白升至30g/L，出院后予强的松4片qd，他克莫司早2粒晚1粒治疗，3.26复查血浆白蛋白升至44.0g/L，强的松逐渐减量，2019.4.21查他克莫司血药浓度1.5ug/L，血药浓度偏度,予加用络活喜1粒 1/日口服增强血药浓度,2019.4.29强的松停用，2019.5.30查他克莫司血药浓度1.7ug/L，白蛋白升至41.1g/L，2019.6.20查他克莫司血药浓度1.9ug/L，白蛋白39.4g/L。2019.9.11患者查尿蛋白提示尿蛋白1+，血浆白蛋白正常下限，尿蛋白/肌酐及24小时尿蛋白定量提示尿蛋白1g左右，病情复发不除外，予甲强龙40mg静滴qd，他克莫司谷浓度偏低，加量为2片bid，出院后泼尼松改为10mg口服qd，现改为泼尼松10mg口服qod，现患者为求进一步诊疗入住我科，入院时：患者神志清，精神可，双下肢、眼睑浮肿不显，尿量正常，夜尿0-1次，尿中时有泡沫，纳食尚可，大便正常，无恶寒发热，无头晕头痛，无胸闷憋喘，夜间可以平卧，无皮疹红斑，无腹痛腹泻。",神志清晰，精神尚可，形体适中，语言清晰，口唇红润；皮肤正常，无斑疹。头颅大小形态正常，无目窼下陷，无白睛，耳轮正常，无耳瘘及生疮；颈部对称，无青筋暴露，无瘿瘤瘰疬，胸部对称，虚里搏动正常，腹部平坦，无癥瘕痞块，爪甲色泽红润，双下肢无浮肿，舌淡红，苔白，脉沉细。,0,1,0,1,0,0,0,0,0,0,2,阳虚|血虚
479704,train,湿热下注证,auto,大便疼痛伴肛旁肿痛3天，流脓水1天,患者于入院前3天，出现因食辛辣醇厚且劳累后出现肛旁肿胀疼痛，出现红肿包块，昨日肿块破溃，伴有脓性分泌物溢出，便时疼痛剧烈，无发热，查体见：皮肤表面瘘口红肿，触痛，表面皮温高，压之有脓性分泌物溢出。刻下：肛旁肿痛伴脓液外溢，坐卧不宁，行走不利。大便1日/行，日行1次，质软，排出畅，无便血，无排便不尽及肛门坠胀感，无粘液便，小溲畅，无发热恶寒。纳谷不馨，夜寐尚可，舌红，苔白，脉弦滑。,神志清晰，精神尚可，形体形体适中，语言清晰，口唇红润；皮肤正常，无斑疹。头颅大小形态正常，无目窼下陷，无白睛，耳轮正常，无耳瘘及生疮；颈部对称，无青筋暴露，无瘿瘤瘰疬，胸部对称，虚里搏动正常，腹部平坦，无癥瘕痞块，爪甲色泽红润，双下肢无浮肿，舌红，苔黄，脉弦滑。,0,0,0,0,0,0,0,1,0,0,1,湿热
482046,train,气滞血瘀证,auto,颈痛伴头晕头痛2月余,患者2月前无明显诱因出现颈部疼痛伴头晕，头晕发作时伴轻微头痛，无视物模糊，无恶心呕吐，无脚踩棉花感，症状反复发作，时轻时重，未予特殊治疗。现为行进一步治疗，来我院门诊就诊，门诊查颈椎MR示：1.C3-4椎间盘中央型突出。 2.C6-7椎间盘左侧旁型突出。 3.颈椎退行性变。门诊拟“混合型颈椎病”收住入院。刻下患者神清，精神一般，饮食睡眠欠佳，二便如常。,神志清晰，精神尚可，形体适中，语言清晰，口唇红润；皮肤正常，无斑疹。头颅大小形态正常，无目窼下陷，白睛无黄染，耳轮正常，无耳瘘及生疮；颈部对称，无青筋暴露，无瘿瘤瘰疬，胸部对称，虚里搏动正常，腹部平坦，无癥瘕痞块，爪甲色泽红润，双下肢无浮肿，舌淡红，苔白，脉弦。,0,0,0,0,1,1,0,0,0,0,2,气滞|血瘀
467319,train,脾胃亏虚证,auto,双下肢麻木无力1年，加重5月。,患者于1年无明显诱因出现双侧下肢麻木、无力，自觉行走不稳、久站、久行后加重，行走、上下楼梯动作可完成，蹲坐困难，腰背部酸痛，下肢麻木程度大致相当，间断服中药、针刺治疗，后症状进行性加重，5个月前症状加重，经治疗后症状有所好转，但仍需辅助下站立及行走，今为求中西医结合治疗，特来我院就诊。入院时症状：神志清，精神可，双下肢麻木无力，下肢痉挛、强直，辅助下可站立，辅助下缓慢行走，腰骶部酸痛不适，无发热，无咳嗽及咳痰，小便失禁，大便秘结难解，夜寐欠佳。舌质淡，苔白腻，脉弦。,神志清晰，精神尚可，形体适中，语言清晰，口唇红润；皮肤正常，无斑疹。头颅大小形态正常，无目窼下陷，白睛无黄染，耳轮正常，无耳瘘及生疮；颈部对称，无青筋暴露，无瘿瘤瘰疬，胸部对称，虚里搏动正常，腹部平坦，无癥瘕痞块，爪甲色泽红润，双下肢无浮肿，舌质淡，苔白腻，脉弦。,1,0,0,0,0,0,0,0,0,0,1,气虚
457912,train,气虚不摄证,auto,呕血2小时,患者2小时前无明显诱因呕吐鲜血约300ml，伴有心慌、汗出、乏力，无一过性黑懵，无黑便，无发热腹痛，无上腹部及胸前区疼痛，无咳嗽、咳痰，小便正常，半年前因黑便入住我科诊断：1.上消化道出血2.肝硬化失代偿期3.肺部感染，门诊遂拟急性上消化道出血收入我科进一步诊治。发病来，患者乏力、头晕、胸闷，无发热、黄疸，无吞咽困难，无咳痰、咯血，无尿少、尿血，食纳、睡眠欠佳，近期无明显消瘦。,神志清晰，精神尚可，形体适中，语言清晰，口唇苍白；皮肤正常，无斑疹。头颅大小形态正常，无目窼下陷，白睛无黄染，耳轮正常，无耳瘘及生疮；颈部对称，无青筋暴露，无瘿瘤瘰疬，胸部对称，虚里搏动正常，腹部平坦，无癥瘕痞块，爪甲色泽苍白，双下肢无浮肿，舌淡红，苔薄黄，脉弦。,1,0,0,0,0,0,0,0,0,0,1,气虚
454110,test,肝胃郁热证,auto,上腹痛伴嗳气间作2月余。,患者2月前无明显诱因出现上腹疼痛，疼痛以剑下及右上腹为主，进食后腹痛稍缓解，自诉有肩背部放射痛，有反酸、嗳气、腹胀及上腹部、胸骨后烧灼感，无恶心、呕吐，无发热，食欲可，大便每日一次，无粘液、脓血便，曾在我院门诊查胃镜示：胃多发息肉，病理：（胃体）增生性息肉、（幽门口）粘膜重度慢性炎（活动性），伴糜烂、淋巴组织增生，患者为求进一步诊治，今来我院，由门诊收入我科。病程中患者：无头晕，无咳嗽咳痰，无心悸胸闷，纳可，睡眠可，小便正常，近期体重无明显变化，进食后感胃脘嘈杂，舌红苔白，脉弦。,神志清晰，精神尚可，形体形体适中，语言清晰，口唇红润；皮肤正常，无斑疹。头颅大小形态正常，无目窼下陷，白睛无黄染，耳轮正常，无耳瘘及生疮；颈部对称，无青筋暴露，无瘿瘤瘰疬，胸部对称，虚里搏动正常，腹部平坦，无癥瘕痞块，爪甲色泽红润，双下肢无浮肿，舌淡红，苔白，脉弦。,0,0,0,0,1,0,0,0,0,1,2,气滞|实热
443127,train,正虚瘀结证,auto,卵巢癌术后化疗后近3年，右膝疼痛3月。,患者2016年10月中旬无明显诱因出现腹部胀满不适，食纳差，进食后腹胀明显，至徐州市妇幼保健院查CT提示腹腔积液，卵巢包块；考虑卵巢癌，于2016-10-13行双侧卵巢+阑尾+大网膜切除术，术后病理不详。术后于2016-10-26始予紫杉醇+顺铂腹腔灌注化疗8周期（具体剂量紫杉醇210mg+顺铂60mg d1 q3w），末次化疗时间2017-03-31，过程顺利。期间复查病情稳定，第6周期化疗出现II度骨髓抑制，第7、8周期出现I度骨髓抑制，对症治疗后好转。后长期于我院门诊口服中药治疗，定期复查CT病情稳定。2018年7月患者肝颈部不适，查彩超提示甲状腺结节，未特殊治疗，定期复查变化不著。2019-05-16复查胸腹部CT提示病情稳定，未见明确复发转移征象。3月来患者自觉右膝关节疼痛，活动后加重，现为求进一步诊治入住我院，入院时：患者右膝关节疼痛间作，活动后加重，余未诉特殊不适，无恶寒发热，无咳嗽咳痰，无恶心呕吐，无腹痛腹泻，胃纳尚可，夜寐尚安，二便正常，近期体重未见明显变化。,神志清晰，精神尚可，形体适中，语言清晰，口唇红润；皮肤正常，无斑疹。头颅大小形态正常，无目窼下陷，白睛无黄染，耳轮正常，无耳瘘及生疮；颈部对称，无青筋暴露，无瘿瘤瘰疬，胸部对称，虚里搏动正常，腹部平坦，无癥瘕痞块，爪甲色泽红润，双下肢无浮肿，舌淡红，苔白，脉细。,1,0,0,0,0,1,0,0,0,0,2,血瘀|气虚
467485,train,气虚血瘀证,auto,站立不稳、干呕20日，加重伴膝关节疼痛1周,患者自诉20日前无明显诱因出现站立不稳，时有干呕，尚能行走，5月2日、4日先后站立不稳跌坐在地，患者家属至外院诊断脑梗死，输液治疗后症状稍减轻，1周前患者肢体无力加重、伴有膝关节疼痛，现行走不能行动依赖轮椅，为求进一步治疗入院，病程中无意识模糊、无肢体抽搐，刻下患者神清，精神差，头晕，行走不能，双下肢无力，时有干呕，口角流涎，双膝关节疼痛，右膝关节疼痛较重，口下颌不自主抖动，无活动后心慌胸闷，食纳欠佳，夜寐安，小便畅，大便干。舌暗淡，苔白，舌中微黄，脉弦。,神志清晰，精神尚可，形体适中，语言清晰，口唇红润；皮肤正常，无斑疹。头颅大小形态正常，无目窼下陷，白睛无黄染，耳轮正常，无耳瘘及生疮；颈部对称，无青筋暴露，无瘿瘤瘰疬，胸部对称，虚里搏动正常，腹部平坦，无癥瘕痞块，爪甲色泽红润，双下肢无浮肿，舌淡红，苔白，脉细。,1,0,0,0,0,1,0,0,0,0,2,血瘀|气虚
481662,test,风痰阻络证,auto,言语不清伴右侧肢体活动不利半年余，加重5小时,患者半年余前，无明显诱因，出现右侧肢体活动不利，言语欠利，无头晕头痛，无恶心欲吐，无吞咽困难及饮水呛咳，至外院住院治疗（具体不详）后好转出院，9月份出现症状加重，经治疗好转，今日下午2:00无明显诱因出现症状加重，至我院急诊排除新冠肺炎，拟“脑梗死（急性期）”收入我科。入院时：患者神清，精神欠佳，言语不清，右侧肢体活动不利，右上肢抬举困难，行走欠稳，纳可，寐欠安，二便调。,神志清晰，精神欠佳，形体适中，语言不清，口唇红润；皮肤正常，无斑疹。头颅大小形态正常，无目窼下陷，白睛无黄染，耳轮正常，无耳瘘及生疮；颈部对称，无青筋暴露，无瘿瘤瘰疬，胸部对称，虚里搏动正常，腹部平坦，无癥瘕痞块，爪甲色泽红润，双下肢无浮肿，舌紫，苔白腻，脉弦。,0,0,0,0,0,0,1,0,1,0,2,内风|痰湿
438052,train,气虚血瘀证,auto,头晕不适间作2年，加重伴右侧肢体麻木2天。,患者2年前无明显诱因下出现头晕不适，无恶心呕吐，无胸闷胸痛，无汗出心慌，无黑朦，患者测血压多次高于正常，最高180/90mmhg，自行服缬沙坦氢氯噻嗪、苯磺酸左旋氨氯地平片、强力定眩片治疗，症状时有发作。昨日上午患者无明显诱因下再次出现头晕不适加重，伴右侧肢体麻木，言语不清，患者未予重视，今晨患者自觉症状加重，遂来我院就诊，为进一步诊治，收住入院。入院时：患者头晕不适，右侧肢体麻木无力，无恶心呕吐，无视物模糊，无胸闷胸痛，无心慌汗出，无黑朦，无视物旋转，纳食可，夜寐安，二便调。,神志清晰，精神尚可，形体适中，语言清晰，口唇发绀；皮肤正常，无斑疹。头颅大小形态正常，无目窼下陷，白睛无黄染，耳轮正常，无耳瘘及生疮；颈部对称，无青筋暴露，无瘿瘤瘰疬，胸部对称，虚里搏动正常，腹部平坦，无癥瘕痞块，爪甲色泽红润，双下肢无浮肿，舌淡紫，苔薄白，脉涩。,1,0,0,0,0,1,0,0,0,0,2,血瘀|气虚
418847,train,正虚瘀结,auto,右肺癌术后3年余，乏力1周。,患者2015-11体检时发现右肺占位，无咳嗽、憋喘等症状，至上海市胸科医院就诊，胸部CT示右肺上叶后段磨玻璃影，约1.9*1.6cm，形态不规则，恶性肿瘤可能性大。头颅CT、腹部彩超、骨扫描未见异常。2015-12-21行胸腔镜下肺叶切除术，术后病理：右肺上叶后段浸润性腺癌，伴乳头状成分，1.7*1.8*1.6cm，肿瘤抵达胸膜下，未突破弹力层，淋巴结未见转移。分期pT2aN0M0 IB期。术后恢复可。2016-01胸部CT：1.右肺癌术后改变，右肺门略增大；2.右肺下叶内底段小结节；3.右侧胸腔少量积液。上腹部CT：未见明确异常。于2016-01-27、02-16行化疗2周期（培美曲塞900mg d1+顺铂40mg d1-3），03-09、03-30行培美曲塞900mg d1+卡铂400mg d1化疗2周期。2016年8月患者复查胸部CT见右肺小结节，怀疑转移瘤，又行顺铂90mg化疗3周期。定期复查未示异常。近1周患者出现乏力，为求进一步检查治疗收入我科。现患者偶有咳嗽，无憋喘，无咳痰，无发热，胃纳可，二便调，夜寐安，无消瘦。,神志清晰，精神尚可，形体适中，语言清晰，口唇红润；皮肤正常，无斑疹。头颅大小形态正常，无目窼下陷，白睛无黄染，耳轮正常，无耳瘘及生疮；颈部对称，无青筋暴露，无瘿瘤瘰疬，胸部对称，虚里搏动正常，腹部平坦，无癥瘕痞块，爪甲色泽红润，双下肢无浮肿，舌淡红，苔白，脉细。,1,0,0,0,0,1,0,0,0,0,2,血瘀|气虚
486774,test,气虚血瘀证,auto,双手遇冷变白变紫5年余，咳嗽间作3年,"患者5年前无明显诱因出现双手遇冷变白变紫，无胸闷憋喘，无发热，未重视治疗，后患者渐出现颜面皮肤紧绷感，双手麻木感，双手皮肤对称性肿胀、僵硬，手指呈“腊肠样”；3年间间断出现咳嗽，无憋喘，未予重视。4月前双手遇冷后出现右手无名指、左手中指指间出现破溃，未予治疗，2020.04.09至我院门诊就诊，查抗核抗体500AU/mL，HS1:640，抗SCL70抗体（+），肺部CT示两肺纤维化，双手X线：双手指雷诺综合征表现，2020.04.20至2020.5.1于我科住院治疗，考虑“系统性硬化症、间质性肺病”，经甲强龙40mg×10天，环磷酰胺1.0静滴，扩血管等治疗后病情好转，予以出院，后患者规律静滴环磷酰胺1次/半月（目前已累积6.4g），患者2020.8.10住院查尿蛋白谱 尿微量白蛋白 41.30mg/L↑,尿a-1微球蛋白 29.30mg/L↑,尿液免疫球蛋白G 5.62mg/L,尿转铁蛋白 ＜2.21mg/L；尿常规：尿蛋白(+-)，予停拜新同，予福辛普利10mg qd治疗，因干咳停用，改为服用替米沙坦40mg qd治疗，后多次监测尿蛋白0.3g以内。目前予强的松10mgqod+他达拉非片5mg qd+白芍总苷胶囊2粒bid+替米沙坦40mg qd治疗。现患者为按疗程静滴环磷酰胺治疗收住入院。入院症见：乏力不适，纳可，夜寐欠安，大便日行一次，无咳嗽咳痰，无腹痛腹泻，无尿频急痛，无口腔溃疡，无皮疹。",神志清晰，精神尚可，形体适中，语言清晰，口唇红润；皮肤正常，无斑疹。头颅大小形态正常，无目窼下陷，无白睛，耳轮正常，无耳瘘及生疮；颈部对称，无青筋暴露，无瘿瘤瘰疬，胸部对称，虚里搏动正常，腹部平坦，无癥瘕痞块，爪甲色泽红润，双下肢无浮肿，舌红，苔薄黄，脉弦细。,1,0,0,0,0,1,0,0,0,0,2,血瘀|气虚
425196,train,气虚血瘀证,auto,"反复头晕3年,加重伴左侧肢体乏力5天",患者3年前无明显诱因头晕头昏，头重如裹，予外院就诊，诊断“脑梗塞”，予输液治疗，症状反复发作，5天前患者突感头晕频作，头昏，头胀痛，头重如裹，左侧肢体乏力，左下肢为著，行走尚平稳，唇周麻木，胸闷偶作，心慌阵作，无胸痛放射痛，伴气短，遂至我院门诊就诊，今为进一步检查治疗收住入院。病程中患者无恶寒发热，无晕厥黑朦，无恶心呕吐，无夜间憋醒，无腹胀腹痛，无四肢抽搐，纳食一般，夜寐差，不易入睡，二便尚调。,神志清晰，精神差，形体适中，语言清晰，口唇发绀；皮肤正常，无斑疹。头颅大小形态正常，无目窼下陷，无白睛，耳轮正常，无耳瘘及生疮；颈部对称，无青筋暴露，无瘿瘤瘰疬，胸部对称，虚里搏动正常，腹部膨隆，无癥瘕痞块，爪甲色泽：淡红，双下肢对称，舌淡紫，苔白，脉细。,1,0,0,0,0,1,0,0,0,0,2,血瘀|气虚
421300,train,脾虚湿盛证,auto,大便溏薄、次数增多间作数年，又作1天,患者数年前无明显诱因出现大便溏薄、次数增多，2年前于我院查电子肠镜示结肠息肉，予内镜下治疗好转后出院，1天前患者上述症状又作，患者为求中西医结合治疗，今来我院门诊求治，为求综合治疗，收入我区。入院时：患者神清，精神一般，大便溏薄，日行5次，色黄，不成形，无明显腹痛腹胀，纳谷一般，小便尚调，夜寐欠安，病程中无发热，无呕血黑便，无头晕头痛。近期体重未见明显下降。,神志清晰，精神尚可，形体形体适中，语言清晰，口唇红润；皮肤正常，无斑疹。头颅大小形态正常，无目窼下陷，白睛无黄染，耳轮正常，无耳瘘及生疮；颈部对称，无青筋暴露，无瘿瘤瘰疬，胸部对称，虚里搏动正常，腹部膨隆，无癥瘕痞块，爪甲色泽红润，双下肢无浮肿，舌淡红，苔白，脉弦。,1,0,0,0,0,0,1,0,0,0,2,痰湿|气虚
433959,train,痰湿蕴肺证,auto,反复咳喘3余年，加重10余天。,"患者3年前受凉后出现咳嗽、咳痰、喘憋，于当地医院就诊，予以对症治疗后改善。此后3年间，咳嗽、咳痰及喘憋症状反复发作，多在受凉及季节交替时加重，每年发作时间超过3个月，诊断为“慢性阻塞性肺病 支气管哮喘”，予以药物化痰、止喘及消炎等对症治疗后改善。10余天前因受凉后出现胸闷气喘,活动后加重，咳嗽，咳黄白粘痰，喉间喘鸣,今日至我院就诊，查肺功能示：中度阻塞性通气功能障碍，支气管舒张试验阳性。胸部CT：两肺多发小结节状及小片高密度影。于当地医院输液治疗,效果欠佳；门诊以“慢性阻塞性肺疾病 支气管哮喘”收入我区住院系统治疗。近10余天，患者神志清，精神可，咳嗽、咳痰、气喘，无发热，无胸痛，饮食可，睡眠可，二便正常。",神志清晰，精神尚可，形体适中，语言清晰，口唇红润；皮肤正常，无斑疹。头颅大小形态正常，无目窼下陷，白睛无黄染，耳轮正常，无耳瘘及生疮；颈部对称，无青筋暴露，无瘿瘤瘰疬，胸部对称，虚里搏动正常，腹部平坦，无癥瘕痞块，爪甲色泽红润，双下肢无浮肿，舌淡红，苔白，脉滑。,0,0,0,0,0,0,1,0,0,0,1,痰湿
451106,train,肾虚证,auto,停经54天，下腹疼痛不适1天。,患者平素月经周期尚正常，6/30-半年，月经量中，色暗，无血块，无痛经；G1P0，2018年6月妊娠50余天因“胚停”行“清宫术”，LMP：2019-09-07，6天净，量色质如常，本周期予促排卵治疗，2019-10-06至沛县中医院就诊查血HCG：38.38mIU/ml、P：>190.8nmol/L，10-08复查血HCG：93.0mIU/ml、P：60.0ng/ml、E2：122.10ng/ml，TSH：6.78uIU/ml，CA125：70.75U/ml，予地区孕酮、雷替斯、中药口服保胎治疗3天前患者无明显诱因出现下腹隐痛伴阴道少量褐色，10-14复查血HCG：1810.7mIU/ml、P：60.0ng/ml、E2：1754.63ng/ml，CA125：92.07U/ml，予地区孕酮、雷替斯、低分子肝素皮下注射保胎治疗，今日患者出现阴道褐色出血，至我院门诊复查妇科彩超：宫内早早孕，定期复查，现为求进一步综合治疗，遂由门诊收入院。刻下：一般情况可，无恶寒发热，下腹隐痛，伴阴道少量褐色出血，偶有腰部酸痛，晨起恶心，纳食稍差，夜寐安，二便调畅。,神志清晰，精神尚可，形体适中，语言清晰，口唇红润；皮肤正常，无斑疹。头颅大小形态正常，无目窼下陷，白睛无黄染，耳轮正常，无耳瘘及生疮；颈部对称，无青筋暴露，无瘿瘤瘰疬，胸部对称，虚里搏动正常，腹部平坦，无癥瘕痞块，爪甲色泽红润，双下肢无浮肿，舌淡红，苔薄白，脉沉滑尺脉弱。,1,0,0,1,0,0,0,0,0,0,2,阳虚|气虚
474522,val,气滞血瘀证,auto,外阴及肛周起皮疹3月余。,患者3个多月前发现外阴部起少量粟粒大小不等疣状赘生物，散在分布，无疼痛、痒痛等不适，患者未予重视，后疣状皮疹逐渐增多，且扩展至肛周，伴轻度瘙痒不适，今为求进一步治疗，遂来我科住院手术治疗。患者否认近14天湖北疫区及本地发病区接触史，否认近14天新冠肺炎病人接触史，否认近14天接触过来自武汉市及周边或境内、境外疫情严重地区发热有呼吸道症状的患者，否认近14天发热、咳嗽、腹泻，门诊查血常规、新冠病毒核酸检测未见明显异常，排除新冠肺炎，遂收入院系统治疗。入院时患者无发热不适，精神及纳食可，睡眠佳，二便自调。,神志清晰，精神尚可，形体适中，语言清晰，口唇红润；皮肤同前，有斑疹。头颅大小形态正常，无目窼下陷，白睛无黄染，耳轮正常，无耳瘘及生疮；颈部对称，无青筋暴露，无瘿瘤瘰疬，胸部对称，虚里搏动正常，腹部平坦，无癥瘕痞块，爪甲色泽红润，双下肢无浮肿，舌质暗红，苔薄白，脉弦涩。,0,0,0,0,1,1,0,0,0,0,2,气滞|血瘀
448179,train,气虚血瘀证,auto,头晕头昏反复发作1天,"患者今日晨起无明显诱因突然出现头晕头昏，意识清晰，恶心呕吐,无口角歪斜，言语流利，患者遂由家属陪同至我院急诊科就诊,现患者为求进一步系统诊疗，遂由门诊拟脑梗死收住入院。现患者神清，精神可，对答切题，言语流利,无口角歪斜，头晕头昏反复发作,恶心呕吐,呕吐胃内容物,无发热恶寒、咳嗽咯痰等不适，疲乏无力,无食欲，无反酸烧心，二便调，夜寐一般。",神志清晰，精神尚可，形体适中，语言清晰，皮肤正常，无斑疹。头颅大小形态正常，无目窼下陷，无白睛，耳轮正常，无耳瘘及生疮；颈部对称，无青筋暴露，无瘿瘤瘰疬，胸部对称，虚里搏动正常，腹部平坦，无癥瘕痞块，爪甲色泽红润，双下肢对称，舌淡暗，苔薄，脉弦细。,1,0,0,0,0,1,0,0,0,0,2,血瘀|气虚
471944,train,气滞血瘀证,auto,右足背起赘生物2年。,患者自诉2年前无明显诱因于右足背跖趾关节出现一枚绿豆大小赘生物，无痒痛等不适，未予重视，皮损逐渐增大至指甲盖大小，且近年来相同位置又新起一枚绿豆大小赘生物，时有瘙痒不适，为求进一步治疗，遂今日来我科住院手术治疗。患者否认近14天湖北疫区及本地发病区接触史，否认近14天新冠肺炎病人接触史，否认近14天接触过来自武汉市及周边或境内、境外疫情严重地区发热有呼吸道症状的患者，否认近14天发热、咳嗽、腹泻，查肺部CT、新冠核酸未见明显异常，排除新冠肺炎，遂收入院系统治疗。近期患者无发热不适，精神及纳食可，睡眠佳，大小便正常。,神志清晰，精神尚可，形体适中，语言清晰，口唇红润；躯干、四肢皮肤见红斑丘疹，以四肢为著。头颅大小形态正常，无目窼下陷，白睛无黄染，耳轮正常，无耳瘘及生疮；颈部对称，无青筋暴露，无瘿瘤瘰疬，胸部对称，虚里搏动正常，腹部平坦，无癥瘕痞块，爪甲色泽红润，双下肢无浮肿。,0,0,0,0,1,1,0,0,0,0,2,气滞|血瘀
429981,train,瘀血阻络证,auto,右侧口眼歪斜伴左侧肢体活动不利2月,患者2月前无明显诱因下突然出现右侧口眼歪斜伴左侧肢体活动不利，行走欠稳，至徐州二院就诊，查头颅CT示：脑出血，经保守治疗未见明显好转，今为进一步中西医结合治疗，遂入本院求治，入院症状：神志清晰，精神尚可，右侧口眼歪斜，左侧肢体活动不利，行走不稳，言语欠清，时有头晕，无头痛，无视物旋转，无胸闷心慌，口周麻木，上半身汗出，纳食可，夜寐尚可，小便可，大便难解。,神志清晰，精神尚可，形体适中，语言清晰，口唇红润；皮肤正常，无斑疹。头颅大小形态正常，无目窼下陷，白睛无黄染，耳轮正常，无耳瘘及生疮；颈部对称，无青筋暴露，无瘿瘤瘰疬，胸部对称，虚里搏动正常，腹部平坦，无癥瘕痞块，爪甲色泽红润，双下肢无浮肿，舌暗红，苔薄腻，脉涩。,0,0,0,0,0,1,0,0,0,0,1,血瘀
418148,train,肝肾不足证,manual_disambiguated,右眼视物不清渐重6年，加重半年,"患者6年无明显诱因自觉右眼视物不清逐渐加重,无眼红眼痛,无畏光流泪,无视物变形,患者未予重视，未进行任何诊治，近半年来右眼视物不清明显严重，眼前辨容困难，自觉影响日常生活，今来我院眼科求治，门诊检查后，拟以“右眼白内障”收入院。刻下：右眼视物不清，无红不痛，腰膝酸软，时有耳鸣，手足心热，夜寐安，纳佳，二便调。",腰膝酸软，时有耳鸣头晕，神疲乏力，手足心热，舌红苔少，脉细数。,1,1,1,0,0,0,0,0,0,0,3,阴虚|血虚|气虚
421180,val,气虚血瘀证,auto,发现血糖升高20余年，右手拇指麻木1月,患者20余年前口渴多饮、多尿、体重减少，于外院就诊发现血糖升高，诊断“2型糖尿病”，予口服降糖药物“消渴丸”及中药汤剂治疗，3年前皮下注射胰岛素2年，于去年停用胰岛素，目前降糖方案为：“万苏平 1/2片 po qd，糖乐尿 3粒 po tid”。1月前感右手麻木，咳嗽咳痰，咯白粘痰，为求进一步诊治入住我科。病程中患者咳嗽咳痰，咯白粘痰，偶感胸闷、心慌，无胸痛，口干多饮多尿间作，感视物模糊，右手拇指麻木，未感四肢疼痛，小便有泡沫，尿频尿痛，大便尚调，睡眠可，纳可。近期无消瘦及体重增加。,神志清晰，精神尚可，形体适中，语言清晰，口唇淡红；皮肤正常，无斑疹。头颅大小形态正常，无目窼下陷，白睛无黄染，耳轮正常，无耳瘘及生疮；颈部对称，无青筋暴露，无瘿瘤瘰疬，胸部对称，虚里搏动正常，腹部平坦，无癥瘕痞块，爪甲色泽淡红，双下肢无浮肿，舌质淡暗，舌下瘀络，苔薄白，脉细涩。,1,0,0,0,0,1,0,0,0,0,2,血瘀|气虚
436589,train,风痰阻络证,auto,口角流涎2天,患者2天前外出旅游过程中无明显诱因出现口角流涎，未予系统治疗，症状持续未见明显缓解，为求进一步中西结合诊疗遂来诊，由门诊收治入院，入院时患者神清，精神欠佳，语言尚可，口角流涎，头晕不适时作，改变体位时症状明显，左侧耳鸣，听力下降，时伴恶心欲吐，颈后酸痛不适，无心慌胸闷、憋喘，无咳嗽咳痰，无视物旋转，食纳尚可，夜寐安，二便调。,神志清晰，精神尚可，形体偏胖，语言清晰，口唇红润；皮肤正常，无斑疹。头颅大小形态正常，无目窼下陷，白睛无黄染，耳轮正常，无耳瘘及生疮；颈部对称，无青筋暴露，无瘿瘤瘰疬，胸部对称，虚里搏动正常，腹部平坦，无癥瘕痞块，爪甲色泽红润，双下肢无浮肿，舌淡红，苔白，脉细。,0,0,0,0,0,0,1,0,1,0,2,内风|痰湿
422145,train,风痰阻络证,auto,左侧肢体活动无力2年余。,患者于2016-3因脑干出血入院治疗，经治疗后遗留有吞咽困难，左侧肢体活动无力，期间反复肺部感染，行气管切开，为求中西医结合诊治，今至我院，门诊以“脑干出血”收入我科。入院时症状：神志清，精神差，偶有夜间烦躁，言语不清，吞咽困难，气管切开，咳嗽，咳痰，左侧肢体活动无力、麻木，不能站立，视物模糊，听力下降，留置胃管，鼻饲饮食，小便尚可，大便干，夜寐差。,神志清晰，精神欠佳，形体适中，语言含糊，口唇红润；皮肤正常，无斑疹。头颅大小形态正常，无目窼下陷，耳轮正常，无耳瘘及生疮；颈部对称，无青筋暴露，无瘿瘤瘰疬，胸部对称，虚里搏动正常，腹部平坦，无癥瘕痞块，爪甲色泽红润，双下肢无浮肿，舌青紫，苔白，脉弦涩。,0,0,0,0,0,0,1,0,1,0,2,内风|痰湿
480465,train,肝胃不和证,auto,上腹胀闷不适1年余,患者1年前无明显诱因出现上腹部胀闷不适，无反酸、嗳气及上腹部、胸骨后烧灼感，患者为寻求中西医结合治疗，遂至我院，由门诊收住入院。入院时，患者上腹部胀闷不适，无反酸、嗳气及上腹部、胸骨后烧灼感，无口干口苦，无恶心呕吐，无胸闷心慌，乏力明显，食纳尚可，无呕血黑便，大便正常，小便短赤，夜寐尚可。近期无明显体重变化。,神志清晰，精神尚可，形体形体适中，语言清晰，口唇红润；皮肤正常，无斑疹。头颅大小形态正常，无目窼下陷，无白睛，耳轮正常，无耳瘘级生疮；颈部对称，无青筋暴露，无瘿瘤瘰疬，胸部对称，虚里搏动正常，腹部平坦，无癥瘕痞块，爪甲色泽红润，双下肢对称，舌质红，苔薄黄，脉弦。,0,0,0,0,1,0,0,0,0,0,1,气滞
478561,train,气虚血瘀证,auto,反复活动后胸闷、憋喘3年，再发加重1天。,患者3年前常于活动后出现胸闷、憋喘，经休息可缓解，未予诊治。2019年3月14日胸闷、憋喘加重，诊断“急性左心衰”收入我科，经强心利尿治疗后好转，出院后未正规服用药物。6月前，患者因劳累后胸闷、憋喘症状较前加重，伴夜间阵发性呼吸困难，心慌，就诊于我科，查动态心电图：心房颤动伴心室长间歇，T波改变。于2020-04-09安装已调控为DVI模式埋藏式起搏器（美敦力SENSIA SEDRL1）。1天前，患者再次出现胸闷憋喘症状，端坐呼吸，为求进一步诊治急诊至我院，门诊完善胸部CT、血常规暂排新型冠状病毒性肺炎，启动科内会诊后拟“急性心力衰竭”收入我科。入院时：患者胸闷、憋喘，端坐呼吸，心慌、乏力、汗出，无胸痛及其他部位放射痛，无恶心呕吐，无畏寒、发热，无咳嗽咳痰，无腹胀腹泻，饮食睡眠欠佳，二便正常。,神志清晰，精神尚可，形体适中，语言清晰，口唇发绀；皮肤正常，无斑疹。头颅大小形态正常，无目窼下陷，白睛无黄染，耳轮正常，无耳瘘及生疮；颈部对称，无青筋暴露，无瘿瘤瘰疬，胸部对称，虚里搏动异常，腹部平坦，无癥瘕痞块，爪甲色泽红润，双下肢有浮肿。舌淡紫，苔薄白，脉涩。,1,0,0,0,0,1,0,0,0,0,2,血瘀|气虚
478983,train,肾不纳气证,auto,反复咳喘2年，加重1周,患者2年前无明显诱因出现胸闷气喘，动则加重，一直未系统检查治疗，近1周来患者出现憋喘症状较重，动则喘促，气不得续，伴有咳嗽，咳白痰，量少，夜间尚能平卧，双下肢无水肿，今来我院就诊，门诊查血常规示：白细胞计数2.20*10*9/L，血小板计数：81*10*9/L，新冠咽拭子核酸检测阴性，为求进一步诊治，门诊以“喘证”收入我区住院系统治疗。病程中，患者无恶心呕吐，无腹泻，无咳血胸痛，纳谷一般，夜寐安，二便尚调。,神志清楚，精神尚可，形体适中，语言清晰，口唇红润；皮肤正常，无斑疹。头颅大小形态正常，无目窼下陷，无白睛，耳轮正常，无耳瘘及生疮；颈部对称，无青筋暴露，无瘿瘤瘰疬，胸部对称，虚里搏动正常，腹部平坦，无癥瘕痞块，爪甲色泽红润，双下肢对称，舌红，苔厚腻，脉滑。,1,0,0,1,0,0,0,0,0,0,2,阳虚|气虚
483360,train,气虚血瘀证,auto,反复胸闷憋喘3天,"患者3天前受寒后感胸闷憋喘，活动后为著，不能平卧，气短，全身乏力，咳嗽咳痰阵作，痰少色白，予口服药物治疗，效果不显，今遂至我院就诊，门诊拟“冠心病”收住入院，入院时：患者胸闷憋喘不适，活动后尤甚，不能平卧，气短，全身乏力，全身浮肿，双下肢为著，咳嗽咳痰阵作，痰少色白，无头晕头昏，无恶寒发热，无晕厥黑朦,无四肢抽搐,无恶心呕吐，纳食一般，夜寐差，二便尚调。",神志清晰，精神差，形体适中，语言清晰，口唇红润；皮肤正常，无斑疹。头颅大小形态正常，无目窼下陷，白睛无黄染，耳轮正常，无耳瘘及生疮；颈部对称，无青筋暴露，无瘿瘤瘰疬，胸部对称，虚里搏动正常，腹部膨隆，无癥瘕痞块，爪甲色泽红润，双下肢浮肿，舌质淡紫，苔白，脉细涩无力。,1,0,0,0,0,1,0,0,0,0,2,血瘀|气虚
451110,train,正虚瘀结证,auto,右肺腺癌术后8月，乏力纳差1周。,患者2019-02因“发现肺占位1月余”入徐州医科大学附属医院，查胸部CT示：右肺下叶结节，炎性病灶可能，肿瘤性病灶不除外。排除禁忌后于2019-02-27在全麻下行“胸腔镜下右肺下叶切除并淋巴结清扫术”，术后病理示：（右肺下叶）浸润性腺癌，以微乳头型（约40%）、腺泡型（约30%）及贴壁型（约30%）生长，局部紧邻肺被膜，肿瘤大小：2.5*2*2cm，未见明确神经、脉管侵犯，支气管切端未见癌累及，肺门淋巴结未见癌转移（0/2）；“第7组”、“第8组”淋巴结：见癌转移（1/5，1/1）。肿瘤细胞ALK蛋白伴随诊断：ALK（D5F3）（-）；肿瘤细胞PD-L1蛋白伴随诊断：PD-L1（DAKO 22C3）（+，约5%）。后患者未行术后辅助化疗等治疗。1月余前入我院内分泌科复查CT未示明显复发转移征象。1周前患者诉乏力、纳差明显，时有反酸、恶心，无明显呕吐，今为行中西医结合治疗入我院。入院时：患者纳差，无畏寒、发热，偶有咳嗽，无明显咳痰，无胸闷、气喘，食欲差，进食量少，无头晕头痛，无腹胀腹痛，二便正常，夜寐正常。,神志清晰，精神差，形体偏瘦，语言含糊，口唇红润；皮肤正常，无斑疹。头颅大小形态正常，无目窼下陷，白睛无黄染，耳轮正常，无耳瘘及生疮；颈部对称，无青筋暴露，无瘿瘤瘰疬，胸部对称，虚里搏动正常，腹部平坦，无癥瘕痞块，爪甲色泽苍白，双下肢无浮肿，舌淡红，苔白，脉细。,1,0,0,0,0,1,0,0,0,0,2,血瘀|气虚
476719,train,痰浊中阻证,auto,头晕10余日加重2天,患者于10余日前无明显诱因下出现头晕昏沉，右耳耳聋，听力下降，行走平稳，伴有颈部酸痛不适，右肩部疼痛，症状间作，反复发作，2日前症状较前加重，现为进一步中西医结合治疗，遂入本院求治，门诊完善检查排除新冠感染后拟“眩晕病”收治入院，病程中无发热、无意识丧失，无四肢抽搐，无大小便失禁。入院症状：神志清晰，精神一般，头晕、昏沉时作，右耳耳聋，听力下降，行走平稳，颈部酸痛不适，右肩部疼痛，无心慌心悸、胸闷不适感，无视物旋转，无恶心干呕，偶有腹痛腹泻，纳食一般，夜寐差，大便如常，小便正常，舌暗淡，苔白腻，脉濡。,神志清晰，精神尚可，形体适中，语言清晰，口唇红润；皮肤正常，无斑疹。头颅大小形态正常，无目窼下陷，白睛无黄染，耳轮正常，无耳瘘及生疮；颈部对称，无青筋暴露，无瘿瘤瘰疬，胸部对称，虚里搏动正常，腹部平坦，无癥瘕痞块，爪甲色泽红润，双下肢无浮肿，舌暗淡，苔白腻，脉濡。,0,0,0,0,0,0,1,0,0,0,1,痰湿
430248,train,肝肾亏虚证,manual_disambiguated,腰部疼痛不适2月余,患者2月前无明显诱因出现腰部疼痛不适，伴左侧半身活动不利。行走及夜间加重，偶休息不能缓解症状。遂至我院就诊治疗，行腰部MRI示：1.L4椎体轻度前滑脱2.L4-S1椎间盘轻度膨出3.腰椎轻度退行性病变。并给予对症治疗，患者症状好转。近日患者因劳累受凉后腰部症状再次加重，影响日常生活，今日为求进一步治疗，遂来我院门诊就诊。我科检查后，门诊以“腰椎滑脱，腰椎退行性改变”收入住院，入院时患者一般情况可，精神可。无头痛头晕，胸闷呕吐，发热咳嗽等症状，睡眠不佳，饮食尚可，大小便正常。,神志清晰，精神尚可，形体适中，语言清晰，口唇红润；皮肤正常，无斑疹。头颅大小形态正常，无目窼下陷，白睛无黄染，耳轮正常，无耳瘘及生疮；颈部对称，无青筋暴露，无瘿瘤瘰疬，胸部对称，虚里搏动正常，腹部平坦，无癥瘕痞块，爪甲色泽红润，双下肢无浮肿，舌红，苔黄，脉细数。,0,1,1,0,0,1,0,0,0,0,3,阴虚|血虚|血瘀
421117,train,湿热下注证,auto,肛旁肿痛流脓水2年伴急性发作5天,患者于入院前2年，出现因食辛辣醇厚且劳累后出现肛旁肿痛，继则破溃伴脓液外溢，未予治疗，近5天来，皮肤表面瘘口红肿，触痛明显，表面皮温高，压之有脓性分泌物溢出，遂来本院求治。刻下：肛旁肿痛伴脓液外溢，坐卧不宁，行走不利。大便1日/行，日行1次，质软，排出畅，无便血，无排便不尽及肛门坠胀感，无粘液便，小溲畅，无发热恶寒。纳谷不馨，夜寐尚可，舌红，苔白，脉弦滑。,神志清晰，精神尚可，形体形体适中，语言清晰，口唇红润；皮肤正常，无斑疹。头颅大小形态正常，无目窼下陷，无白睛，耳轮正常，无耳瘘及生疮；颈部对称，无青筋暴露，无瘿瘤瘰疬，胸部对称，虚里搏动正常，腹部平坦，无癥瘕痞块，爪甲色泽红润，双下肢无浮肿，舌红，苔黄，脉弦滑。,0,0,0,0,0,0,0,1,0,0,1,湿热
469857,train,脾胃积热证,auto,大便不成形伴进行性消瘦半年余,患者半年前无明显诱因出现腹泻，大便日行1-2次，不成形，无粘液脓血便，便前腹痛，便后痛减，伴体重进行性减轻，食纳尚可，夜寐欠安，小便尚调，近半年体重减轻5Kg。患者未予重视，未行特殊处理。现患者为求进一步诊治，今来我院，由门诊收入我科。入院时患者：腹泻，大便日行1-2次，不成形，无粘液脓血便，时有腹痛，便后痛减，伴体重进行性减轻，食纳尚可，夜寐欠安，小便尚调，近半年体重减轻5Kg，舌红苔薄黄，脉弦。,神志清晰，精神尚可，形体形体适中，语言清晰，口唇红润；皮肤正常，无斑疹。头颅大小形态正常，无目窼下陷，白睛无黄染，耳轮正常，无耳瘘及生疮；颈部对称，无青筋暴露，无瘿瘤瘰疬，胸部对称，虚里搏动正常，腹部平坦，无癥瘕痞块，爪甲色泽红润，双下肢无浮肿，舌红，苔黄，脉弦。,0,0,0,0,0,0,0,0,0,1,1,实热
463949,train,湿热下注证,auto,便后肛痛伴便血2月余。,患者2月前无明显诱因下出现便后肛痛，伴便血，量少，点滴而出，色鲜红，无肛内坠胀不适，症状反复发作渐加重。刻下：便后肛痛，伴便血，量少，点滴而出，色鲜红，无肛内坠胀不适，无里急后重感。,神志清晰，精神尚可，形体适中，语言清晰，口唇红润；皮肤正常，无斑疹。头颅大小形态正常，无目窼下陷，白睛无黄染，耳轮正常，无耳瘘及生疮；颈部对称，无青筋暴露，无瘿瘤瘰疬，胸部对称，虚里搏动正常，腹部平坦，无癥瘕痞块，爪甲色泽红润，双下肢无浮肿，舌淡红，苔白，脉弦。,0,0,0,0,0,0,0,1,0,0,1,湿热
456864,train,气滞血瘀证,auto,腰痛、左下肢无力10年，加重1周,"患者有腰椎间盘突出病史10年余，一直未予重视。今年6月9号晨起突发腰部疼痛不适伴活动受限，由120紧急转运至徐医二附院治疗，在排除禁忌后行腰椎后路减压融合内固定术。术后自觉左下肢无力明显，近一周来症状自觉明显加重，今为进一步康复治疗，收住入院。现神志清，精神欠佳，言语清晰，对答切题，腰痛，左下肢无力，转侧及弯腰受限，活动后症状加重，平卧时疼痛可减轻，进食可，睡眠尚可,二便正常。",神志清晰，精神尚可，形体适中，语言清晰，口唇红润；皮肤正常，无斑疹。头颅大小形态正常，无目窼下陷，白睛无黄染，耳轮正常，无耳瘘及生疮；颈部对称，无青筋暴露，无瘿瘤瘰疬，胸部对称，虚里搏动正常，腹部平坦，无癥瘕痞块，爪甲色泽红润，双下肢无浮肿，舌淡红，苔白，脉细。,0,0,0,0,1,1,0,0,0,0,2,气滞|血瘀
445819,train,肾虚证,auto,停经79天，小腹隐痛伴腰酸2小时。,患者平素月经周期欠规则，7/30-60天，月经量中，夹少许血块，色暗红，轻度痛经，G1P0，2018年09月“孕2月胚胎停止发育”于淮北市矿工医院行“药物流产”。患者LMP：2019-07-07，7天净，量色质如常，本月经周期第5天始予来曲唑口服、HMG肌注、HCG肌注等促排卵治疗，08-06日自测尿HCG阳性，08-07日至查血HCG：355.3mIU/ml；P：60.0ng/ml，雌二醇：670.11pg/ml；予“乐孕宁、达芙通”等保胎治疗。定期监测血HCG翻倍尚可，08-13日患者无明显诱因出现下腹隐痛不适，伴腰酸，无阴道流血，至我院门诊就诊查血HCG：4720.4mIU/ml；P：60.0ng/ml，雌二醇：1914.77pg/ml，TSH3.75uIU/ml，查彩超提示：宫内疑似早孕（偏右侧宫角）、右卵巢性包块、盆腔积液。左卵巢未见明显异常（子宫后位、大小正常、肌层回声均匀，横切宫底，子宫横径增宽，宫底部稍凹陷，宫腔偏右侧宫角处见7*6mm疑似孕囊回声，囊内未见明显卵黄囊、胚芽及原始心管搏动，右卵巢内见34*33mm囊性包块，左卵巢大小约29*18mm，双卵巢内见多枚小卵泡，子宫直肠窝见65*38mm液性暗区），至我院保胎治疗，09-04查妇科彩超：宫腔稍偏右侧见41*27*40mm孕囊回声，囊内可见卵黄囊直径4.0mm，其旁可见14.1mm胚芽回声，可见原始心管搏动，右侧卵巢内探及51*41mm囊性暗区，壁光左侧卵巢大小、形态如常，检查结论宫内早孕，右侧卵巢囊性暗区，定期复查。09-07查CA125为161.01U/ml；血HCG：150045.4mIU/ml；P：43.63ng/ml，雌二醇：2007.43pg/ml；经乐孕宁颗粒5g 3/日、中药汤剂补肾安胎口服1剂/日口服，具体拟方如下；西医上予地屈孕酮10mg 3/日、黄体酮软胶囊200mg/晚口服补充黄体功能，雷替斯 25ug 1/日、爱乐维0.8mg 1/日口服等综合保胎治疗好转后出院。2小时前患者突发小腹隐痛、腰酸不适，现为求进一步综合治疗，由门诊拟“先兆流产？”收入我科。刻下：患者一般情况可，小腹隐痛及腰部酸痛频作，无阴道流血，无恶寒发热，纳食可，夜寐安，二便调畅，舌淡红，苔白，脉沉滑尺脉弱。,神志清晰，精神尚可，形体适中，语言清晰，口唇红润；皮肤正常，无斑疹。头颅大小形态正常，无目窼下陷，白睛无黄染，耳轮正常，无耳瘘及生疮；颈部对称，无青筋暴露，无瘿瘤瘰疬，胸部对称，虚里搏动正常，腹部平坦，无癥瘕痞块，爪甲色泽红润，双下肢无浮肿，舌淡红，苔白，脉沉滑尺脉弱。,1,0,0,1,0,0,0,0,0,0,2,阳虚|气虚
434250,train,风痰入络证,auto,突发头晕伴行走不稳1天,患者1天前无明显诱因突发头晕伴行走不稳，无恶心、呕吐，无意识障碍，无胸闷、心慌，遂来我院门诊就诊，由门诊收住入院，入院时：患者神清，精神可，头晕，行走不稳，偶有头部疼痛不适，无胸闷、心慌，无咳嗽、咳痰，无发热，饮食可、睡眠差，二便调。舌质淡红，苔白腻，脉弦滑。,神志清晰，精神尚可，形体适中，语言清晰，口唇红润；皮肤正常，无斑疹。头颅大小形态正常，无目窼下陷，白睛无黄染，耳轮正常，无耳瘘及生疮；颈部对称，无青筋暴露，无瘿瘤瘰疬，胸部对称，虚里搏动正常，腹部平坦，无癥瘕痞块，爪甲色泽红润，双下肢无浮肿，舌质淡红，苔白腻，脉弦滑。,0,0,0,0,0,0,1,0,1,0,2,内风|痰湿
451919,test,湿热蕴结证,auto,全身皮肤起疹伴瘙痒4年，加重2月。,患者4年前无明显诱因躯干出现少量粟粒大小红色丘疹，散在分布，并感瘙痒不适，其后逐渐增多，蔓延至四肢，遂至徐州市京城皮肤病医院、徐医附院就医，诊断为“湿疹”，予樟脑软膏外用，皮疹难于消退，仍逐渐缓慢加重。2月前皮疹较前明显加重，泛发至全身，时有剧烈瘙痒，夜间尤甚，遂至我科门诊就诊，为求进一步治疗，遂来我科住院。近期患者无发热不适，无关节疼痛，精神及纳食尚可，睡眠欠安，二便自调。,神志清晰，精神尚可，形体适中，语言清晰，口唇红润；皮肤同前，有斑疹。头颅大小形态正常，无目窼下陷，白睛无黄染，耳轮正常，无耳瘘及生疮；颈部对称，无青筋暴露，无瘿瘤瘰疬，胸部对称，虚里搏动正常，腹部平坦，无癥瘕痞块，爪甲色泽红润，双下肢无浮肿，舌质暗红，苔黄腻，脉弦滑。,0,0,0,0,0,0,0,1,0,0,1,湿热
444570,train,湿热下注证,auto,肛内肿物外脱伴肿痛1月余。,患者1月前无明显诱因下出现肛内肿物外脱，难以回纳，肿痛，行走不利，无便血，未予治疗。刻下：肛周肿物外脱，肿痛，无便血，行走不利，坐卧不宁，无肛门坠胀不适。,神志清晰，精神尚可，形体适中，语言清晰，口唇红润；皮肤正常，无斑疹。头颅大小形态正常，无目窼下陷，白睛无黄染，耳轮正常，无耳瘘及生疮；颈部对称，无青筋暴露，无瘿瘤瘰疬，胸部对称，虚里搏动正常，腹部平坦，无癥瘕痞块，爪甲色泽红润，双下肢无浮肿，舌淡红，苔白，脉弦。,0,0,0,0,0,0,0,1,0,0,1,湿热
486746,train,气虚血瘀证,auto,反复胸闷不适10年余，加重4小时。,患者3年开始反复出现胸闷憋喘，咳嗽咳痰时作，于当地医院就诊，诊断为“慢性阻塞性肺疾病”，予对症治疗后症状缓解。2019年11月患者受凉后胸闷憋喘加重，咳嗽咳痰，就诊于我院呼吸科，查心脏超声示：左心增大伴室壁收缩运动弱，二尖瓣轻度反流，三尖瓣轻度反流 中度肺动脉高压，左心功能不全，EF33%，予雾化、强心、利尿、抗感等治疗后，病情好转出院。2020年2月患者胸闷憋喘再发加重于我科住院治疗，予诊断“扩张型心肌病”，予扩管、利尿减轻心脏负荷、改善心肌重构、抗感染、降压等治疗为主，病情好转出院。院外长期口服阿司匹林、诺欣妥、地高辛、呋塞米、螺内酯等药物治疗。4天前患者因感冒出现胸闷憋喘复作，位于心前区，呈压迫感，服用速效救心丸后半小时至一小时可缓解，伴心慌，头晕，昨晚凌晨患者憋闷加重，服用药物后难以缓解，遂今日至我院就诊，收入住院。入院时：患者感胸闷憋喘，伴心慌乏力，头晕缓解，视物不清，几近失明，无咽喉紧缩感，无放射痛，无恶寒发热，无咳嗽咳痰，无四肢感觉运动障碍，纳食尚可，夜寐欠佳，二便尚调。,神志清晰，精神尚可，形体偏胖，语言清晰，口唇无发绀；皮肤正常，无斑疹。头颅大小形态正常，无目窼下陷，白睛无黄染，耳轮正常，无耳瘘及生疮；颈部对称，无青筋暴露，无瘿瘤瘰疬，胸部对称，虚里搏动异常，腹部平坦，无癥瘕痞块，爪甲色泽红润，双下肢轻度水肿。舌淡紫，苔薄白，脉涩。,1,0,0,0,0,1,0,0,0,0,2,血瘀|气虚
428292,train,湿热内蕴证,auto,间断皮肤黄、尿黄2年余，加重伴腹痛半月。,患者2年前无明显诱因下出现小便发黄、巩膜、皮肤发黄，伴有恶心，呕吐，呕吐物为胃内容物，纳差、乏力，未予重视，半个月前患者上述症状加重，皮肤黄染明显，尿呈浓茶色，腹痛，呈阵发性绞痛，以上腹、脐周为主，腹痛时有便意，排便排气后症状可改善，间断畏寒，未测量体温，阵发性心慌不适，活动后憋喘。无呕血黑便，无白陶土样便，无腹泻，无明显胸痛胸闷，无端坐呼吸。今由患者家属送至我院急诊，查血电解质：血钾：2.89mmol/L；血钠：147.4mmol/L，予以补液、维持电解质平衡。今为求中西医结合进一步治疗，拟遂黄疸原因待查收入我科。病程中患者乏力、纳差、巩膜及皮肤发黄，面色晦暗，间断心慌不适，活动后憋喘，无意识障碍，无明显胸痛，无呕血、黑便，食纳、睡眠欠佳，小便色黄，便秘，大便干结，近期体重无明显变化。,神志清晰，精神欠佳，形体形体适中，语言清晰，口唇发绀；面色晦暗，皮肤黄染，无斑疹。头颅大小形态正常，无目窼下陷，无白睛，耳轮正常，无耳瘘及生疮；颈部对称，无青筋暴露，无瘿瘤瘰疬，胸部对称，虚里搏动正常，腹部平坦，无癥瘕痞块，爪甲色泽黄，双下肢无浮肿，舌淡红，苔白，脉细数。,0,0,0,0,0,0,0,1,0,0,1,湿热
462542,train,热毒蕴结证,auto,肛旁肿痛4天。,患者于入院前4天，出现因食辛辣醇厚且劳累后出现肛旁肿胀疼痛，症情反复发作渐加重，遂来本院求治。刻下：肛旁肿胀疼痛剧烈，坐卧不宁，行走不利。大便，日行1-2次，质软，排出畅，无便血，无排便不尽及肛门坠胀感，无粘液便，小溲畅，无发热恶寒。纳食可，夜寐尚可，舌红，苔黄，脉滑数。,神志清晰，精神尚可，形体形体适中，语言清晰，口唇红润；皮肤正常，无斑疹。头颅大小形态正常，无目窼下陷，白睛无黄染，耳轮正常，无耳瘘及生疮；颈部对称，无青筋暴露，无瘿瘤瘰疬，胸部对称，虚里搏动正常，腹部平坦，无癥瘕痞块，爪甲色泽红润，双下肢无浮肿，舌红，苔黄，脉滑数。,0,0,0,0,0,0,0,0,0,1,1,实热
436281,train,肝经湿热证,auto,左侧背部起红斑水疱伴疼痛5天。,患者5天前自觉左背部疼痛，未重视，3天前左侧背部出现桃核大小红斑水疱，伴刺痛不适，今日疼痛疼痛加剧，放射至腋下，遂今日至我科门诊就诊，诊断为“带状疱疹”，为系统治疗，收治入院。入院时患者无发热不适，精神及纳食尚可，睡眠一般，二便正常。,神志清晰，精神尚可，形体适中，语言清晰，口唇红润；皮肤同前。头颅大小形态正常，无目窼下陷，白睛无黄染，耳轮正常，无耳瘘及生疮；颈部对称，无青筋暴露，无瘿瘤瘰疬，胸部对称，虚里搏动正常，腹部平坦，无癥瘕痞块，爪甲色泽红润，双下肢无浮肿，舌红，苔黄腻，脉弦滑。,0,0,0,0,0,0,0,1,0,0,1,湿热
432785,train,正虚毒结证,auto,右肺占位近4年，乏力憋喘加重1天,患者2015年5月因咳嗽咳痰，查胸部CT提示右肺上叶占位，后未予以气管镜及穿刺病理检查明确诊断，未予以手术治疗。后一直于我院，口服扶正解毒1号行中药治疗。2018-08月因“胸闷、憋喘3月”入徐州市第一人民医院，胸部增强CT示：右肺占位，双肺多发结节，右侧气胸，右侧胸腔积液。行胸腔穿刺引流胸腔积液，胸水找脱落细胞示可见异型细胞。治疗上予以抗感染（头孢地嗪），止咳，化痰，平喘，控制血压、血糖等对症治疗后症状好转出院。后于徐州医科大学附属医院查PET-CT示：1.右肺上叶占位，葡萄糖代谢异常增高，考虑恶性病变不能排除；2.两肺多发斑片状、条索状高密度影，葡萄糖代谢轻度增高，考虑炎性病变；两侧胸腔积液。后一直予以口服扶正解毒1号治疗至今。1天前患者自觉乏力，咳嗽憋喘明显，小便淋漓不尽，无尿频尿急尿痛，现患者为求中西医结合治疗入住我科，入院时：患者无明显咳嗽，咳痰量，无明显胸闷、憋喘，无胸痛，无恶寒发热，食欲可，夜寐尚安，小便淋漓不尽，大便尚可，近期体重未见明显下降。,神志清晰，精神差，形体偏瘦，语言含糊，口唇红润；皮肤正常，无斑疹。头颅大小形态正常，无目窼下陷，白睛无黄染，耳轮正常，无耳瘘及生疮；颈部对称，无青筋暴露，无瘿瘤瘰疬，胸部对称，虚里搏动正常，腹部平坦，无癥瘕痞块，爪甲色泽苍白，双下肢无浮肿，舌淡红，苔白，脉细。,1,0,0,0,0,1,0,0,0,0,2,血瘀|气虚
426736,train,肝肾亏虚证,manual_disambiguated,腹胀、纳差两月余，加重七天,患者两月前无明显诱因出现腹胀、纳差症状，无明显腹痛，无反酸、嗳气及胸骨后烧灼感，无恶心呕吐，无发热，头晕胸闷憋喘偶作，夜寐一般，小便少，大便3日一行，无粘液脓血，当时未予重视，未行相关检查或治疗。两月来患者腹胀、纳差症状未见明显好转，期间于徐州二院行全腹CT见“脾脏明显增大。腹水（详见辅助检查）”，七天前患者腹胀、纳差症状加重，现为求系统治疗，今来我院，由门诊收入我科，入院时患者：腹胀，食欲差，食纳差，无明显腹痛，无反酸、嗳气及胸骨后烧灼感，无恶心呕吐，无发热，头晕心慌胸闷憋喘偶作，夜寐欠安，小便量少，大便3日一行，无粘液脓血，舌淡红，苔滑，脉细。,神志清晰，精神尚可，形体形体适中，语言清晰，口唇红润；皮肤正常，无斑疹。头颅大小形态正常，无目窼下陷，白睛无黄染，耳轮正常，无耳瘘及生疮；颈部对称，无青筋暴露，无瘿瘤瘰疬，胸部对称，虚里搏动正常，腹部平坦，无癥瘕痞块，爪甲色泽红润，双下肢无浮肿，舌淡红，苔白，脉细。,0,1,0,0,0,0,0,0,0,0,1,血虚
432915,train,心血瘀阻证,auto,反复胸闷、憋喘1年余，加重2天。,患者1年余前无明显诱因下出现胸闷、憋喘，活动后明显，休息时亦有出现，症状持续数十分钟，休息后可好转，未予重视及治疗。2天前患者无明显诱因下出现胸闷、憋喘较前加重，伴头晕，呈头蒙蒙感，至当地医院就诊，测血压180/100mmHg，未予治疗。今为进一步诊治遂至我院，门诊拟以“心衰病”收住院。病程中患者无畏寒发热，无咳嗽咳痰，心悸、气促，无恶心呕吐，无腹胀腹痛，尿急，无尿频、尿痛，无肢体活动障碍，精神、食纳、睡眠可，大小便如常。,神志清晰，精神差，形体适中，语言清晰，口唇发绀；皮肤正常，无斑疹。头颅大小形态正常，无目窼下陷，无白睛，耳轮正常，无耳瘘及生疮；颈部对称，无青筋暴露，无瘿瘤瘰疬，胸部对称，虚里搏动正常，腹部膨隆，无癥瘕痞块，爪甲色泽：淡红，双下肢对称，轻度可凹性水肿。舌质黯红，苔白腻，脉滑。,0,0,0,0,0,1,0,0,0,0,1,血瘀
473672,train,热毒蕴结证,auto,肛旁肿痛3天,"患者于入院前3天，出现因食辛辣醇厚且劳累后出现肛旁肿胀疼痛,伴大便排出困难，3日未解，症情渐加重，遂来本院求治。刻下：肛旁肿胀疼痛剧烈，坐卧不宁，行走不利。大便日行1次，质软，排出畅，无便血，无排便不尽及肛门坠胀感，无粘液便，小溲畅，无发热恶寒。纳食可，夜寐尚可，舌红，苔黄，脉滑数。",神志清晰，精神尚可，形体适中，语言清晰，口唇红润；皮肤正常，无斑疹。头颅大小形态正常，无目窼下陷，白睛无黄染，耳轮正常，无耳瘘及生疮；颈部对称，无青筋暴露，无瘿瘤瘰疬，胸部对称，虚里搏动正常，腹部平坦，无癥瘕痞块，爪甲色泽红润，双下肢无浮肿，舌淡红，苔白，脉滑数。,0,0,0,0,0,0,0,0,0,1,1,实热
459050,train,热毒蕴结证,auto,骶尾部肿痛3天。,患者于入院前3天，出现因食辛辣醇厚且劳累后出现肛旁肿胀疼痛，症情渐加重，遂来本院求治。刻下：骶尾部肿痛不适，坐卧不宁，行走不利。大便，日行1次，质硬，排出不畅，无便血，无排便不尽及肛门坠胀感，无粘液便，小溲畅，伴发热恶寒。纳食可，夜寐尚可，舌红，苔黄，脉滑数。,神志清晰，精神尚可，形体形体适中，语言清晰，口唇红润；皮肤正常，无斑疹。头颅大小形态正常，无目窼下陷，白睛无黄染，耳轮正常，无耳瘘及生疮；颈部对称，无青筋暴露，无瘿瘤瘰疬，胸部对称，虚里搏动正常，腹部平坦，无癥瘕痞块，爪甲色泽红润，双下肢无浮肿，舌红，苔黄，脉滑数。,0,0,0,0,0,0,0,0,0,1,1,实热
488034,train,气虚血瘀证,auto,发作性口周麻木3天。,患者自诉3天前无明显诱因突发口周麻木，呈发作性，症状持续约1h完全缓解，后症状再次发作，持续时间较前延长，今为求进一步治疗入院，病程中无意识模糊、无肢体抽搐，刻下患者神清，精神差，发作性口周麻木，无活动后心慌胸闷，食纳可，夜寐安，二便畅。舌暗，苔白，脉细。,神志清晰，精神尚可，形体适中，语言清晰，口唇红润；皮肤正常，无斑疹。头颅大小形态正常，无目窼下陷，白睛无黄染，耳轮正常，无耳瘘及生疮；颈部对称，无青筋暴露，无瘿瘤瘰疬，胸部对称，虚里搏动正常，腹部平坦，无癥瘕痞块，爪甲色泽红润，双下肢无浮肿，舌暗，苔白，脉细。,1,0,0,0,0,1,0,0,0,0,2,血瘀|气虚
447570,train,湿热下注证,auto,大便带血，肛内肿物脱出伴肛周新生物半月,"患者于入院前半月，出现因食辛辣醇厚且劳累后出现肛缘肿痛伴肛内肿物脱出,伴便血，量多、色鲜红，未予治疗，肛周新生乳头状肿物，色淡红，隆起于皮肤，融合成片。遂来本院求治。刻下：肛内肿物脱出伴肿缘疼痛，坐卧不宁，行走不利。大便1日/行，日行1次，质硬，排出不畅，伴便血，伴排便不尽及肛门坠胀感，无粘液便，小溲畅，无发热恶寒。纳谷不馨，夜寐尚可，舌红，苔黄，脉弦滑。",神志清晰，精神尚可，形体形体适中，语言清晰，口唇红润；皮肤正常，无斑疹。头颅大小形态正常，无目窼下陷，无白睛，耳轮正常，无耳瘘及生疮；颈部对称，无青筋暴露，无瘿瘤瘰疬，胸部对称，虚里搏动正常，腹部平坦，无癥瘕痞块，爪甲色泽红润，双下肢无浮肿，舌红，苔黄，脉弦滑。,0,0,0,0,0,0,0,1,0,0,1,湿热
432632,train,湿热下注证,auto,便后肛内肿物脱出1年，加重1周,"患者1年前感会阴部坠胀明显，而致便后肛内肿物脱出，能回复，便血明显，自行治疗（具体不祥）后症状有所缓解，1周来症状明显加重，便血呈喷射样，脱出无法还纳，自行休息后无缓解，疼痛难忍，无便血，遂于今日由门诊拟“脱肛、混合痔”，收入我区。刻下：便后肛内肿物脱出，不能回复，持续疼痛，肛门坠胀不适,大便排出费力，纳寐欠安。",神志清晰，精神尚可，形体形体适中，语言清晰，口唇红润；皮肤正常，无斑疹。头颅大小形态正常，无目窼下陷，无白睛，耳轮正常，无耳瘘及生疮；颈部对称，无青筋暴露，无瘿瘤瘰疬，胸部对称，虚里搏动正常，腹部平坦，无癥瘕痞块，爪甲色泽红润，双下肢无浮肿，舌淡红，苔白，脉平和。,0,0,0,0,0,0,0,1,0,0,1,湿热
455059,val,湿热下注证,auto,便血1周,"患者于入院前1周，出现大便带血,量少,色鲜红,未予治疗，症情发作渐加重，遂来本院求治。刻下：大便带血,量少,色鲜红，质硬,排出不畅，伴排便不尽及肛门坠胀感，无粘液便，小溲畅，无发热恶寒。纳食可，夜寐尚可，舌红，苔黄，脉滑数。",神志清晰，精神尚可，形体适中，语言清晰，口唇红润；皮肤正常，无斑疹。头颅大小形态正常，无目窼下陷，白睛无黄染，耳轮正常，无耳瘘及生疮；颈部对称，无青筋暴露，无瘿瘤瘰疬，胸部对称，虚里搏动正常，腹部平坦，无癥瘕痞块，爪甲色泽红润，双下肢无浮肿，舌淡红，苔白，脉滑数。,0,0,0,0,0,0,0,1,0,0,1,湿热
462515,train,风痰阻络证,auto,左侧肢体无力伴语言不能1周。,患者1周前无明显诱因出现左侧肢体无力，语言不能，于当地输液治疗（具体不详），效果不佳，仍左侧肢体无力，语言不能，为求进一步中西结合诊疗遂来诊，由门诊收治入院，入院时患者神清，精神差，语言不能，左侧肢体无力，饮水呛咳，吞咽困难，时有咳嗽咳痰，痰量少，不易咳出，无发热，无肢体抽搐，食纳欠佳，夜寐尚可，二便自知，大便2日一行，舌暗，苔白，脉弦滑。,神志清晰，精神尚可，形体适中，语言清晰，口唇暗红；皮肤正常，无斑疹。头颅大小形态正常，无目窼下陷，白睛无黄染，耳轮正常，无耳瘘及生疮；颈部对称，无青筋暴露，无瘿瘤瘰疬，胸部对称，虚里搏动正常，腹部平坦，无癥瘕痞块，爪甲色泽暗红，双下肢无浮肿，舌暗，苔白，脉弦滑。,0,0,0,0,0,0,1,0,1,0,2,内风|痰湿
456724,train,阴虚阳亢证,auto,反复头晕头痛5年，加重伴胸闷1周。,患者5年前开始反复出现头晕头痛不适，多次测血压高于140/90mmhg，最高血压180/100mmhg，既往服用压氏达降压药物治疗，血压控制欠佳，患者未予重视。1周前患者感头晕头痛明显加重，伴胸闷不适，时有心慌，气短乏力，行走欠稳，无胸痛放射痛，无晕厥黑矇，现为进一步诊治收住入院。入院时：患者头晕头痛明显，行走欠稳，无胸痛放射痛，无恶心呕吐，无咳嗽咳痰，纳欠佳，大小便尚调，夜寐一般。,神志清晰，精神尚可，形体适中，语言清晰，口唇红润；皮肤正常，无斑疹。头颅大小形态正常，无目窼下陷，白睛无黄染，耳轮正常，无耳瘘及生疮；颈部对称，无青筋暴露，无瘿瘤瘰疬，胸部对称，虚里搏动正常，腹部平坦，无癥瘕痞块，爪甲色泽红润，双下肢无浮肿，舌红少苔，脉弦细。,0,0,1,0,0,0,0,0,0,0,1,阴虚
453251,test,痰湿蕴肺证,auto,反复咳喘3年，加重1周。,患者3年前无明显诱因出现咳嗽、咳痰、喘憋，于当地医院就诊，予以对症治疗后改善。此后期间，患者咳嗽、咳痰及喘憋症状反复发作，多在受凉及季节交替时加重，每年发作时间超过3个月，多次因病情加重于当地医院就诊，诊断为“慢性阻塞性肺疾病”，予以药物化痰、止喘及消炎等对症治疗后改善。1周前患者因受凉后出气喘加重，动则尤甚，咳嗽、咳大量白痰，外院予左氧氟沙星和克林霉素抗感染等治疗，效果不佳。患者仍有咳嗽、咳痰、气喘，为求进一步诊治，今来我院就诊，门诊以“慢性阻塞性肺疾病急性加重”收入我区住院系统治疗。患者病程中，无恶心呕吐，无咳血胸痛，双下肢无水肿，饮食少，睡眠一般，二便正常。,神志清晰，精神尚可，形体适中，语言清晰，口唇红润；皮肤正常，无斑疹。头颅大小形态正常，无目窼下陷，白睛无黄染，耳轮正常，无耳瘘及生疮；颈部对称，无青筋暴露，无瘿瘤瘰疬，胸部对称，虚里搏动正常，腹部平坦，无癥瘕痞块，爪甲色泽红润，双下肢无浮肿，舌淡红，苔白，脉滑。,0,0,0,0,0,0,1,0,0,0,1,痰湿
480886,test,脾胃不和证,auto,上腹部疼痛间作一月,患者一月前无明显诱因出现上腹部疼痛不适，以剑下为主，伴恶心呕吐，呕吐物为粘液酸水，无口干口苦，食欲减退，间断口服沉香消气丸、达喜等对症治疗，效果一般，一月来病情反复，无明显好转，今为求中西医结合进一步诊治再来我院，门诊遂拟慢性胃炎收住入院。病程中患者上腹部疼痛，无恶心欲吐，无口干口苦，食欲减退，无发热、黄疸，无吞咽困难，无呕血、黑便，食纳、睡眠欠佳，小便正常，大便不成形，近期无明显消瘦。,神志清晰，精神尚可，形体形体适中，语言清晰，口唇红润；皮肤正常，无斑疹。头颅大小形态正常，无目窼下陷，无白睛，耳轮正常，无耳瘘级生疮；颈部对称，无青筋暴露，无瘿瘤瘰疬，胸部对称，虚里搏动正常，腹部平坦，无癥瘕痞块，爪甲色泽红润，双下肢对称，舌质红，苔薄黄，脉弦。,0,0,0,0,1,0,0,0,0,0,1,气滞
444137,train,脾肾两虚证,manual_disambiguated,口干眼干2年，加重伴胸闷不适1月,反复口干眼干2年，进食干性食物需用水送服，双眼干涩，有沙砾感，双眼分泌物增多，伴双手PIPJ2疼痛僵硬，不能屈曲，无肿胀，无技工手，无雷诺现象，无牙齿片状脱落，无光敏，无频发口腔溃疡，就诊于徐医附院，予白芍总苷2片bid，口干、双手PIPJ2疼痛僵硬症状改善，半年后因效果差停用，近1月来患者自觉口干眼干加重，伴胸闷不适，无憋喘，无心悸胸痛，为进一步系统诊治，遂来我科就诊，门诊拟“干燥综合征”收治入院，病程中患者口干眼干，无头晕头痛，无恶心呕吐，无腹痛腹泻，饮食睡眠欠佳，大小便未见明显异常。,神志清晰，精神尚可，形体适中，语言清晰，口唇红润；皮肤正常，无斑疹。头颅大小形态正常，无目窼下陷，无白睛，耳轮正常，无耳瘘及生疮；颈部对称，无青筋暴露，无瘿瘤瘰疬，胸部对称，虚里搏动正常，腹部平坦，无癥瘕痞块，爪甲色泽红润，双下肢无浮肿，舌红，苔少，脉弦滑。,0,1,1,0,0,0,1,0,0,0,3,阴虚|血虚|痰湿
469276,train,气虚血瘀证,auto,头晕乏力1天,患者于2年前无明显诱因出现左半身肢体无力，活动欠利，外院诊断脑梗塞。经治疗头好转，1周前患者因感左侧肢体无力加重，走路不稳，无视物旋转，无恶心呕吐，腹胀纳差，双膝酸痛，今来我院门诊就诊，为进一步检查治疗收住入院。入院时患者诉左侧肢体无力加重，头晕，走路不稳，无视物旋转，无恶心呕吐，腹胀纳差，双膝酸痛，记忆力减退，自汗、无咳嗽、咳痰，睡眠差，二便自调。,中医四诊摘要：神志清晰，精神欠佳，形体适中，语言清晰，口唇发绀；皮肤正常，无斑疹。头颅大小形态正常，无目窼下陷，无白睛，耳轮正常，无耳瘘及生疮；颈部对称，无青筋暴露，无瘿瘤瘰疬，胸部对称，虚里搏动正常，腹部膨隆，无癥瘕痞块，爪甲色泽：淡红，双下肢对称，舌质紫，苔白，脉弦。,1,0,0,0,0,1,0,0,0,0,2,血瘀|气虚
471903,train,肝肾不足证,manual_disambiguated,多关节肿痛间作10年，憋喘1月,患者10年前受凉后出现双膝、双手关节肿痛，8年前至徐州市九七医院就诊，诊断为类风湿关节炎，具体检查结果及用药不详。2016年3月因多关节肿痛加重至我科住院，查血沉125mm/h，CRP92.5mg/L，RF3020IU/ml，抗CCP-Ab41.88AU/ml，胸部CT：肺气肿，肺间质纤维化，诊断患者类风湿关节炎，肺间质病变，治疗予氢化泼尼松、雷公藤多甙片、来氟米特、金水宝等，经治病情好转出院，出院后患者间断服药，近2年停药。1月前活动后胸闷憋喘加重，10天前发热，体温39℃，咳黄痰，遂至萧县孟庄村医院静滴“抗生素”治疗（具体用药不详）后发热咳痰好转，但胸闷无改善。2020-7-20患者至徐州医科大学附院查胸部CT：两肺气肿、肺大泡，两肺间质性纤维化伴慢性炎症，部分陈旧灶。肺功能：轻度阻塞性通气功能障碍，弥散功能降低，可逆试验阴性。（FEV182.1%，DLCO 31%），血沉80mm/h，CRP92.7mg/L，RF大于300IU/ml，抗CCP-Ab214.51AU/ml，抗突变型瓜氨酸波形蛋白抗体大于1000U/ml，今日至我科就诊，为进一步系统诊治，收住我病区，入院时：活动后胸闷憋喘，无胸痛，无发热，干咳，偶有少量白痰，双手MCPJ3、PIPJ3肿痛，双肩不能上举，双手不能握拳，双腕、双肘屈伸受限，饮食可，夜寐安，二便正常，否认口腔溃疡，否认口干眼干，否认雷诺现象。,神志清晰，精神尚可，形体偏瘦，语言清晰，口唇红润；皮肤正常，无斑疹。头颅大小形态正常，无目窼下陷，无白睛，耳轮正常，无耳瘘及生疮；颈部对称，无青筋暴露，无瘿瘤瘰疬，胸部对称，虚里搏动正常，腹部平坦，无癥瘕痞块，爪甲色泽红润，双下肢无浮肿，舌淡红，苔白腻，脉沉细。,0,0,1,1,0,0,1,0,0,0,3,阴虚|阳虚|痰湿
440764,train,脾胃虚寒证,auto,上腹烧灼感间作十余年,患者十余年前无明显诱因出现上腹烧灼感，遂至外院查电子胃镜示胃息肉，已行内镜下治疗，复查电子胃镜：慢性非萎缩性胃炎，食管炎。自服达喜疗效尚可，但仍反复发作，今患者为求中西医结合治疗，遂至我院门诊求诊，为求综合治疗，收入我区。入院时：患者神清，精神一般，上腹及胸骨后烧灼感，无明显嗳气及反酸，大便日行1次，色黄，成形，无粘液脓血，纳谷一般，小便正常，夜寐欠安。近期体重未见明显下降。,神志清晰，精神尚可，形体适中，语言清晰，口唇红润；皮肤正常，无斑疹。头颅大小形态正常，无目窼下陷，白睛无黄染，耳轮正常，无耳瘘及生疮；颈部对称，无青筋暴露，无瘿瘤瘰疬，胸部对称，虚里搏动正常，腹部平坦，无癥瘕痞块，爪甲色泽红润，双下肢无浮肿，舌淡红，苔白，脉沉。,0,0,0,1,0,0,0,0,0,0,1,阳虚
443765,train,痰浊瘀阻证,auto,时有胸闷不适半月,患者在2年前无明显诱因出现一次胸闷不适，至仁慈医院查胸部CT未见异常，未予特殊处理后缓解。半月前情绪激动后出现胸闷不适，伴心慌气短，持续发作，白天为主，休息后未见缓解。未予特殊处理，症状反复发作。遂今日至我院门诊，查心电图：窦性心动过缓，异常Q波（III、AVF、V1），r波递增不良（V2），心率50次/分。为进一步诊治，拟“冠状动脉粥硬化性心脏病”收住入院。入院时：患者胸闷重，无胸痛，气短乏力，肢体沉重，纳食尚可，大小便尚调，夜寐欠佳。,神志清晰，精神欠佳，形体适中，语言清晰，口唇发绀；皮肤正常，无斑疹。头颅大小形态正常，无目窼下陷，白睛无黄染，耳轮正常，无耳瘘及生疮；颈部对称，无青筋暴露，无瘿瘤瘰疬，胸部对称，虚里搏动正常，腹部平坦，无癥瘕痞块，爪甲色泽青紫，双下肢无浮肿，舌体胖大且边有齿痕，质暗红，有紫气，苔浊腻，脉弦涩。,0,0,0,0,0,0,1,0,0,0,1,痰湿
417984,train,气滞血瘀证,auto,检查发现盆腔包块1月余。,患者平素月经周期尚规则，30-34日一行，5-6天净，量中，色红，无血块，腹坠，无痛经。患者10月及11月月经未潮，遂于2018年11月23日于当地医院，查彩超提示：盆腔肿物，具体大小不详，未见单，建议手术，患者拒绝，予黄体酮胶囊等药物治疗，PMP：2018年11月29日（撤黄体酮后出血），LMP：2018年12月26日，量色质如常。G1P0。患者有生育要求，且欲治疗盆腔肿物，遂于2019年01月07日就诊于我院，查白带常规未见明显异常，HSG：宫腔显影，略呈倒三角形，边缘欠光整。双侧输卵管峡部近端显影，边缘毛糙不光整。以远未见明确显影。20分钟后复查，盆腔明显碘水弥散，提示：双侧输卵管不通，妇科彩超：子宫前位，宫体大小：49*37*42mm，形态正常，表面光滑，肌层回声均匀，内膜厚7.8mm。 右侧附件区见大小约72*56mm无回声区，内壁欠光整，左侧卵巢大小：38*20mm，大小形态正常，内见多枚小卵泡回声。 子宫直肠窝未见液性暗区，提示右侧附件区囊性包块、子宫左卵巢未见明显异常，建议住院治疗。现患者为求手术治疗收入院。刻下：患者神清，精神可，无明显腹痛，无阴道出血，带下量稍多，色白，无异味，纳可，寐安，二便调畅。,神志清晰，精神尚可，形体适中，语言清晰，口唇红润；皮肤正常，无斑疹。头颅大小形态正常，无目窼下陷，白睛无黄染，耳轮正常，无耳瘘及生疮；颈部对称，无青筋暴露，无瘿瘤瘰疬，胸部对称，虚里搏动正常，腹部平坦，无癥瘕痞块，爪甲色泽红润，双下肢无浮肿，舌黯，苔薄白，脉弦涩。,0,0,0,0,1,1,0,0,0,0,2,气滞|血瘀
467596,train,血瘀痰凝证,auto,左面部起肿物半年。,患者半年前于左面部出现一黄豆大小球形结节状皮疹，按之柔软，伴疼痛不适，且肿物逐渐增大，患者就诊于徐医附院，予以药物外用，左面部肿物自行破溃，见大量血液、脓液流出，患者未予重视。近日患者发现左面部肿物变硬，偶感瘙痛不适，今来我科门诊就诊，考虑“皮脂腺囊肿”，遂要求住院手术治疗。患者否认近14天湖北疫区及本地发病区接触史，否认近14天新冠肺炎病人接触史，否认近14天接触过来自武汉市及周边或境内、境外疫情严重地区发热有呼吸道症状的患者，否认近14天发热、咳嗽、腹泻，门诊查血常规、新冠病毒核酸检测、肺部CT排除新冠肺炎，遂收入院系统治疗。入院时患者无发热，无咳嗽不适，精神及纳食可，睡眠一般，二便自调。,神志清晰，精神尚可，形体适中，语言清晰，口唇红润；皮肤同前，有斑疹。头颅大小形态正常，无目窼下陷，白睛无黄染，耳轮正常，无耳瘘及生疮；颈部对称，无青筋暴露，无瘿瘤瘰疬，胸部对称，虚里搏动正常，腹部平坦，无癥瘕痞块，爪甲色泽红润，双下肢无浮肿，舌质暗红，苔薄黄，脉弦滑。,0,0,0,0,0,1,1,0,0,0,2,痰湿|血瘀
469645,train,气滞血瘀证,auto,颈项部不适伴头晕不适3天。,"患者3天前无明显诱因开始出现颈项部酸痛，休息后可右所缓解，症状反复发作并逐渐加重，逐渐出头晕、心慌、头疼，每次自觉症情加重时，患者卧床休息，去枕平卧时症情可好转。随着病情进展,上述症情再次加重，自觉明显影响日常生活，为进一步治疗门诊拟“混合型颈椎病”收入我科。患者病程中无寒热，无二便障碍，无低热盗汗，无消瘦乏力，无胸痛咳嗽。目前患者一般情况可，无发热、畏寒等症状。",神志清晰，精神尚可，形体偏瘦，语言清晰，口唇红润；皮肤正常，无斑疹。头颅大小形态正常，无目窼下陷，白睛无黄染，耳轮正常，无耳瘘及生疮；颈部对称，无青筋暴露，无瘿瘤瘰疬，胸部对称，虚里搏动正常，腹部平坦，无癥瘕痞块，爪甲色泽红润，双下肢无浮肿，舌暗，苔白，脉弦细。,0,0,0,0,1,1,0,0,0,0,2,气滞|血瘀
456925,train,风痰阻络证,auto,语言不利伴肢体无力2天。,"患者2天前无明显诱因出现头晕、头痛，四肢无力，双下肢明显，双下肢无力，语言不利，未予系统治疗，症状持续未见明显缓解，为求进一步中西结合诊疗遂来诊，由急诊收治入院，入院时：患者神清,精神欠佳,神清紧张,头晕,头痛，以两侧额颞部明显，语言欠利，四肢无力，双下肢无力明显伴麻木，心慌胸闷时作，无恶心呕吐，无视物旋转，时有咳嗽，痰量少，时有痰中带血，食纳、夜寐尚可，小便可，大便难解，舌暗，苔白，脉弦滑。",神志清晰，精神尚可，形体暗红，语言清晰，口唇暗红；皮肤正常，无斑疹。头颅大小形态正常，无目窼下陷，白睛无黄染，耳轮正常，无耳瘘及生疮；颈部对称，无青筋暴露，无瘿瘤瘰疬，胸部对称，虚里搏动正常，腹部平坦，无癥瘕痞块，爪甲色泽暗红，双下肢无浮肿，舌暗，苔白，脉弦滑。,0,0,0,0,0,0,1,0,1,0,2,内风|痰湿
467936,train,气阴两虚证,auto,发现血糖升高4年，身痒2月,患者4年前发现血糖升高，外院明确诊断“2型糖尿病”，后多次在我院住院治疗调整降糖方案，目前降糖方案为：“来得时12u 睡前皮下注射、诺和锐早8u 中8u晚8u ih 三餐前5分钟、安达唐10mg qd口服，瑞彤 30mg qd”，空腹血糖波动在10mmol/l，餐后血糖未测。近2月，患者自觉身痒时作，伴视物欠清，小便可见泡沫，倦怠时作，为求进一步治疗入住我科。现症：身痒间作，稍感口干多饮，视物欠清，小便可见泡沫，倦怠时作，纳食可，二便调，夜寐安。近期体重无明显变化。,神志清晰，精神尚可，形体偏胖，语言清晰，口唇红润；皮肤正常，无斑疹。头颅大小形态正常，无目窼下陷，无白睛，耳轮正常，无耳瘘及生疮；颈部对称，无青筋暴露，无瘿瘤瘰疬，胸部对称，虚里搏动正常，腹部平坦，无癥瘕痞块，爪甲色泽红润，双下肢无浮肿，舌暗，苔少，脉细涩。,1,0,1,0,0,0,0,0,0,0,2,阴虚|气虚
475637,train,气虚血瘀证,auto,反复胸闷隐痛20年，加重1周。,患者20年前常于活动时出现胸闷隐痛，位于心前区，呈钝痛，持续数分钟，休息后可缓解，外院就诊，诊断为冠心病。长期服用阿司匹林、阿托伐他汀等药物。期间患者多次因冠心病入住我科，2020.06行冠脉CTA检查未见明显异常，给予对症处理后，好转出院。1周前患者因劳累及情绪不畅自觉胸闷隐痛较前加重，乏力，偶有后背沉重感，伴头晕不适，服用上述药物无明显缓解，遂今日至我院就诊，为进一步治疗收入我科。入院时：患者胸闷隐痛，无心慌汗出，无憋喘气促，夜间可平卧，头晕，无头痛，无恶心呕吐，无视物旋转，无黑矇晕厥，无意识障碍，无咳嗽咳痰，纳食尚可，二便尚调，夜寐尚可。,神志清晰，精神尚可，形体适中，语言清晰，口唇红润；皮肤正常，无斑疹。头颅大小形态正常，无目窼下陷，白睛无黄染，耳轮正常，无耳瘘及生疮；颈部对称，无青筋暴露，无瘿瘤瘰疬，胸部对称，虚里搏动正常，腹部平坦，无癥瘕痞块，爪甲色泽红润，双下肢无浮肿，舌质淡紫，苔薄白，脉虚细涩。,1,0,0,0,0,1,0,0,0,0,2,血瘀|气虚
473746,train,风痰阻络证,auto,左侧肢体无力20余日。,患者20余日前无明显诱因突发头痛伴意识不清，急至市三院，查头CT提示蛛网膜下腔出血，住院行行DSA检查发现右交通动脉可见形态不规则动脉瘤，左交通动脉见多发动脉瘤，行“引流管引流+双侧后交通动脉瘤栓塞术”，意识好转后出现左侧肢体无力，复查头CT示右侧颞顶叶低密度影，考虑继发脑梗死，经治疗（具体不详），症状好转，遗留左侧肢体无力，为求进一步中西结合诊疗遂来诊，由门诊收治入院，入院时：患者神清，精神欠佳，语言尚可，反应迟钝，左侧肢体无力，上肢明显，口角流涎，饮水呛咳，咳嗽咳痰，痰少，色白，尚能咳出，时有憋闷，无头晕头痛，无恶心呕吐，无发热、寒战，食纳欠佳，夜寐差，时有躁动，小便频数，大便难解，舌暗，苔白，脉弦涩。,神志清晰，精神尚可，形体适中，语言清晰，口唇暗红；皮肤正常，无斑疹。头颅大小形态正常，无目窼下陷，白睛无黄染，耳轮正常，无耳瘘及生疮；颈部对称，无青筋暴露，无瘿瘤瘰疬，胸部对称，虚里搏动正常，腹部平坦，无癥瘕痞块，爪甲色泽暗红，双下肢无浮肿，舌暗，苔白，脉弦涩。,0,0,0,0,0,0,1,0,1,0,2,内风|痰湿
457083,train,肝胃郁热证,auto,上腹疼痛7天,"患者7天前无明显诱因出现上腹疼痛，疼痛以剑下及右上腹为主，呈持续性隐痛，进食后腹痛稍缓解，无明显肩背部放射痛，有反酸、嗳气、腹胀及上腹部、胸骨后烧灼感，无恶心、呕吐，无发热，食欲可，大便每日一次，无粘液、脓血便，患者为求进一步诊治，今来我院，由门诊收入我科。病程中患者：听力减退，无头晕，无咳嗽咳痰,无心悸胸闷，纳可，睡眠可，小便正常，近期体重无明显变化，进食后感胃脘嘈杂，舌红苔白，脉弦。",神志清晰，精神尚可，形体形体适中，语言清晰，口唇红润；皮肤正常，无斑疹。头颅大小形态正常，无目窼下陷，白睛无黄染，耳轮正常，无耳瘘及生疮；颈部对称，无青筋暴露，无瘿瘤瘰疬，胸部对称，虚里搏动正常，腹部平坦，无癥瘕痞块，爪甲色泽红润，双下肢无浮肿，舌淡红，苔白，脉弦。,0,0,0,0,1,0,0,0,0,1,2,气滞|实热
441816,train,气滞血瘀证,auto,腰痛1周余。,患者诉1周前无明显诱因下出现腰部疼痛，劳累受凉后症状加重，稍作休息症状有所缓解，随病情进展，自觉影响日常劳作，现患者为求中医综合性治疗，遂至我院就诊，门诊拟“腰痛病”收入我区，入院时见：患者一般情况尚可，腰部疼痛明显，活动受限，不能久站久坐，无恶寒发热，无恶心呕吐，无腹胀腹痛，纳食可，二便调，夜寐欠安。,神志清晰，精神尚可，形体适中，语言清晰，口唇红润；皮肤正常，无斑疹。头颅大小形态正常，无目窼下陷，白睛无黄染，耳轮正常，无耳瘘及生疮；颈部对称，无青筋暴露，无瘿瘤瘰疬，胸部对称，虚里搏动正常，腹部平坦，无癥瘕痞块，爪甲色泽红润，双下肢无浮肿，舌青紫，苔白，脉弦细。,0,0,0,0,1,1,0,0,0,0,2,气滞|血瘀
430245,train,痰热蕴结证,auto,反复咳喘10年余，加重1周,"患者近10余年来每于感寒受凉后出现咳嗽、咳痰症状，经抗炎、化痰平喘治疗后可改善；多于秋冬季发病，每年总病程超过三个月，诊断为尘肺、慢性支气管炎,反复发病，间断求治，反复住院治疗。1周前患者受凉后，出现咳嗽阵作，咳少量白色粘痰，痰粘不易咳出，伴胸闷憋喘，活动后加重，喉间喘鸣，咽痛不适，耳鸣，自服头孢类药物控制，效果欠佳。现患者自觉咳痰加重，今为求进一步治疗，收治我区住院。病中患者无胸痛、无咯血，无咳粉红色泡沫痰，无下肢水肿，纳差，大小便可，睡眠欠佳。",神志清晰，精神尚可，形体适中，语言清晰，口唇红润；皮肤正常，无斑疹。头颅大小形态正常，无目窼下陷，白睛无黄染，耳轮正常，无耳瘘及生疮；颈部对称，无青筋暴露，无瘿瘤瘰疬，胸部对称，虚里搏动正常，腹部平坦，无癥瘕痞块，爪甲色泽红润，双下肢无浮肿，舌质红，苔白腻，脉滑数,0,0,0,0,0,0,1,0,0,0,1,痰湿
467922,train,气虚血瘀证,auto,突发右半身无力伴口角歪斜2月,患者自诉2月前无明显诱因出现右半身无力，伴口角歪斜，就诊于当地医院，查为脑梗死，经治疗后症状改善，遗留口角歪斜，求进一步治疗入院，病程中无意识模糊、无肢体抽搐，刻下患者神清，精神欠佳，右半身轻度无力，右口角歪斜，无活动后心慌胸闷，食纳可，夜寐安，二便畅。,神志清晰，精神尚可，形体适中，语言清晰，口唇红润；皮肤正常，无斑疹。头颅大小形态正常，无目窼下陷，白睛无黄染，耳轮正常，无耳瘘及生疮；颈部对称，无青筋暴露，无瘿瘤瘰疬，胸部对称，虚里搏动正常，腹部平坦，无癥瘕痞块，爪甲色泽红润，双下肢无浮肿，舌淡红，苔白，脉细。,1,0,0,0,0,1,0,0,0,0,2,血瘀|气虚
487683,test,湿热内蕴证,auto,皮疹5年，多关节疼痛间作2年余，加重2月,患者2015年7月鼻息肉手术后出现面部浮肿，有眶周水肿性暗紫红色斑，面部、颈部、前胸上部皮肤紫红色斑、技工手、Gottron征，平素有频发口腔溃疡、双手雷诺现象，2016年4月29日-5月30日于我院住院治疗，4.29因不欲饮食至我院消化科就诊，诊断为糜烂性胃炎、胃食管反流，入院后查胸部CT示1.两肺间质性纤维化伴感染，两侧背侧胸膜增厚粘连，两侧腋下见多发淋巴结影。呼吸科会诊后考虑肺间质纤维化，家属要求转至呼吸科继予对症治疗，予以吸氧，舒弗美、多索茶碱止喘，阿奇霉素抗炎，丹参多酚酸活血，泮托拉唑抑酸等对症治疗，并予以雷公藤多甙、硫酸羟氯喹及沙利度安免疫抑制治疗，并予以多虑平抗焦虑，清幽除满汤及莫沙比利促进胃动力、消胀。辅检：ANA+ANCA结果回示：抗核抗体：SN1:320，余指标正常。心梗标记物、PCT、D二聚体正常，CRP12.1mg/l，血常规：WBC2.08X109/L，中性粒细胞值1.13X109/L，淋巴细胞值0.61X109/L，血红蛋白103g/l，低色素性红细胞+。请皮肤科会诊考虑不排除红斑狼疮，查免疫功能提示免疫球蛋白IgA及IgM升高，补体C3 C4正常，免疫球蛋白k轻链及L轻链轻度升高，请我科陈鹏主任会诊，结合患者症状体征及相关检查结果考虑为皮肌炎，转入我科继续治疗，转入后查体：神清，精神欠佳，浅表淋巴结未触及肿大，眶周水肿性暗紫色斑，面部皮肤、颈部、前胸上部（V)区可见散在紫红色斑，背部可见陈旧性皮肤破溃结痂，Gottron征阳性，口腔双侧颊粘膜可见三处溃疡，约芝麻大小，双肺呼吸音粗，未闻及明显干湿性罗音，双膝关节无明显肿胀压痛，活动时有骨擦音，双下肢无浮肿，诊断考虑为皮肌炎，予甲强龙40mg静滴qd、雷公藤多苷20mgTid、硫酸羟氯喹0.2Bid、沙利度胺50mgqN抗炎、免疫抑制，兰索拉唑15mgqd抑制胃酸、保护胃粘膜，钙尔奇1#qN、阿法骨化醇0.5ugqd补钙、防治骨质疏松治疗，2016.5.11予环磷酰胺0.6静滴，2016.5.28因血常规白细胞1.99X109/L，暂停使用环磷酰胺及雷公藤多苷，并加用咖啡酸片口服，后白细胞恢复正常，继续环磷酰胺0.6q2w静滴*3月停用，皮疹减轻，口腔溃疡缓解，激素减量为强的松每天一片维持，2017.3.9-3.27因肺部感染、脓毒血症于我科住院治疗，经亚胺培南西司他汀及盐酸万古霉素积极抗感染治疗后好转出院，强的松隔日一片、雷公藤多苷2粒2/日维持治疗，2017.6因腰背部疼痛于我科住院治疗，予雷公藤多苷2粒2/日，强的松隔日一片口服，予以唑来磷酸针100ml静滴治疗。2018-4-26患者因咳喘至我科住院期间有左手PIPJ2-4疼痛，自觉肿胀，有压痛，抗CCP3200AU/ml，类风湿因子302.00IU/ml，诊断为类风湿关节炎，予加用艾拉莫德1粒2/日，强的松减量为1粒1/日治疗，后患者自行停用艾拉莫德。2019-9患者左手多关节肿痛，入院查ESR120.00mmHg，CRP12.74mg/L，抗CCPAb＞200U/ml，予来氟米特20mgqn+雷公藤多苷20mgtid，得宝松1支肌注抗炎。2019-10出院后患者自行减少药量，4月前患者自行加服强的松2.5mg口服qd，2月前多关节肿痛加重，加服扶他林1片qod控制病情。今为求进一步中西医结合治疗收住我科，入院时多关节肿痛，技工手，乏力纳差，活动后胸闷憋喘，胃部灼热感，泛酸嗳气，无端坐呼吸，能平卧，无发热，无头晕头痛，无胸痛，二便调。,神志清晰，精神尚可，形体偏胖，语言清晰，口唇红润；皮肤变红，无斑疹。头颅大小形态正常，无目窼下陷，无白睛，耳轮正常，无耳瘘及生疮；颈部对称，无青筋暴露，无瘿瘤瘰疬，胸部对称，虚里搏动正常，腹部平坦，无癥瘕痞块，爪甲色泽红润，双下肢无浮肿，舌红，苔黄，脉弦滑。,0,0,0,0,0,0,0,1,0,0,1,湿热
460405,train,肝阳上亢证,auto,头晕、行走不稳3月余，加重1天,患者3月余前无明显诱因出现头晕、行走不稳。头晕呈头昏沉感，持续无缓解，无头痛，无恶心呕吐，无视物旋转。右侧半身无力。上述症状持续存在无好转，昨日自觉症状加重，为求中西医结合诊治，今来我院就诊，门诊拟“脑梗死”收住入院。入院时：患者神志尚清，精神萎靡，头晕头昏，言语不能，卧床，纳食差，夜寐一般，二便失禁。,神志清晰，形体适中，语言清晰，口唇红润；皮肤正常，无斑疹。头颅大小形态正常，无目窼下陷，白睛无黄染，耳轮正常，无耳瘘及生疮；颈部对称，无青筋暴露，无瘿瘤瘰疬，胸部对称，虚里搏动正常，腹部平坦，无癥瘕痞块，爪甲色泽红润，双下肢无浮肿，舌淡红，苔白，脉弦。,0,0,1,0,0,0,0,0,0,0,1,阴虚
423777,test,湿热蕴结证,auto,包皮过长30余年,患者自小包皮过长，龟头包皮内有白色豆腐渣样分泌物，且时常出现红肿糜烂，有少量渗出，并感轻度刺痒疼痛，患者为求彻底治疗，遂来我科住院，要求手术，切除过长包皮。入院时患者无发热，无咳嗽不适，精神及纳食可，睡眠一般，二便自调。,神志清晰，精神尚可，形体适中，语言清晰，口唇红润；皮肤同前，有斑疹。头颅大小形态正常，无目窼下陷，白睛无黄染，耳轮正常，无耳瘘及生疮；颈部对称，无青筋暴露，无瘿瘤瘰疬，胸部对称，虚里搏动正常，腹部平坦，无癥瘕痞块，爪甲色泽红润，双下肢无浮肿，舌质红，苔黄腻，脉滑。,0,0,0,0,0,0,0,1,0,0,1,湿热
481254,train,肝胃郁热证,auto,口渴多饮间作6年，加重1月。,患者6年前因口渴多饮查血糖升高，外院诊断为“糖尿病”。目前降糖方案为：“格列美脲 2mg 1/日，二甲双胍缓释片 早晚1粒”，血糖波动于空腹血糖7-12mmol/l，餐后2h血糖10-16mmol/l； 4、近1月患者感口渴多饮症状加重，小便量多有泡沫，食欲亢进，偶有手麻，为求进一步评估胰岛功能、治疗糖尿病及其并发症入住我科。现症：面色红赤，形体偏胖，心烦易怒，偶双手麻木，无心慌胸闷，口干口苦，大便干，小便色黄。近期体重无变化。,神志清晰，精神尚可，形体肥胖，语言清晰，口唇红润；皮肤正常，无斑疹。头颅大小形态正常，无目窼下陷，白睛无黄染，耳轮正常，无耳瘘及生疮；颈部对称，无青筋暴露，无瘿瘤瘰疬，胸部对称，虚里搏动正常，腹部平坦，无癥瘕痞块，爪甲色泽红润，双下肢无浮肿，舌质红，苔黄，脉弦数。,0,0,0,0,1,0,0,0,0,1,2,气滞|实热
477820,train,正虚毒结证,auto,腹痛1天。,患者2019-06月出现少量进食后上腹饱胀伴有发热等不适，就诊当地医院，期间查肝功能提示：ALT:68U/L，AST:76U/L，GGT:127U/L，ALP:149U/L，HBV病毒定量提示：3.51E*06；上腹部CT增强提示：肝右顶叶占位。随后就诊我科，明确诊断为原发性肝癌，并于2019-06-28、2019-07-31、2020-07-14行3次肝内瘤体介入手术治疗，好转后出院。出院后患者定期复查，肝内瘤体完全栓塞，无明确血供。今晨患者突发腹痛，遂就诊我科，门诊查腹部CT（2020-09-29，本院）提示：肝顶部肿瘤破裂出血；门诊排查无“新冠肺炎”后，以“原发性肝癌破裂出血”收入住院。入院症见：患者右上腹部剧痛，平卧位时加重，无腹胀，无咳嗽、咳痰，无胸闷、胸痛，二便自调，夜寐安，近期体重无明显减轻。,神志清晰，精神尚可，形体偏瘦，语言清晰，口唇红润；皮肤正常，无斑疹。头颅大小形态正常，无目窼下陷，白睛有黄染，耳轮正常，无耳瘘及生疮；颈部对称，无青筋暴露，无瘿瘤瘰疬，胸部对称，虚里搏动正常，腹部平坦，无癥瘕痞块，爪甲色泽红润，双下肢无浮肿，舌淡红，苔白腻，脉弦细。,1,0,0,0,0,1,0,0,0,0,2,血瘀|气虚
418385,train,气虚血瘀证,auto,反复胸闷憋喘5年余，加重1天,"患者5年余前开始反复出现阵发性胸闷憋喘不适，活动后加重，甚至夜间憋醒，坐起缓解，至我院就诊,行PCI术(具体不详)，术后规律服用“阿司匹林 1# qn和瑞舒伐他汀钙片 1# qd”病情稳定，期间多次因胸闷憋喘住院，近1天患者劳累后出现胸闷憋喘加重，咳嗽少痰，动辄喘甚，全身乏力，遂至我院就诊，门诊拟“急性左心衰、冠心病、PCI术后”收住入院，入院时：患者劳累性呼吸困难、气短，疲乏无力，双下肢轻度凹陷性浮肿，无胸痛，咳嗽少痰，无腹胀，唇甲无华，面色苍白，胃纳少，二便尚调，夜寐差。",神志清晰，精神欠佳，形体偏瘦，语言清晰，口唇苍白；皮肤苍白，无斑疹。头颅大小形态正常，无目窼下陷，白睛无黄染，耳轮正常，无耳瘘及生疮；颈部对称，无青筋暴露，无瘿瘤瘰疬，胸部对称，虚里搏动正常，腹部平坦，无癥瘕痞块，爪甲色泽苍白，双下肢有浮肿，舌淡白边有瘀紫，苔白腻，脉细涩。,1,0,0,0,0,1,0,0,0,0,2,血瘀|气虚
485058,test,湿热瘀滞证,auto,双小腿起暗红斑丘疹伴瘙痒18月，加重1月余。,患者18个月前因喷洒农药双小腿部划伤，并起片状红斑丘疹，伴糜烂、流滋，且瘙痒明显，患者遂至当地医院就诊，予以药物（不详）静滴加外用，双小腿皮疹好转，但平素仍感瘙痒不适，且红斑面积逐渐扩大。今年夏季患者又至农田喷洒农药，双小腿红斑丘疹再次加重，瘙痒不适，患者未予重视。1个多月前患者双小腿部暗红斑处搔抓后伴糜烂、渗出，患者遂至我科门诊就医，予以重组人表皮生长因子凝胶外用，病情好转不明显，仍感双小腿部瘙痒剧烈，今患者为求进一步系统治疗，遂来我科住院治疗。患者否认近14天疫区及本地发病区接触史，否认近14天新冠肺炎病人接触史，否认近14天接触过来自周边或境内、境外疫情严重地区发热有呼吸道症状的患者，否认近14天发热、咳嗽、腹泻，查肺部CT未见明显异常，排除新冠肺炎，遂收入院系统治疗。入院时患者无发热不适，精神及纳食尚可，夜寐安，二便自调。,神志清晰，精神尚可，形体适中，语言清晰，口唇红润；皮肤正常，无斑疹。头颅大小形态正常，无目窼下陷，白睛无黄染，耳轮正常，无耳瘘及生疮；颈部对称，无青筋暴露，无瘿瘤瘰疬，胸部对称，虚里搏动正常，腹部平坦，无癥瘕痞块，爪甲色泽红润，双下肢无浮肿，舌质暗红，苔薄黄，脉弦涩。,0,0,0,0,0,0,0,1,0,0,1,湿热
451051,train,痰浊瘀阻证,auto,胸闷头晕一周,患者一周前情绪激动后出现胸闷不适，无胸痛及放射痛，伴头晕不适，如踩棉花，心慌乏力，未予诊治，情绪平复后胸闷症状可缓解，持续10-20分钟左右，情绪激动后反复发作，今日至我院门诊，为进一步诊治，拟“不稳定性心绞痛”收住入院。入院时：患者胸闷不适，无胸痛，气短乏力，头晕头昏，纳差，多食易饥，大小便尚调，夜寐一般。,神志清晰，精神欠佳，形体适中，语言清晰，口唇发绀；皮肤正常，无斑疹。头颅大小形态正常，无目窼下陷，白睛无黄染，耳轮正常，无耳瘘及生疮；颈部对称，无青筋暴露，无瘿瘤瘰疬，胸部对称，虚里搏动正常，腹部平坦，无癥瘕痞块，爪甲色泽青紫，双下肢无浮肿，舌体胖大且边有齿痕，质暗红，有紫气，苔浊腻，脉弦涩。,0,0,0,0,0,0,1,0,0,0,1,痰湿
437970,train,痰瘀痹阻证,auto,阵发性头晕20天，再发加重1天。,患者20天前劳累后出现头晕，伴颈部不适，时有心慌，持续数秒至数分钟不等，未予重视，自觉症状时有发作，昨日患者感头晕、颈部不适再发加重，时感左侧锁骨处跳动感，无行动不利，无言语障碍、口角流涎，无黑朦、晕厥，无恶心呕吐，无胸闷、胸痛，自服药物（具体不详）后不能缓解，遂今至我院就诊，现为进一步诊治收住入院。入院时：患者时头晕、颈部不适，偶感心悸，无头痛、恶心呕吐，无视物旋转，无黑朦、晕厥，无胸闷、胸痛，无咳嗽、咳痰，无畏寒、发热，无腹痛、腹泻，饮食欠佳，睡眠尚可，大便质稀、次频，小便正常。,神志清晰，精神尚可，形体适中，语言清晰，口唇微绀；皮肤正常，无斑疹。头颅大小形态正常，无目窼下陷，白睛无黄染，耳轮正常，无耳瘘及生疮；颈部对称，无青筋暴露，无瘿瘤瘰疬，胸部对称，虚里搏动正常，腹部平坦，无癥瘕痞块，爪甲色泽红润，双下肢无浮肿。舌紫暗有瘀斑，苔白腻，脉弦滑。,0,0,0,0,0,1,1,0,0,0,2,痰湿|血瘀
464344,train,湿热下注证,auto,肛内肿物外脱伴肿痛1周,"患者于入院前1周，出现因食辛辣醇厚且劳累后出现肛缘肿痛伴肛内肿物脱出,未予治疗，症情反复发作渐加重，遂来本院求治。刻下：肛内肿物脱出伴肿缘疼痛，坐卧不宁，行走不利。大便日行1次，质软，排出畅，伴便血，量少,色鲜红,伴排便不尽及肛门坠胀感，无粘液便，小溲畅，无发热恶寒。纳食可，夜寐尚可，舌红，苔黄，脉滑数。",神志清晰，精神尚可，形体适中，语言清晰，口唇红润；皮肤正常，无斑疹。头颅大小形态正常，无目窼下陷，白睛无黄染，耳轮正常，无耳瘘及生疮；颈部对称，无青筋暴露，无瘿瘤瘰疬，胸部对称，虚里搏动正常，腹部平坦，无癥瘕痞块，爪甲色泽红润，双下肢无浮肿，舌淡红，苔白，脉滑数。,0,0,0,0,0,0,0,1,0,0,1,湿热
461179,test,风痰阻络证,auto,头晕、视物旋转、口角流涎1日,患者于今日晨起无明显诱因出现头晕、视物旋转、口角流涎，症状持续无缓解，今为求中西医结合治疗，特来我院就诊。入院时症状：神志清，精神欠佳，头晕不适持续，自觉视物旋转，行走不稳，无恶心呕吐，未诉头痛、无耳鸣耳聋，无视物成双，饮食尚可，晨起便溏，小便正常，夜寐尚可。舌质红，苔白腻，脉弦。,神志清晰，精神尚可，形体适中，语言清晰，口唇红润；皮肤正常，无斑疹。头颅大小形态正常，无目窼下陷，白睛无黄染，耳轮正常，无耳瘘及生疮；颈部对称，无青筋暴露，无瘿瘤瘰疬，胸部对称，虚里搏动正常，腹部平坦，无癥瘕痞块，爪甲色泽红润，双下肢无浮肿，舌质红，苔白腻，脉弦。,0,0,0,0,0,0,1,0,1,0,2,内风|痰湿
432296,train,风痰阻络证,auto,头晕伴行走不利1天。,患者于昨日夜间10时许无明显诱因出现头晕不适，症状持续无明显缓解，遂至我院门诊，予收入我科。入院时症状：神志清，精神可，头晕时作，行走欠利，发作性心慌、胸闷不适，无意识障碍，无肢体抽搐、痉挛等，饮食可，二便可，夜寐尚可。舌质红，苔黄腻，脉弦。,神志清晰，精神尚可，形体适中，语言清晰，口唇红润；皮肤正常，无斑疹。头颅大小形态正常，无目窼下陷，白睛无黄染，耳轮正常，无耳瘘及生疮；颈部对称，无青筋暴露，无瘿瘤瘰疬，胸部对称，虚里搏动正常，腹部平坦，无癥瘕痞块，爪甲色泽红润，双下肢无浮肿，舌质红，苔黄腻，脉弦。,0,0,0,0,0,0,1,0,1,0,2,内风|痰湿
451178,test,热毒蕴结证,auto,肛旁肿痛10年，加重2天,"患者于入院前10年，出现因食辛辣醇厚且劳累后出现肛旁肿胀疼痛,初未重视，症情反复发作，2天前上述症状加重，遂来本院求治。刻下：肛旁肿胀疼痛剧烈，坐卧不宁，行走不利。大便日行1次，质软，排出畅，无便血，无排便不尽及肛门坠胀感，无粘液便，小溲畅，无发热恶寒。纳食可，夜寐尚可，舌红，苔黄，脉滑数。",神志清晰，精神尚可，形体适中，语言清晰，口唇红润；皮肤正常，无斑疹。头颅大小形态正常，无目窼下陷，白睛无黄染，耳轮正常，无耳瘘及生疮；颈部对称，无青筋暴露，无瘿瘤瘰疬，胸部对称，虚里搏动正常，腹部平坦，无癥瘕痞块，爪甲色泽红润，双下肢无浮肿，舌淡红，苔白，脉滑数。,0,0,0,0,0,0,0,0,0,1,1,实热
427194,val,气虚血瘀证,auto,反复胸闷憋喘10余年，加重伴头痛1周。,患者10余年来反复出现胸闷憋喘不适，伴有头痛。1周前患者自觉胸闷憋喘加重，头痛头昏，心慌乏力，咳嗽咳痰，痰白难咯，夜寐欠安，纳可，遂今至我院就诊，为进一步治疗收入我科。入院时：胸闷憋喘不适，稍有胸痛，无放射痛，心悸气短，动则益甚，倦怠乏力，声息低微，面色白光白，头晕头昏，心慌乏力，咳嗽咳痰，痰白难咯，呕吐反酸，双下肢无浮肿，唇甲不华，发色不泽，无腹痛腹泻，纳可，夜寐欠安，二便调。,神志清晰，精神尚可，形体适中，语言清晰，口唇发绀；皮肤苍白，无斑疹。头颅大小形态正常，无目窼下陷，白睛无黄染，耳轮正常，无耳瘘及生疮；颈部对称，无青筋暴露，无瘿瘤瘰疬，胸部对称，虚里搏动正常，腹部平坦，无癥瘕痞块，爪甲色泽苍白，双下肢无浮肿，舌暗，苔白，脉数。,1,0,0,0,0,1,0,0,0,0,2,血瘀|气虚
482199,train,脾胃不和证,auto,腹胀间作半月余,患者半月余前无明显诱因出现腹部胀满不适，无腹痛，无反酸、嗳气及胸骨后烧灼感，无恶心呕吐，无发热，食纳可，夜寐安，小便调，大便日行一次，无粘液脓血，当时未予重视，未行相关检查或治疗。半月余间患者腹胀症状间断发作，现为求进一步诊治，今来我院，门诊查“新冠病毒核酸试验未见明显异常”，遂由门诊收入我科，入院时患者：腹胀偶作，无腹痛，无反酸、嗳气及胸骨后烧灼感，无恶心呕吐，无发热，食纳可，夜寐安，小便调，大便日行一次，无粘液脓血，舌淡红苔黄腻，脉弦。,神志清晰，精神尚可，形体形体适中，语言清晰，口唇红润；皮肤正常，无斑疹。头颅大小形态正常，无目窼下陷，白睛无黄染，耳轮正常，无耳瘘及生疮；颈部对称，无青筋暴露，无瘿瘤瘰疬，胸部对称，虚里搏动正常，腹部平坦，无癥瘕痞块，爪甲色泽红润，双下肢无浮肿，舌淡红，苔黄腻，脉弦。,0,0,0,0,1,0,0,0,0,0,1,气滞
451815,train,气虚血瘀证,auto,反复胸闷隐痛2年，加重1周。,患者2年前无明显诱因反复出现胸闷隐痛，持续数分钟，活动时加重，休息后可缓解，就诊于当地医院，查心电图：部分导联ST-T段改变。给予抗血小板、调脂稳斑、活血化瘀治疗，好转出院。1周前患者因劳累及情绪不畅自觉胸闷隐痛较前加重，乏力，偶有后背沉重感，遂今日至我院就诊，为进一步治疗收入我科。入院时：患者心胸疼痛，痛有定处，时作时休，甚则心痛彻背，背痛彻心。心悸气短，动则益甚，倦怠乏力，声息低微，易汗出，纳可，二便尚调，夜寐尚可。,神志清晰，精神尚可，形体适中，语言清晰，口唇红润；皮肤正常，无斑疹。头颅大小形态正常，无目窼下陷，白睛无黄染，耳轮正常，无耳瘘及生疮；颈部对称，无青筋暴露，无瘿瘤瘰疬，胸部对称，虚里搏动正常，腹部平坦，无癥瘕痞块，爪甲色泽红润，双下肢无浮肿，舌质淡紫，苔薄白，脉虚细涩。,1,0,0,0,0,1,0,0,0,0,2,血瘀|气虚
439555,train,气滞血瘀证,auto,左手部起赘生物2年余。,患者2年余前无明显诱因左手拇指指端出现粟粒大小疣状赘生物，未予重视，多次自行修剪，皮疹中央见针尖大小黑色出血点，后皮损增大至黄豆粒大小，且数目逐渐增多，近20日皮损出现压痛不适，今为求进一步治疗，遂来我科住院手术治疗。近期患者无发热不适，精神及纳食可，睡眠佳，大小便正常。,神志清晰，精神尚可，形体适中，语言清晰，口唇红润；皮肤同前。头颅大小形态正常，无目窼下陷，白睛无黄染，耳轮正常，无耳瘘及生疮；颈部对称，无青筋暴露，无瘿瘤瘰疬，胸部对称，虚里搏动正常，腹部平坦，无癥瘕痞块，爪甲色泽红润，双下肢无浮肿，舌质暗红，苔薄白，脉弦涩。,0,0,0,0,1,1,0,0,0,0,2,气滞|血瘀
432424,train,气虚血瘀证,auto,肢体无力、反应迟钝3年余。,患者3年余前无明确诱因出现肢体无力，意识模糊，言语错乱，即被家人送至我院，行头颅CT示双侧大脑半球多发梗塞，脑萎缩，经过治疗后略有好转，患者仍有褥疮，仍有肢体无力、反应迟钝，来我院，予收入院。刻下：患者反应迟钝，认知障碍，四肢无力，瘫卧于床，消瘦，纳差，保留导尿，大便时有失禁。舌暗，苔白，脉细涩。,神志模糊，精神差，形体偏瘦，皮肤干燥，有斑疹。头颅大小形态正常，无目窼下陷，白睛无黄染，耳轮正常，无耳瘘及生疮；颈部对称，无青筋暴露，无瘿瘤瘰疬，胸部对称，虚里搏动正常，腹部平坦，无癥瘕痞块，爪甲色泽苍白，双下肢无浮肿，舌暗，苔白，脉细涩。,1,0,0,0,0,1,0,0,0,0,2,血瘀|气虚
488013,test,心肺气虚证,auto,胸闷憋喘间作8年余，头晕1月余,患者8年前出现憋喘间作，活动后加重，未予重视，2012年因憋喘加重，于外院心内科就诊，诊为“冠状动脉粥样硬化性心脏病”，入院后行PCI+支架植入术，术后好转；后因憋喘再次加重，于2013年2月28日于二院呼吸科就诊，胸部CT示肺间质病变，予止咳灵、丹参片等治疗；同年3月15日因肺部感染于我科住院治疗，治疗予阿奇霉素、头孢曲松抗感染，并予激素+环磷酰胺治疗肺间质病变，患者出院后，门诊半月静滴一次环磷酰胺，激素已减停，2015年停用环磷酰胺；4年前出现多关节肿痛，累及双手指间关节、右腕关节、双膝关节等，考虑诊为“类风湿关节炎”可能性大，先后服用甲氨蝶呤、硫酸羟氯喹、雷公藤多苷及来氟米特等药物；后完善相关检查后暂不考虑类风湿关节炎，考虑诊为“未分化关节炎”，现仅服用雷公藤多苷；1月余前出现头晕，夜间平卧加重，视物旋转，端坐位改善，无一过性黑曚，无头痛，伴有左肩关节疼痛，抬举略受限，现为求进一步治疗由门诊收入我科，入院症见：头晕，夜间平卧加重，视物旋转，端坐位改善，无一过性黑曚，无头痛，伴有左肩关节疼痛，抬举略受限，纳眠一般，二便调。,神志清晰，精神尚可，形体适中，语言清晰，口唇红润；皮肤正常，无斑疹。头颅大小形态正常，无目窼下陷，无白睛，耳轮正常，无耳瘘及生疮；颈部对称，无青筋暴露，无瘿瘤瘰疬，胸部对称，虚里搏动正常，腹部平坦，无癥瘕痞块，爪甲色泽红润，双下肢无浮肿，舌淡红，苔白，脉沉细。,1,0,0,0,0,0,0,0,0,0,1,气虚
442771,train,湿热下注证,auto,便后肛内肿物脱出10年余，加重1周,"患者10年前感会阴部坠胀明显，而致便后肛内肿物脱出，能回复，自行治疗（具体不祥）后症状有所缓解，1周来症状明显加重，脱出无法还纳，自行休息后无缓解，疼痛较难忍，便血，遂于今日由门诊拟“环状混合痔”，收入我区。刻下：便后肛内肿物脱出，不能回复，持续疼痛，肛门坠胀不适,大便排出费力，便后出血量多，纳寐欠安。",7.中医四诊摘要：神志清晰，精神尚可，形体形体适中，语言清晰，口唇红润；皮肤正常，无斑疹。头颅大小形态正常，无目窼下陷，无白睛，耳轮正常，无耳瘘及生疮；颈部对称，无青筋暴露，无瘿瘤瘰疬，胸部对称，虚里搏动正常，腹部平坦，无癥瘕痞块，爪甲色泽红润，双下肢无浮肿，舌暗，苔黄，脉弦涩。,0,0,0,0,0,0,0,1,0,0,1,湿热
428855,train,痰热壅肺证,auto,咳嗽伴憋喘5月余，加重1周。,患者既往慢阻肺病史多年，5月余前因受凉后出现咳嗽、憋喘，伴胸闷、心悸、气短，遂于徐州矿二院就诊，住院期间查胸部CT示：两肺间质性改变，合并右上肺感染，右肺膨胀不全，右下肺不张，右侧胸腔大量积液，遂予抗感染、止咳、化痰、平喘等治疗，同时予胸腔穿刺引流，引流出血性胸水共3500ml，考虑为恶性胸水，后患者胸腔积液减少、憋喘症状减轻后拔管出院。出院后至徐州市肿瘤医院就诊，行气管镜检查病理提示为：右肺腺癌，基因检测EGFR为野生型，住院期间患者拒绝放化疗，予胸腔穿刺引流及对症治疗后出院。2019-02-08患者因咳嗽、憋喘加重入徐矿二院就诊，入院后胸部CT及彩超提示右侧胸腔大量积液，考虑为包裹性积液，引流困难，遂予对症治疗后出院，患者出院后仍有咳嗽、咳痰、憋喘，活动后加重，后患者曾于我院行中医中药治疗，近1周来患者咳嗽、憋喘症状较前加重，为求进一步治疗入我院。病程中患者存在咳嗽、咳痰症状，痰液为白粘痰，活动后憋喘明显，无头痛、头晕，无视物模糊，无胸痛、胸闷，偶感右侧胸部隐痛，自服氨酚曲马多控制疼痛1片q8h，疼痛评分1分，无腹痛、腹泻，无腹胀、纳差，食纳可，夜尿量稍多，大便正常，夜寐安，近期体重无明显变化。,神志清晰，精神尚可，形体适中，语言清晰，口唇红润；皮肤正常，无斑疹。头颅大小形态正常，无目窼下陷，白睛无黄染，耳轮正常，无耳瘘及生疮；颈部对称，无青筋暴露，无瘿瘤瘰疬，胸部对称，虚里搏动正常，腹部平坦，无癥瘕痞块，爪甲色泽红润，双下肢无浮肿，舌淡红，苔白，脉细。,0,0,0,0,0,0,1,0,0,0,1,痰湿
487927,train,肾气虚证,auto,停经44天，下腹隐痛伴阴道出血2小时。,患者平素月经28天一行，3-4天净，量中等偏少，色红，偶有血块，无经行腹痛。G4P0，2012年生化妊娠一次，2013年孕70余天有胎芽无胎心行药流+清宫术，2014年孕75天孕酮水平偏低，胚胎无胎心胎芽自然流产，2019年孕70余天无胎心胎芽自然流产。2020年07月始至今共行封闭抗体治疗4次。LMP：2020-12-03，量色质如常。1月02日自测尿妊娠试验阳性，01月04日就诊于我院查血HCG：293.9mIU/ml，P：16.34ng/ml，E2：293.72pg/ml，曾于我院住院保胎治疗，住院期间01月11日查彩超：宫内见12*11*5mm孕囊，囊内可见明显卵黄囊，直径约1.8mm，未见胚芽，右侧子宫动脉测量值偏高，经治疗症状好转后出院。2小时前患者出现下腹隐痛伴阴道出血，遂就诊于我院，完善检查排除新冠肺炎后以“先兆流产”收入院。入院时：患者下腹疼痛及腰酸，阴道少量出血，无肛门下坠感，无寒热往来，无恶心呕吐，纳食可，寐安，二便调畅，舌淡红，苔白，脉沉滑尺脉弱。,神志清晰，精神尚可，形体适中，语言清晰，口唇红润；皮肤正常，无斑疹。头颅大小形态正常，无目窼下陷，白睛无黄染，耳轮正常，无耳瘘及生疮；颈部对称，无青筋暴露，无瘿瘤瘰疬，胸部对称，虚里搏动正常，腹部平坦，无癥瘕痞块，爪甲色泽红润，双下肢无浮肿，舌淡红，苔白，脉沉滑尺脉弱。,1,0,0,1,0,0,0,0,0,0,2,阳虚|气虚
427776,train,风痰阻络证,auto,左侧肢体麻木伴头晕头昏1周,"患者1周前受寒后出现左侧肢体麻木，左上肢为著，头晕频作,头昏时作,头重如裹,耳鸣，症状持续无缓解，予当地医院就诊,予输液治疗,具体药物不详,效果不显,今为求中西医结合治疗，特来我院就诊。为进一步诊治收住入院,入院时症状：神志清，精神差，左侧肢体麻木，左上肢为著，头昏频作,头晕时作,头重如裹,耳鸣，咳嗽咯痰阵作,痰量多色白质粘,胸闷,气短,无晕厥黑朦,无四肢抽搐,无恶心呕吐,无胸痛放射痛，饮食尚可，二便可，夜寐尚可。舌质红，苔黄腻，脉弦。",神志清晰，精神差，形体适中，语言清晰，口唇发绀；皮肤正常，无斑疹。头颅大小形态正常，无目窼下陷，无白睛，耳轮正常，无耳瘘及生疮；颈部对称，无青筋暴露，无瘿瘤瘰疬，胸部对称，虚里搏动正常，腹部膨隆，无癥瘕痞块，爪甲色泽：淡红，双下肢对称，舌质红，苔黄腻，脉弦。,0,0,0,0,0,0,1,0,1,0,2,内风|痰湿
485571,train,湿热下注证,auto,肛内肿物外脱伴肿痛1天,"患者于入院前1天，出现因食辛辣醇厚且劳累后出现肛缘肿痛伴肛内肿物脱出,未予治疗，症情反复发作渐加重，遂来本院求治。刻下：肛内肿物脱出伴肿缘疼痛，坐卧不宁，行走不利。大便，日行1次，质硬，排出不畅，伴便血,量多,色鲜红，无排便不尽及肛门坠胀感，无粘液便，小溲畅，无发热恶寒。纳食可，夜寐尚可，舌红，苔黄，脉滑数。",神志清晰，精神尚可，形体适中，语言清晰，口唇红润；皮肤正常，无斑疹。头颅大小形态正常，无目窼下陷，白睛无黄染，耳轮正常，无耳瘘及生疮；颈部对称，无青筋暴露，无瘿瘤瘰疬，胸部对称，虚里搏动正常，腹部平坦，无癥瘕痞块，爪甲色泽红润，双下肢无浮肿，舌淡红，苔白，脉滑数。,0,0,0,0,0,0,0,1,0,0,1,湿热
437680,test,脾胃虚弱证,auto,大便次数增多五天,患者五天前无明显诱因下出现大便次数增多，每日十余次，不成形，甚则如水样，颜色黄，伴腹痛，无粘液附着，无肉眼鲜血，伴里急后重，便后腹痛缓解，曾口服蒙脱石散、大肠杆菌等对症治疗，效果欠佳，今为求进一步诊治而来我院，门诊遂以慢性结肠炎收入我科。发病来，患者大便不成形，食欲减退，伴嗳气反酸，无发热、黄疸，无头痛，无胸痛、咳痰、咯血，无呕血、黑便，食纳、睡眠欠佳，无尿频、尿急，无肉眼血尿，近期较前明显消瘦。,神志清晰，精神尚可，形体适中，语言清晰，口唇红润；皮肤正常，无斑疹。头颅大小形态正常，无目窼下陷，无白睛，耳轮正常，无耳瘘及生疮；颈部对称，无青筋暴露，无瘿瘤瘰疬，胸部对称，虚里搏动正常，腹部平坦，无癥瘕痞块，爪甲色泽红润，双下肢无浮肿，舌淡红，苔薄白，脉弦。,1,0,0,0,0,0,0,0,0,0,1,气虚
468677,train,气滞血瘀证,auto,检查发现宫颈病变1周。,患者既往月经规则，7-8/28天，量偏多，色质正常，轻度痛经，近2年月经周期延长，约2月一行，LMP：2020-4-13。患者平素无特殊不适，无同房后出血，带下量中等。患者因体检发现宫颈HPV51阳性，故于2020年6月5日在我院行宫颈活检，病理结果提示：(3点、6点)粘膜慢性炎伴鳞状上皮增生，灶性考虑为CIN I级，建议免疫组化监测P16、Ki67。（9点、12点）粘膜慢性炎伴局灶鳞状上皮增生。现患者为求进一步诊疗，由门诊排除新冠肺炎拟“宫颈上皮内肿瘤I级、宫颈HPV感染”收入院。刻下：患者神清，精神可，无阴道出血，无腹痛及腰酸，无寒热往来，无头晕头痛，无肛门下坠感，纳可，寐较差，二便调畅，舌紫黯，苔薄，脉沉涩。,神志清晰，精神尚可，形体适中，语言清晰，口唇红润；皮肤正常，无斑疹。头颅大小形态正常，无目窼下陷，白睛无黄染，耳轮正常，无耳瘘及生疮；颈部对称，无青筋暴露，无瘿瘤瘰疬，胸部对称，虚里搏动正常，腹部平坦，无癥瘕痞块，爪甲色泽红润，双下肢无浮肿，舌紫黯，苔薄，脉沉涩。,0,0,0,0,1,1,0,0,0,0,2,气滞|血瘀
466564,train,风痰阻络证,auto,头晕伴行走欠稳2天,患者两天前无明显诱因下突然出现头晕间作，伴有行走欠稳，无发热，无视物旋转，无恶心呕吐，昨日至我院急诊就诊，查头颅MR示：1.左侧小脑半球急性脑梗塞； 两侧额叶多发腔隙灶。 2.轻度脑萎缩。 3.空泡蝶鞍。今为求进一步治疗，遂来我院就诊，急查血常规未见异常，遂收住入院。入院时：患者神志清，精神尚可，头晕间作，伴有行走欠稳，言语清，无发热，无意识障碍，无头痛，无视物旋转，无咳嗽咯痰，无恶心呕吐，无腹痛腹泻，纳寐尚可，二便尚调。,神志清晰，精神尚可，形体适中，语言清晰，口唇红润；皮肤正常，无斑疹。头颅大小形态正常，无目窼下陷，白睛无黄染，耳轮正常，无耳瘘及生疮；颈部对称，无青筋暴露，无瘿瘤瘰疬，胸部对称，虚里搏动正常，腹部平坦，无癥瘕痞块，爪甲色泽红润，双下肢无浮肿。,0,0,0,0,0,0,1,0,1,0,2,内风|痰湿
417885,train,阳虚血瘀证,auto,胸闷心慌5天，加重伴头晕2天。,"患者5天前无明显诱因出现胸闷心慌，憋喘不显，无胸痛及放射痛，无汗出，自服速效救心丸后稍缓解。2天前患者自觉胸闷心慌较前加重，伴头晕，遂至徐州市中心医院就诊，予测血压224/100mmhg，查血常规示：WBC2.93*102/L，Hb78g/L,N%90.6%,N6.81*109/L,BNP572.5pg/ml,心梗三项：MYO198.41ng/ml，白介素69.0pg/ml,Ccr151.0umol/L,胸部CT提示：右肺下叶及左肺散在炎症，两侧胸膜腔积液，心包少量积液，食管下段壁偏厚，肝右叶低密度灶，予硝普钠、罗沙替丁、磷酸肌酸钠、大株红景天等静滴治疗，症状缓解，仍有反复。现患者为求进一步诊疗，由门诊收住我科。入院时，患者胸闷心慌，头晕间作，咳嗽咳痰偶作，无胸痛汗出，无恶心呕吐，无腹痛腹胀，无黑曚晕厥，无视物旋转，无肢体不利，纳欠佳，进食梗阻感，二便尚可，夜寐差。",神志清晰，精神欠佳，形体适中，语言清晰，口唇苍白；皮肤正常，无斑疹。头颅大小形态正常，无目窼下陷，白睛无黄染，耳轮正常，无耳瘘及生疮；颈部对称，无青筋暴露，无瘿瘤瘰疬，胸部对称，虚里搏动正常，腹部平坦，无癥瘕痞块，爪甲色泽红润，双下肢有浮肿，舌淡暗，舌体胖，苔白腻，脉沉细。,0,0,0,1,0,1,0,0,0,0,2,阳虚|血瘀
428025,train,气滞血瘀证,auto,发现子宫内息肉样变4月余。,患者平素月经规则，4/30天，量中等，色红，偶有血块，无痛经，G2P1，顺产，工具避孕。PMP：2019-02-22，量中等，LMP：2019-03-28，量少，4天，轻度痛经。患者有生育要求，于2018年11月22日就诊予徐州市中心医院，查超声造影：宫底部偏左侧局部充盈缺损，可及等回声结节，大小约9×8mm，宽基蒂与宫壁相连，建议定期复查，患者2019年03月13日于我院查妇科彩超：内膜厚13.6mm，回声不均，内见10×7mm稍高回声，宫腔镜检查：子宫内膜息肉，建议患者手术治疗，患者求进一步诊疗，入住我科。刻：一般情况可，无寒热，无明显乏力，无明显腹痛腰酸，无阴道出血，纳食可，夜寐安，二便调，舌淡红，苔白，脉沉弦细。,神志清晰，精神尚可，形体适中，语言清晰，口唇红润；皮肤正常，无斑疹。头颅大小形态正常，无目窼下陷，无白睛，耳轮正常，无耳瘘及生疮；颈部对称，无青筋暴露，无瘿瘤瘰疬，胸部对称，虚里搏动正常，腹部平坦，无癥瘕痞块，爪甲色泽：红润，双下肢对称，舌淡红，苔白，脉沉弦细。,0,0,0,0,1,1,0,0,0,0,2,气滞|血瘀
481380,train,气虚血瘀证,auto,阵发性胸闷1年余，再发加重1周。,患者1年前开始无明显诱因下出现胸闷，与活动无关，无胸痛放射痛，无心慌自汗，无喘憋气促，无咳嗽咯痰，上述症状持续数分钟，能自行缓解，患者未予重视，未系统诊治，1年来上述症状反复发作，性质程度同前。1周来患者疲劳后上述症状发作明显较前频繁，性质同前，程度较前加重，今患者为求系统诊治，来我院门诊就诊，门诊查胸部CT：胸部螺旋CT平扫未示明确异常。 肝内脂肪沉积。新冠核酸、血常规未见明显异常，为求系统诊治，今收入住院。入院时：患者诉稍感胸闷，无胸痛放射痛，无心慌自汗，无喘憋气促，无咳嗽咯痰，纳食尚可，夜寐一般，二便无殊。,神志清晰，精神尚可，形体适中，语言清晰，口唇无发绀；皮肤正常，无斑疹。头颅大小形态正常，无目窼下陷，白睛无黄染，耳轮正常，无耳瘘及生疮；颈部对称，无青筋暴露，无瘿瘤瘰疬，胸部对称，虚里搏动异常，腹部平坦，无癥瘕痞块，爪甲色泽红润，双下肢无浮肿。舌质淡紫，苔薄白，脉虚细涩。,1,0,0,0,0,1,0,0,0,0,2,血瘀|气虚
464765,train,风痰阻络证,auto,突发左半身无力26天,患者于4月1日突发左半身无力，在市一院就诊，经过治疗后仍有左半身无力，左半身不能活动，为求进一步中西医结合诊治，来我院门诊，检查肺部CT、血常规、超敏C反应蛋白、新型冠状病毒肺炎抗体检查等排除新型冠状病毒肺炎后，为进一步诊治，予收入住院，入院时：神志清晰，精神欠佳，反应迟钝，言语欠利，饮水呛咳，左侧肢体无力，左上肢不能活动，左下肢不能活动，进食少，夜寐安，二便畅。,神志清晰，精神欠佳，形体适中，口唇红润；皮肤正常，无斑疹。头颅大小形态正常，无目窼下陷，无白睛黄染，耳轮色素脱失，无耳瘘及生疮；颈部对称，无青筋暴露，无瘿瘤瘰疬，胸部对称，虚里搏动正常，腹部平坦，无癥瘕痞块，爪甲色泽红润，双下肢无浮肿，舌青紫，苔白，脉弦。,0,0,0,0,0,0,1,0,1,0,2,内风|痰湿
425781,train,气虚血瘀证,auto,反复胸闷2月余，加重半天。,患者2月前无明显诱因反复出现胸闷，持续数分钟，休息后可缓解，2017.04至我院就诊行冠脉造影示：LM未见狭窄，LAD中远段轻度肌桥；LCX无明显狭窄；RCA无明显狭窄。2019.3.10在当地医院就诊；在此期间服用阿司匹林、替格瑞洛等药物治疗，病情尚平稳。今日患者因自觉胸闷较前加重，乏力，偶有后背沉重感，伴大汗，服用上述药物无明显缓解，遂今日至我院就诊，为进一步治疗收入我科。入院时：患者胸闷，时作时休，心悸气短，动则益甚，后背大汗淋漓，倦怠乏力，声息低微，面色白光白，易汗出，纳可，二便尚调，夜寐尚可。,神志清晰，精神尚可，形体适中，语言清晰，口唇红润；皮肤正常，无斑疹。头颅大小形态正常，无目窼下陷，白睛无黄染，耳轮正常，无耳瘘及生疮；颈部对称，无青筋暴露，无瘿瘤瘰疬，胸部对称，虚里搏动正常，腹部平坦，无癥瘕痞块，爪甲色泽红润，双下肢无浮肿，舌质淡紫，可见舌体胖且边有齿痕，苔薄白，脉虚细涩。,1,0,0,0,0,1,0,0,0,0,2,血瘀|气虚
466914,train,风痰阻络证,auto,右侧肢体无力半年余。,患者于2019年12月2日遭遇车祸，致头部皮外伤，于矿总医院住院观察，12月6日出现右侧肢体无力，后症状逐渐加重，出现意识不清，查头颅CT提示脑梗塞，予抗血小板聚集、调脂软化血管、改善循环等治疗，期间患者出现消化道出血、肺部感染、尿路感染、下肢静脉血栓形成，予对症治疗后好转，后外院康复治疗，经治疗后患者意识清，但仍右侧肢体偏瘫，今为求中西医结合康复治疗由家属送至我院，为系统治疗收入住院。入院时症状：患者神清，呼之反应可，不能言语，右侧肢体偏瘫，左侧肢体可自主活动，四肢无明显抽搐，胃管、尿管在位，畅，大便正常，夜间时躁动不安。舌质红，苔黄腻，脉弦。,神志清晰，精神欠佳，形体适中，语言清晰，口唇红润；皮肤正常，无斑疹。头颅大小形态正常，无目窼下陷，白睛无黄染，耳轮正常，无耳瘘及生疮；颈部对称，无青筋暴露，无瘿瘤瘰疬，胸部对称，虚里搏动正常，腹部平坦，无癥瘕痞块，爪甲色泽红润，双下肢无浮肿，舌质红，苔黄腻，脉弦。,0,0,0,0,0,0,1,0,1,0,2,内风|痰湿
453499,val,热毒蕴结证,auto,肛旁肿痛19天,患者于入院前19天，因肛瘘于当地医院行手术治疗，具体不详，术后反复出现肛旁肿痛，症情反复发作渐加重，遂来本院求治。刻下：肛旁肿胀疼痛，大便日行1次，质软，排出畅，无便血，无排便不尽及肛门坠胀感，无粘液便，小溲畅，无发热恶寒。纳食可，夜寐尚可，舌红，苔黄，脉滑数。,神志清晰，精神尚可，形体适中，语言清晰，口唇红润；皮肤正常，无斑疹。头颅大小形态正常，无目窼下陷，白睛无黄染，耳轮正常，无耳瘘及生疮；颈部对称，无青筋暴露，无瘿瘤瘰疬，胸部对称，虚里搏动正常，腹部平坦，无癥瘕痞块，爪甲色泽红润，双下肢无浮肿，舌淡红，苔白，脉滑数。,0,0,0,0,0,0,0,0,0,1,1,实热
468869,train,湿热下注证,auto,肛内肿物外脱5年伴肿痛4天,患者于入院前5年，出现因食辛辣醇厚且劳累后出现肛内肿物外脱，未予治疗，症情反复发作渐加重，近4天伴肿痛，遂来本院求治。刻下：肛内肿物脱出伴肿缘疼痛，坐卧不宁，行走不利。大便1-2日1行，质软，排出畅，无便血，伴排便不尽及肛门坠胀感，无粘液便，小溲畅，无发热恶寒。纳食可，夜寐尚可，舌红，苔黄，脉滑数。,神志清晰，精神尚可，形体适中，语言清晰，口唇红润；皮肤正常，无斑疹。头颅大小形态正常，无目窼下陷，白睛无黄染，耳轮正常，无耳瘘及生疮；颈部对称，无青筋暴露，无瘿瘤瘰疬，胸部对称，虚里搏动正常，腹部平坦，无癥瘕痞块，爪甲色泽红润，双下肢无浮肿，舌淡红，苔白，脉滑数。,0,0,0,0,0,0,0,1,0,0,1,湿热
472702,train,气虚血瘀证,auto,阵发性胸闷心慌5天。,患者5天前无明显诱因出现阵发性胸闷心慌，伴汗出，头晕恶心，无明显胸痛及放射痛，无黑矇晕厥，遂就诊于当地镇医院，查心电图示：窦性心律，ST-T改变，予麝香保心丸口服治疗，症状有所缓解，但仍有反复，且发作逐渐频繁，遂就诊于我院门诊，患者门诊已查血常规、新冠核酸及胸部CT，已排除新冠肺炎，现为求进一步系统治疗收住入院。入院时：患者胸闷心慌间作，汗出不显，头晕间作，无恶心呕吐，无发热恶寒，无咳嗽咳痰，无黑矇，无行走不稳，纳可，二便尚调，夜寐一般。,神志清晰，精神欠佳，形体适中，语言清晰，口唇红润；皮肤正常，无斑疹。头颅大小形态正常，无目窼下陷，白睛无黄染，耳轮正常，无耳瘘及生疮；颈部对称，无青筋暴露，无瘿瘤瘰疬，胸部对称，虚里搏动正常，腹部平坦，无癥瘕痞块，爪甲色泽红润，双下肢无浮肿。舌质淡紫，可见舌体胖且边有齿痕，苔薄白，脉细涩。,1,0,0,0,0,1,0,0,0,0,2,血瘀|气虚
436513,train,气虚血瘀证,auto,发现血糖升高4年，头晕伴右侧肢体不利5天,患者4年前体检时发现血糖升高，未感明显症状，未予重视，未服药治疗，平素血糖控制不佳，血糖波动于：空腹7-8mmol/l，餐后2小时11-12mmol/l。5天前患者突发头晕伴右侧肢体不利，行走不稳，双下肢酸软，右下肢尤甚，体倦乏力，视物模糊。遂来本院。入院时：神清，精神可，头晕阵作，视物模糊，无视物旋转，无呕吐，口干多饮多尿，泡沫尿，体倦乏力。纳食一般，夜寐尚安，大便正常，小便频，近2月体重下降4kg。,神志清晰，精神尚可，形体偏瘦，语言清晰，口唇红润；皮肤正常，无斑疹。头颅大小形态正常，无目窼下陷，白睛无黄染，耳轮正常，无耳瘘及生疮；颈部对称，无青筋暴露，无瘿瘤瘰疬，胸部对称，虚里搏动正常，腹部平坦，无癥瘕痞块，爪甲色泽红润，双下肢无浮肿，舌淡，苔白，脉细。,1,0,0,0,0,1,0,0,0,0,2,血瘀|气虚
473486,train,肝胃不和证,auto,恶心、呕吐伴乏力、食欲减退十余日,患者十余日前进食稀饭后出现恶心、呕吐，伴有乏力、食欲减退，闻及油腻、刺激气味后加重，呕吐物为未消化食物及胃液，反酸、口干口苦，夜间尤甚，甚则泛吐酸水，无嗳气、上腹部及胸骨后烧灼感。无腹痛腹泻，无呕血黑便，偶有胸闷憋喘，活动后加重。大便2-3日1次，色黄质软量少，小便正常。患者为寻求中西医结合治疗，遂至我院，由门诊收住入院。入院时，患者恶心、呕吐，伴有乏力、食欲减退，闻及油腻、刺激气味后加重，呕吐物为未消化食物及胃液，反酸、口干口苦，夜间尤甚，甚则泛吐酸水，无嗳气、上腹部及胸骨后烧灼感。无腹痛腹泻，无呕血黑便，偶有胸闷憋喘，活动后加重。大便2-3日1次，色黄质软量少，小便正常，夜寐欠安，近7月来体重下降10kg。,神志清晰，精神尚可，形体形体适中，语言清晰，唇红润；皮肤正常，无斑疹。头颅大小形态正常，无目窼下陷，无白睛，耳轮正常，无耳瘘级生疮；颈部对称，无青筋暴露，无瘿瘤瘰疬，胸部对称，虚里搏动正常，腹部平坦，无癥瘕痞块，爪甲色泽：色泽红润，双下肢对称，舌淡红，苔白，脉细,0,0,0,0,1,0,0,0,0,0,1,气滞
436517,test,阳虚水泛证,auto,喘憋伴咳嗽、咳痰7天,患者7天前受凉后出现喘憋不适，活动后加重，双下肢水肿，平卧时加重，咳嗽阵作，咳黄白粘痰，夜间咳嗽较重，咳嗽剧烈时伴胸部疼痛，胃部不适，自服抗感染、止咳化痰等药物治疗，效果不佳，现为求进一步诊治入我区住院治疗。病程中，患者无咯血，无头晕头痛，无恶心呕吐，无腹痛腹胀，无双下肢水肿，饮食可，睡眠一般，二便正常。,神志清晰，精神尚可，形体适中，语言清晰，口唇红润；皮肤正常，无斑疹。头颅大小形态正常，无目窼下陷，白睛无黄染，耳轮正常，无耳瘘及生疮；颈部对称，无青筋暴露，无瘿瘤瘰疬，胸部对称，虚里搏动正常，腹部平坦，无癥瘕痞块，爪甲色泽红润，双下肢无浮肿，舌淡红，苔白，脉滑。,0,0,0,1,0,0,0,0,0,0,1,阳虚
430684,train,痰湿蕴肺证,auto,反复咳喘3余年，加重1周。,"患者3年前受凉后出现咳嗽、咳痰、喘憋，于当地医院就诊，予以对症治疗后改善。此后3年间，咳嗽、咳痰及喘憋症状反复发作，多在受凉及季节交替时加重，每年发作时间超过3个月，诊断为“慢性阻塞性肺病”，予以药物化痰、止喘及消炎等对症治疗后改善。1周前因受凉后出现胸闷气喘,活动后加重，咳嗽，咳黄白粘痰，夜间喉间喘鸣,自服药物控制不佳，至我院就诊，查胸部CT：慢性支气管炎、肺气肿，右肺中叶支气管扩张伴小片结节、索条影。血常规：中性细胞比率：75.5%，CRP：43.44mg/L，门诊以“慢性阻塞性肺疾病 支气管扩张伴感染”收入我区住院系统治疗。近1周来，患者神志清，精神可，咳嗽、咳痰、气喘，无发热，无胸痛，饮食可，睡眠可，二便正常。",神志清晰，精神尚可，形体适中，语言清晰，口唇红润；皮肤正常，无斑疹。头颅大小形态正常，无目窼下陷，白睛无黄染，耳轮正常，无耳瘘及生疮；颈部对称，无青筋暴露，无瘿瘤瘰疬，胸部对称，虚里搏动正常，腹部平坦，无癥瘕痞块，爪甲色泽红润，双下肢无浮肿，舌淡红，苔白，脉滑。,0,0,0,0,0,0,1,0,0,0,1,痰湿
482234,train,痰浊瘀阻证,auto,反复胸闷隐痛1月余，加重1周,患者1月余前开始反复出现胸闷隐痛不适，劳累时加重，每次持续1-2分钟，休息后可缓解。患者未予重视，未进行规范化治疗。1周前患者情绪激动后自觉胸闷隐痛较前明显加重，心慌乏力，夜间为甚，无明显放射痛，至我院门诊就诊，予查冠脉CTA示：左前降支近中段局部心肌桥伴非钙化斑块，局部管腔狭窄约＞70%，近段小片钙化影；对角支（D2）起始部明显狭细；左旋支、左缘支（M1）纤细；右冠多发小片钙化影，管腔未见明显变窄。建议住院行CAG术进一步明确病情，患者拒绝。今日患者活动后再次出现胸闷痛，且呈加重趋势，遂至我院就诊，为进一步诊治收住入院。入院时：患者胸闷重而痛，痛有定处，心慌乏力，痰多气短，倦怠乏力，无明显放射痛，无恶寒发热，无晕厥黑矇，无腹痛腹泻，纳尚可，二便尚调，夜寐欠佳。,神志清晰，精神欠佳，形体适中，语言清晰，口唇发绀；皮肤正常，无斑疹。头颅大小形态正常，无目窼下陷，白睛无黄染，耳轮正常，无耳瘘及生疮；颈部对称，无青筋暴露，无瘿瘤瘰疬，胸部对称，虚里搏动正常，腹部平坦，无癥瘕痞块，爪甲色泽红润，双下肢无浮肿，舌体胖大且边有齿痕，质暗红，有紫气，苔浊腻，脉弦涩。,0,0,0,0,0,0,1,0,0,0,1,痰湿
474938,train,气滞血瘀证,auto,下腹疼痛反复、偶有同房出血2年余。,患者近2年余多因劳累后出现下腹部疼痛不适，伴腰酸不适，经休息及口服药物治疗后可稍好转，未予系统诊疗。近2年余偶有同房后出血，未予重视。2020-08-07于徐州市妇幼保健院体检，查宫颈HPV提示16、68阳性，TCT未见异常，今日至我院门诊就诊，查妇科检查提示宫区及左附件区压痛明显，建议患者住院综合治疗。现患者为行进一步综合治疗，由门诊排除新冠后拟以“女性盆腔炎、宫颈HPV感染”收入我科，刻下：患者神清，精神可，下腹疼痛不适，腰酸，无阴道出血，无肛门坠胀感，无发热畏寒，纳食可，夜寐安，二便调，舌暗，苔白，脉涩。,神志清晰，精神尚可，形体适中，语言清晰，口唇红润；皮肤正常，无斑疹。头颅大小形态正常，无目窼下陷，白睛无黄染，耳轮正常，无耳瘘及生疮；颈部对称，无青筋暴露，无瘿瘤瘰疬，胸部对称，虚里搏动正常，腹部平坦，无癥瘕痞块，爪甲色泽红润，双下肢无浮肿，舌暗，苔白，脉涩。,0,0,0,0,1,1,0,0,0,0,2,气滞|血瘀
448119,train,气虚血瘀证,auto,头晕行走不稳半天,患者半天前无明显诱因出现头晕、行走不稳。头晕呈头昏沉感，双下肢无力，行走不稳，言语清。病程中无黑曚，无头痛，无恶心呕吐，无视物旋转，上述病情持续无缓解，为求中西医结合诊治，今来我院就诊，门诊拟“脑梗塞”收住入院。入院时：患者神志清晰，精神欠佳，时有头晕，头昏沉，无头痛，偶有恶心不适，四肢无力，行走不稳，纳食可，夜寐欠安，二便正常。,神志清晰，形体适中，语言清晰，口唇红润；皮肤正常，无斑疹。头颅大小形态正常，无目窼下陷，白睛无黄染，耳轮正常，无耳瘘及生疮；颈部对称，无青筋暴露，无瘿瘤瘰疬，胸部对称，虚里搏动正常，腹部平坦，无癥瘕痞块，爪甲色泽红润，双下肢无浮肿，舌淡红，苔白，脉细。,1,0,0,0,0,1,0,0,0,0,2,血瘀|气虚
469465,train,气虚血瘀证,auto,头部外伤术后1年余,患者家属转述1年前不慎从高处摔落，致伤头部，引起外伤性颅脑损伤，于本院行手术治疗，间断于外院治疗，期间行气管切开，病情好转后予堵管，恢复尚可，近期行康复治疗，遗留肢体瘫痪、语言不能、吞咽障碍，以“头部损伤”收住我科。病程中，无发热畏寒、无胸闷气短、无肢体抽搐、无大小便失禁。入院时患者神清，意识清楚，可自行睁眼，左下肢可抬起，余肢体活动不能，肢体痉挛、挛缩，瘫卧在床，语言不能，咳嗽咳痰，时有憋喘，痰色白质黏，咳痰不利，烦躁不安，夜间较重，无发热、寒战，无恶心呕吐，无腹泻，夜寐尚可，大便已解，小便失禁，舌淡苔白，脉细。,神志清晰，精神尚可，形体适中，语言清晰，口唇红润；皮肤正常，无斑疹。头颅大小形态正常，无目窼下陷，白睛无黄染，耳轮正常，无耳瘘及生疮；颈部对称，无青筋暴露，无瘿瘤瘰疬，胸部对称，虚里搏动正常，腹部平坦，无癥瘕痞块，爪甲色泽红润，双下肢无浮肿，舌淡苔白，脉细。,1,0,0,0,0,1,0,0,0,0,2,血瘀|气虚
459418,train,正虚瘀结证,auto,直肠癌术后2年余，结肠癌术后1年余,"患者2016-12月底无明显诱因下出现下腹坠胀，至当地医院行直肠镜检查，未见明显异常。2017-02至我院查全腹部CT：直肠壁增厚，周围脂肪欠清晰。肠镜：距离肛门约8cm见新生物，镜下诊断直肠癌；病理：（距肛门8cm处）部分腺体异型增生，局部癌变。黏膜印片：查到癌变细胞。遂至徐州市二院就诊，行“奥沙利铂甘露醇+卡培他滨”化疗2周期，于2017-04-10在全麻下行腹腔镜下直肠癌根治术，术后病理：（直肠）腺癌（中分化），小灶区域浸润肠壁全层，肿瘤大小：2.8*2.5*0.7cm，侵犯神经，上切端、下切端及环周切缘未见癌累及，肠系膜淋巴结3/13枚见癌转移，另见癌结节3枚。术后于二院行辅助化疗2周期。2017-07-12、08-08在本院化疗2周期，方案：奥沙利铂甘露醇100mg d1-d2+卡培他滨片3# bid d1-14。2017-10在二院行局部放疗（DT50Gy/25f），放疗后大便开始稀薄频数，10次/日左右，经在我科门诊口服中药汤剂后，大便频数好转，约3次/凌晨。2018-03查肠镜示：1.回盲瓣旁癌 2.肝曲多发息肉，占位待排 3.直肠吻合口溃疡。病理诊断：（回盲瓣）黏膜印片：查到癌细胞；（直肠吻合口）黏膜印片：查到增生的腺上皮及炎性渗出物。2018-04-12于二院行全麻下腹腔镜下右半结肠根治术，术后病理：部分肠管切除标本：（结肠）腺癌（中分化），局部组织坏死，侵及肌壁外纤维脂肪组织，肿瘤大小：3*3*2cm，管状绒毛状腺瘤，肿瘤大小：1.5*1*0.7cm，未见明确神经、脉管侵犯，回肠切端、结肠切端均未见癌累及，肠系膜淋巴结见癌转移（1/16），并见少许胰腺组织；阑尾：急性单纯性阑尾炎，未见癌累及（pT3N1cM0,IIIB期）。术后患者出现发热、腹痛，考虑肠瘘，腹腔感染，至南京军区总医院对症治疗后好转，长期服用肠内营养液。2019-11-27查盆腔MR：直肠癌术后，吻合口增厚，肠壁左缘及骶前区多发异常信号，考虑复发转移灶伴骶椎受侵犯；距肛直肠环约7cm处、直肠左缘约3-4点钟方位（截石位）异常信号，考虑窦道内口伴感染（可疑脓肿形成）；盆腔内淋巴结影。病情进展，2019-12查血基因检测示：KRAS、NRAS、BRAF均野生型，12-17、01-02行西妥昔单抗(900mg ivgtt q2w）靶向治疗2周期，1周期后开始出现轻度皮疹。12-18、01-08口服卡培他滨（早2# 晚3# d1-14 q21d）化疗，近3日患者受凉感冒后反复发热、腹泻，昨夜间出现粘液血便，今为行中西医结合治疗入院。入院时患者诉腹泻腹痛，发热、畏寒，乏力，偶咳嗽、咳痰，无心慌憋喘，无恶心呕吐，小便排泄不畅，夜寐欠安。",神志清晰，精神尚可，形体适中，语言清晰，口唇红润；皮肤正常，无斑疹。头颅大小形态正常，无目窼下陷，白睛无黄染，耳轮正常，无耳瘘及生疮；颈部对称，无青筋暴露，无瘿瘤瘰疬，胸部对称，虚里搏动正常，腹部平坦，无癥瘕痞块，爪甲色泽红润，双下肢无浮肿，舌淡红，苔白，脉弦。,1,0,0,0,0,1,0,0,0,0,2,血瘀|气虚
455502,train,脾肾两虚证,manual_disambiguated,发现血肌酐升高8年,"患者2011年6月无明显诱因出现肉眼血尿，查尿常规是潜血3+，蛋白3+，至南京军区总医院就诊，行肾穿刺检查，病理结果:33个肾小球中21个球性硬化,多聚集分布,4个节段硬化,1个细胞性新月体,余正切肾小球体积增大,系膜区轻度增宽,系膜细胞增生,基质增多,毛细血管袢开放良好,节段内皮细胞成对,囊壁增厚、节段分层。PASM-Masson：系膜区少量嗜复红物沉积。肾小管间质损害慢性病变中度，结合免疫荧光，为IgA肾病，予代文80mgqd、雷公藤多甙片治疗，2011年8月查血肌酐1.54mg/dl，停用雷公藤多甙片，中药间断服用。2013年4月患者发现血压升高，最高210/110mmHg，服用拜新同30mgqd控制血压，2014.10.15曾在我科住院治疗，查血肌酐升高，Cr220.1 umol/L，Hb101g/L，诊断为慢性肾衰竭，肾性贫血，经保肾等对症治疗后好转出院。2015-05再于我院住院，查血肌酐最高222.7umol/l，24小时蛋白尿0.68g，予金水宝保肾、拜新同降压、补充钙剂及复方环磷酰胺免疫抑制治疗，患者病情好转出院。2016年至今多次因急性上呼吸道感染至我科住院治疗，予金水宝保肾、拜新同降压、爱西特吸附肌酐及抗感染、保肾、改善脏器供血等治疗后好转出院。2019年2月曾在我科住院治疗，查肌酐 442.40umol/L，尿蛋白/尿肌酐 0.94/4602.6，予肾康、血栓通治疗后好转出院，患者11月19日我科住院查血肌酐 803.10umol/L↑,11月26日开始接受血液透析治疗；1周前出院，出院后患者未再接受血液透析治疗，近2日自觉胸闷憋喘不适，患者今日至我科就诊，为进一步系统诊治，收住我病区，入院时：患者自觉胸闷憋喘不适，夜间平躺可憋醒，坐起后好转，全身乏力，偶有头晕不适，无发热，无皮疹，无光敏感，无口腔溃疡，纳寐一般，二便正常。",神志清晰，精神欠佳，形体适中，语言清晰，口唇红润；皮肤正常，无斑疹。头颅大小形态正常，无目窼下陷，无白睛，耳轮正常，无耳瘘及生疮；颈部对称，无青筋暴露，无瘿瘤瘰疬，胸部对称，虚里搏动正常，腹部平坦，无癥瘕痞块，爪甲色泽红润，双下肢无浮肿，舌淡红，苔白腻，脉沉细。,1,1,0,1,0,0,1,0,0,0,4,阳虚|血虚|气虚|痰湿
477425,train,气虚血瘀证,auto,突发右测肢体乏力伴行走欠稳半天,"患者今晨突感右侧肢体乏力,右下肢尤甚,行走欠稳,头晕频作，全身乏力，即来我院门诊就诊，故为进一步检查治疗收住入院。病程中患者神志清,精神差,反应迟钝,双耳听力下降,无恶寒发热，偶有咳嗽咳痰，无肢体麻木，无晕厥黑朦，无四肢抽搐，无夜间憋醒，纳食一般，夜寐差，二便尚调,舌淡紫,苔白腻,脉细。",神志清晰，精神差，形体适中，语言清晰，口唇发绀；皮肤正常，无斑疹。头颅大小形态正常，无目窼下陷，白睛无黄染，耳轮正常，无耳瘘及生疮；颈部对称，无青筋暴露，无瘿瘤瘰疬，胸部对称，虚里搏动正常，腹部膨隆，无癥瘕痞块，爪甲色泽红润，双下肢有浮肿，舌淡紫，苔白，脉细。,1,0,0,0,0,1,0,0,0,0,2,血瘀|气虚
481139,train,气滞血瘀证,auto,车祸致全身多处疼痛活动受限6小时,患者约6小时前发生车祸，伤及全身多处，当时即感右颧部、左肩、腰部及左踝部疼痛，左踝尤甚左踝伴有肿胀、活动障碍，急被送至我院急诊就诊，经询问病史及查体后，行相关影像学检查，结果回示：左侧距骨、胫腓骨下段、左侧第5跖骨基底部及跖骨头骨折。故为求进一步治疗，遂经急诊拟“左侧距骨骨折”收治入院。伤后患者无昏迷，无意识不清，对受伤经过回忆清晰，头晕头痛，无恶心呕吐，无胸闷憋喘，无腹胀腹痛，刻下患者神志清楚，上述症状依旧，二便未解。,神志清晰，精神尚可，形体适中，语言清晰，口唇红润；皮肤正常，无斑疹。头颅大小形态正常，无目窼下陷，白睛无黄染，耳轮正常，无耳瘘及生疮；颈部对称，无青筋暴露，无瘿瘤瘰疬，胸部对称，虚里搏动正常，腹部平坦，无癥瘕痞块，爪甲色泽红润，双下肢无浮肿，舌淡红，苔白，脉弦滑。,0,0,0,0,1,1,0,0,0,0,2,气滞|血瘀
423688,test,风痰阻络证,auto,突发头晕伴言语不清4天。,患者4天前无明显诱因突发头晕伴言语不清，至沛县人民医院查头颅CT示：脑出血，为求中西医结合治疗，前来我院。病程中患者无发热，无饮水呛咳，无有恶心呕吐，无四肢抽搐，无意识丧失。患者入院时神清，精神欠佳，头晕不适，言语不清，时有咳嗽、咳痰，四肢活动可，无恶心呕吐，无视物模糊，无口角饮水漏水，纳谷可，夜寐一般，二便调，舌质暗淡，苔黄腻，脉弦细。,神志清晰，精神欠佳，形体适中，语言含糊，口唇红润；皮肤正常，无斑疹。头颅大小形态正常，无目窼下陷，白睛无黄染，耳轮正常，无耳瘘及生疮；颈部对称，无青筋暴露，无瘿瘤瘰疬，胸部对称，虚里搏动正常，腹部平坦，无癥瘕痞块，爪甲色泽红润，双下肢无浮肿，舌质暗淡，苔黄腻，脉弦细。,0,0,0,0,0,0,1,0,1,0,2,内风|痰湿
467984,train,肝经湿热证,auto,左侧前胸及后背起红斑水疱伴疼痛3天。,患者3天前无明显诱因左背部及左腋下出现阵发性针刺样疼痛感，并发现其上出现少量片状红斑水疱，呈簇集状，患者未予重视。三天来患者发现左侧后背部红斑水疱逐渐增多，扩展至左前胸部，且阵发性疼痛感加重，影响睡眠，患者昨日遂至我科门诊就医，诊断为“带状疱疹”，予以泛昔洛韦、维生素B1片口服，病情缓解不明显，今为求进一步系统治疗，遂来我科住院治疗。患者否认近14天湖北疫区及本地发病区接触史，否认近14天新冠肺炎病人接触史，否认近14天接触过来自武汉市及周边或境内、境外疫情严重地区发热有呼吸道症状的患者，否认近14天发热、咳嗽、腹泻。门诊查血常规、新冠病毒核酸检测、肺部CT未见明显异常，排除新冠肺炎，遂收入院。入院时患者无发热不适，精神及纳食尚可，睡眠欠安，二便自调。,神志清晰，精神尚可，形体适中，语言清晰，口唇红润；皮肤同前，有斑疹。头颅大小形态正常，无目窼下陷，白睛无黄染，耳轮正常，无耳瘘及生疮；颈部对称，无青筋暴露，无瘿瘤瘰疬，胸部对称，虚里搏动正常，腹部平坦，无癥瘕痞块，爪甲色泽红润，双下肢无浮肿，舌质暗红，苔薄白，脉弦滑。,0,0,0,0,0,0,0,1,0,0,1,湿热
468306,train,痰湿蕴肺证,auto,"反复咳喘20年余,加重2月。",患者20余年前每于感寒受凉后出现咳嗽、咳痰、伴气喘，经抗炎平喘治疗后可改善，多于秋冬季发病，每年总病程超过三个月，诊为慢阻肺、肺心病，反复发病，间断求治。2月前患者病情较前加重，出现咳嗽，咳白痰，痰尚能咳出，胸闷气喘，动则喘促，1月前出现双下肢水肿，饮食减少，小便减少，现为进一步治疗，遂至我院求治，收入我区系统治疗。病中，患者无发热，无咳吐粉红色痰、无咯血、睡眠一般，大便正常。,神志模糊，精神差，形体适中，语言含糊，口唇红润；皮肤正常，无斑疹。头颅大小形态正常，无目窼下陷，白睛无黄染，耳轮正常，无耳瘘及生疮；颈部对称，无青筋暴露，无瘿瘤瘰疬，胸部对称，虚里搏动正常，腹部平坦，无癥瘕痞块，爪甲色泽红润，双下肢有浮肿，舌质淡苔白，脉滑。,0,0,0,0,0,0,1,0,0,0,1,痰湿
487337,train,气滞血瘀证,auto,腰痛伴双下肢酸软无力1年余。,患者1年前因腰间盘突出出现腰痛伴双下肢酸软无力，右腿尤甚，行走时患者感双下肢酸软无力加重，休息及到本院对症治疗后症状稍缓解。症状逐渐加重，经休息未能缓解，现为行进一步治疗，来我院门诊就诊，门诊拟“腰椎间盘突出症”收住入院。刻下患者神清，精神可。腰痛伴双下肢酸软无力，伴行走不利，饮食可，睡眠佳，大便欠佳，长期服用乳果糖后大便一日一行。,神志清晰，精神尚可，形体适中，语言清晰，口唇红润；皮肤正常，无斑疹。头颅大小形态正常，无目窼下陷，白睛无黄染，耳轮正常，无耳瘘及生疮；颈部对称，无青筋暴露，无瘿瘤瘰疬，胸部对称，虚里搏动正常，腹部平坦，无癥瘕痞块，爪甲色泽红润，双下肢无浮肿，舌暗，苔白，脉弦涩。,0,0,0,0,1,1,0,0,0,0,2,气滞|血瘀
481435,train,气虚血瘀证,auto,反复胸闷痛16年，加重伴心慌、乏力2月。,患者2004年因“急性心肌梗死”就诊于外院行急诊PCI术，后分别于2013、2016年就诊于徐州市二院行PCI术，具体不详，共有5枚支架。术后规范服用冠心病二级预防药物。近8月患者自觉胸闷再发，伴心慌、乏力，曾就诊于徐州市二院诊断“频发室性早搏”， 给予“倍他乐克、胺碘酮”口服，病情时有反复。2月前患者自觉上述症状发作频发，程度较前加重，平卧时尤甚，可自行缓解。遂今日至我院就诊，门诊查心电图示频发室性早搏。为进一步诊治，收治入院。入院时：心悸时发时止，伴乏力，无咽喉紧缩感，无胸闷，无胸痛及其他部位放射痛，无头晕头痛，无畏寒发热，无咳嗽咳痰，口干苦，大便秘结，小便短赤。,神志清晰，精神尚可，形体适中，语言清晰，口唇红润；皮肤正常，无斑疹。头颅大小形态正常，无目窼下陷，白睛无黄染，耳轮正常，无耳瘘及生疮；颈部对称，无青筋暴露，无瘿瘤瘰疬，胸部对称，虚里搏动正常，腹部平坦，无癥瘕痞块，爪甲色泽红润，双下肢无浮肿，舌质淡紫，可见舌体胖且边有齿痕，苔薄白，脉虚细涩。,1,0,0,0,0,1,0,0,0,0,2,血瘀|气虚
427947,train,瘀血阻络证,auto,反复头晕头昏4天，加重半天,患者4天前无明显诱因反复出现头昏头晕，行走步履欠稳，四肢乏力，恶心反胃，休息后可缓解，于社区医院就诊，具体用药不详，症状未得到缓解。今晨起床后再觉头晕头昏不适较前加重，站立不稳，行走步履不便，伴恶心反胃，遂转至我院门诊就诊，为进一步诊治收住入院。入院时：患者仍时有头晕头昏，站立欠稳，肢体乏力，恶心反胃，无恶寒发热，无咳嗽咳痰，无腹胀腹痛，纳可，二便尚调，夜寐一般。,神志清晰，精神尚可，形体适中，语言清晰，口唇发绀；皮肤正常，无斑疹。头颅大小形态正常，无目窼下陷，白睛无黄染，耳轮正常，无耳瘘及生疮；颈部对称，无青筋暴露，无瘿瘤瘰疬，胸部对称，虚里搏动正常，腹部平坦，无癥瘕痞块，爪甲色泽红润，双下肢无浮肿，舌暗，苔薄白，脉弦迟。,0,0,0,0,0,1,0,0,0,0,1,血瘀
448266,train,湿热瘀阻证,auto,检查发现输卵管粘连1年余。,患者平素月经周期尚规则，28-30天一行，5-6天净，量少，色黯红，轻度痛经，G1P1，患者夫妻同居，有正常性生活，未避孕未孕3年，患者有生育要求，2018-07-31至浙江大学附属妇产科医院查：子宫输卵管造影：宫腔无殊，两侧输卵管炎症，通而不畅（宫腔显影屈位，大小形态正常，宫内密度不甚均匀，两宫角锐利，右侧输卵管显影达伞端，走行尚自然，远端管腔粗细不甚均匀，管壁欠光整，左侧输卵管未见明确显影），患者LMP：2019-09-25，量色质如常，行经5天，现经净第5天，现为行进一步手术治疗，由门诊收入我科，刻下：患者神清，精神可，下腹疼痛，无阴道异常出血，无寒热往来，纳眠可，二便调畅，舌红，苔黄腻，脉弦数。,神志清晰，精神尚可，形体适中，语言清晰，口唇红润；皮肤正常，无斑疹。头颅大小形态正常，无目窼下陷，白睛无黄染，耳轮正常，无耳瘘及生疮；颈部对称，无青筋暴露，无瘿瘤瘰疬，胸部对称，虚里搏动正常，腹部平坦，无癥瘕痞块，爪甲色泽红润，双下肢无浮肿，舌红，苔黄腻，脉弦数。,0,0,0,0,0,0,0,1,0,0,1,湿热
440129,train,气虚血瘀证,auto,反复胸闷12年，加重1周。,患者12年前反复出现胸闷不适，2011年10月在市第一人民医院就诊诊断为冠心病，在RCA置入支架1枚，术后患者症状较前好转，术后规律服用抗血小板、调脂稳斑等药物。2012年1月患者出现胸痛加重，至市二院行心脏搭桥术（三个桥），术后患者病情好转。1周前患者无明显出现胸闷不适加重，伴气短乏力，头晕头昏，无头痛，无视物旋转及行走不稳，无汗出。今日至我院就诊，拟“冠心病”收住入院。入院时：仍时有胸闷不适，乏力气短，偶有心慌不适，无憋喘，头晕头昏，无咳嗽咳痰，无恶心呕吐，纳可，二便尚调，夜寐一般。,神志清晰，精神尚可，形体适中，语言清晰，口唇红润；皮肤正常，无斑疹。头颅大小形态正常，无目窼下陷，白睛无黄染，耳轮正常，无耳瘘及生疮；颈部对称，无青筋暴露，无瘿瘤瘰疬，胸部对称，虚里搏动正常，腹部平坦，无癥瘕痞块，爪甲色泽红润，双下肢无浮肿，舌淡有紫气，苔白，脉弦。,1,0,0,0,0,1,0,0,0,0,2,血瘀|气虚
474524,train,风痰阻络证,auto,发现言语不清伴右侧肢体无力1.5h,患者家属13时离家时患者未见异常，14：10分许儿媳与通话时发现言语不清，家属急寻回患者，发现言语不清，右侧肢体无力，急来我院急诊，查头颅CT排除脑出血，由急诊收住入院，入院时患者神清，精神欠佳，言语不清，右侧肢体无力，无发热、呛咳，无肢体抽搐，二便未解。舌淡紫，苔腻，脉弦缓。,神志清晰，精神尚可，形体适中，语言不清，口唇红润；皮肤正常，无斑疹。头颅大小形态正常，无目窼下陷，白睛无黄染，耳轮正常，无耳瘘及生疮；颈部对称，无青筋暴露，无瘿瘤瘰疬，胸部对称，虚里搏动正常，腹部平坦，无癥瘕痞块，爪甲色泽红润，双下肢无浮肿，舌淡紫，苔腻，脉弦缓。,0,0,0,0,0,0,1,0,1,0,2,内风|痰湿
449143,train,湿热下注证,auto,肛内肿物外脱伴肿痛2年,"患者于入院前2年，出现因食辛辣醇厚且劳累后出现肛缘肿痛伴肛内肿物脱出,未予治疗，症情反复发作渐加重，遂来本院求治。刻下：肛内肿物脱出伴肿缘疼痛，大便日行1次，质软，排出不畅，偶伴便血，喷射而出，色鲜红，伴排便不尽及肛门坠胀感，无粘液便，小溲畅，无发热恶寒。纳食可，夜寐尚可，舌红，苔黄，脉滑数。",神志清晰，精神尚可，形体适中，语言清晰，口唇红润；皮肤正常，无斑疹。头颅大小形态正常，无目窼下陷，白睛无黄染，耳轮正常，无耳瘘及生疮；颈部对称，无青筋暴露，无瘿瘤瘰疬，胸部对称，虚里搏动正常，腹部平坦，无癥瘕痞块，爪甲色泽红润，双下肢无浮肿，舌淡红，苔白，脉滑数。,0,0,0,0,0,0,0,1,0,0,1,湿热
418558,train,痰湿中阻证,auto,发作性头晕伴视物旋转10年余，加重半年,患者10年余前无明显诱因出现头晕，伴视物旋转，恶心、呕吐，无头痛，无意识障碍，无肢体不遂，间断求治，具体治疗及用药不详，症状反复，半年前，患者自觉上述症状加重，今为求进一步诊治，遂来我院门诊就诊，由门诊收住入院，入院时：患者神志清晰，精神可，头晕，视物旋转，恶心，耳鸣，左耳听力丧失，咳嗽，咳吐少量白粘痰，偶有胸闷，无头痛，无肢体不遂，饮食、睡眠可，二便正常。舌质淡红，苔白腻，脉滑。,神志清晰，精神尚可，形体适中，语言清晰，口唇红润；皮肤正常，无斑疹。头颅大小形态正常，无目窼下陷，白睛无黄染，耳轮正常，无耳瘘及生疮；颈部对称，无青筋暴露，无瘿瘤瘰疬，胸部对称，虚里搏动正常，腹部平坦，无癥瘕痞块，爪甲色泽红润，双下肢无浮肿，舌质淡红，苔白腻，脉滑。,0,0,0,0,0,0,1,0,0,0,1,痰湿
484671,train,痰湿中阻证,auto,发作性头晕、视物旋转伴行走不稳5小时余,患者于5小时前无明显诱因，出现头晕、视物旋转间作，恶心呕吐胃内容物多次，行走不稳，症状持续10分钟左右缓解，无后遗症，症状反复发作，现为进一步中西医结合治疗，来我院急诊就诊，急诊予输液治疗后症状稍减轻，完善检查排除新冠肺炎感染后拟“眩晕病”收治入院 ，病程中无发热、无意识丧失，无四肢抽搐，无大小便失禁。入院症状：患者神志清晰，精神欠佳，头晕、昏沉时作，转颈、起身活动时可轻度视物旋转，无恶心干呕，心慌不适，纳食一般，夜寐一般，大便如常，小便正常，舌暗淡，苔白腻，脉濡。,神志清晰，精神尚可，形体适中，语言清晰，口唇红润；皮肤正常，无斑疹。头颅大小形态正常，无目窼下陷，白睛无黄染，耳轮正常，无耳瘘及生疮；颈部对称，无青筋暴露，无瘿瘤瘰疬，胸部对称，虚里搏动正常，腹部平坦，无癥瘕痞块，爪甲色泽红润，双下肢无浮肿，舌暗淡，苔白腻，脉濡。,0,0,0,0,0,0,1,0,0,0,1,痰湿
423771,train,风痰阻络证,auto,头晕伴右侧肢体无力4天。,患者于4日前无明显诱因出现头晕伴右侧肢体无力，症状持续无明显缓解，遂至我院门诊，予收入我科。入院时症状：神志清，精神欠佳，头晕时作，低头时加重，右侧肢体无力，行走欠利，视物模糊，双膝关节时有疼痛不适，无意识障碍，无肢体抽搐、痉挛等，饮食欠佳，二便可，夜寐尚可。舌质红，苔黄腻，脉弦。,神志清晰，精神欠佳，形体适中，语言清晰，口唇红润；皮肤正常，无斑疹。头颅大小形态正常，无目窼下陷，白睛无黄染，耳轮正常，无耳瘘及生疮；颈部对称，无青筋暴露，无瘿瘤瘰疬，胸部对称，虚里搏动正常，腹部平坦，无癥瘕痞块，爪甲色泽红润，双下肢无浮肿，舌质红，苔黄腻，脉弦。,0,0,0,0,0,0,1,0,1,0,2,内风|痰湿
424290,train,气阴两虚证,auto,口干多饮间作8年，加重1月,患者8年前体检发现血糖升高，伴口干多饮，复查后诊断2型糖尿病，始口服“二甲双胍 0.5 3/日”，后多次调整降糖方案，用药不规律，目前降糖方案为：“来得时 20u 睡前皮下注射”，空腹血糖波动于8-13mmol/l，餐后2h血糖波动于15-26mmol/l。近1月患者感口干多饮症状加重，时有心慌胸闷，时有头晕，偶有双足第四趾麻胀，视物欠清，饮食、睡眠可，大便干，小便可，为求进一步诊治入住我科。近期无消瘦及体重增加。,神志清晰，精神尚可，形体适中，语言清晰，口唇淡红；皮肤正常，无斑疹。头颅大小形态正常，无目窼下陷，白睛无黄染，耳轮正常，无耳瘘及生疮；颈部对称，无青筋暴露，无瘿瘤瘰疬，胸部对称，虚里搏动正常，腹部平坦，无癥瘕痞块，爪甲色泽淡红，双下肢无浮肿，舌质淡红，舌下瘀络，苔薄黄，脉细涩。,1,0,1,0,0,0,0,0,0,0,2,阴虚|气虚
463549,train,血瘀痰凝证,auto,右侧颞部发现肿物2月余。,"患者2个多月前于右侧颞部出现一绿豆粒大小球形结节状皮疹，按之柔软，偶有轻度瘙痒不适，患者一直没有治疗，近期患者发现肿物逐渐缓慢增大，目前增至黄豆大小，按压时伴疼痛不适，今来我科门诊就诊，要求手术切除治疗。门诊查血常规,肺部CT无异常，患者否认近14天湖北疫区及本地发病区接触史，否认近14天新冠肺炎病人接触史，否认近14天接触过来自武汉市及周边或境内、境外疫情严重地区发热有呼吸道症状的患者，否认近14天发热、咳嗽、腹泻，排除新冠肺炎，遂收入院手术治疗。入院时患者无发热，无咳嗽不适，精神及纳食可，睡眠一般，二便自调。",神志清晰，精神尚可，形体适中，语言清晰，口唇红润；皮肤正常，无斑疹。头颅大小形态正常，无目窼下陷，白睛无黄染，耳轮正常，无耳瘘及生疮；颈部对称，无青筋暴露，无瘿瘤瘰疬，胸部对称，虚里搏动正常，腹部平坦，无癥瘕痞块，爪甲色泽红润，双下肢无浮肿，舌淡红，苔，脉。,0,0,0,0,0,1,1,0,0,0,2,痰湿|血瘀
452175,test,湿热下注证,auto,大便次数增多伴便不尽感2月余,"患者于入院前2月，出现大便次数增多,一日3-4次,便后肛门坠胀,有排便不尽之感,大便带有脓血,遂来本院求治。刻下：肛门坠胀不适，坐卧不宁，行走不利。大便1日/行，日行3-4次，质软，排出不畅，伴便血，伴排便不尽及肛门坠胀感，有粘液便，小溲畅，无发热恶寒。纳谷不馨，夜寐尚可，舌红，苔黄，脉弦滑。",神志清晰，精神尚可，形体形体适中，语言清晰，口唇红润；皮肤正常，无斑疹。头颅大小形态正常，无目窼下陷，无白睛，耳轮正常，无耳瘘及生疮；颈部对称，无青筋暴露，无瘿瘤瘰疬，胸部对称，虚里搏动正常，腹部平坦，无癥瘕痞块，爪甲色泽红润，双下肢无浮肿，舌红，苔黄，脉弦滑。,0,0,0,0,0,0,0,1,0,0,1,湿热
467809,train,肝郁气滞证,auto,入睡困难3年余，加重伴口干眼干3月,"患者3年前因情志不遂出现入睡困难,近3月症状加重,伴口干眼干,间断就诊,服用安神类中药,症状改善不明显,为求中西医结合治疗,至我院就诊,经门诊收治入院,入院时神清,精神一般,夜间入睡困难,白天睡眠多,口干眼干,口腔津液减少明显,头晕昏沉,时有心慌胸闷，性情易怒,自觉记忆力下降,易疲乏,腰背酸痛,纳食一般,二便尚调。舌淡紫,舌下静脉迂曲,苔白腻有裂纹,脉细涩。","神志清晰，精神一般，形体适中，语言清晰，口唇红润；皮肤正常，无斑疹。头颅大小形态正常，无目窼下陷，白睛无黄染，耳轮正常，无耳瘘及生疮；颈部对称，无青筋暴露，无瘿瘤瘰疬，胸部对称，虚里搏动正常，腹部平坦，无癥瘕痞块，爪甲色泽红润，双下肢无浮肿，舌淡紫,舌下静脉迂曲,苔白腻有裂纹,脉细涩。",0,0,0,0,1,0,0,0,0,0,1,气滞
434471,train,气虚血瘀证,auto,头晕头痛伴面部麻木1周,"患者1周前无明显诱因下出现头晕头痛,颜面部麻木，流涎，视物模糊,下肢无力，无晕厥，无恶心呕吐，耳鸣，心慌气短，无胸痛、放射痛，无憋喘，即来我院门诊就诊，为进一步检查治疗收住入院。入院时头晕头痛,颜面部麻木，视物模糊,流涎，下肢无力，无晕厥，无恶心呕吐，耳鸣，心慌气短，无胸痛、放射痛，无憋喘，无夜间憋醒，无咳嗽咳痰，无恶寒发热，纳食可，睡眠欠佳，多梦，二便调。",神志清晰，精神尚可，形体适中，语言清晰，口唇发绀；皮肤正常，无斑疹。头颅大小形态正常，无目窼下陷，白睛无黄染，耳轮正常，无耳瘘及生疮；颈部对称，无青筋暴露，无瘿瘤瘰疬，胸部对称，虚里搏动正常，腹部平坦，无癥瘕痞块，爪甲色泽红润，双下肢无浮肿，舌淡紫，苔黄，脉弦。,1,0,0,0,0,1,0,0,0,0,2,血瘀|气虚
474527,train,湿热下注证,auto,肛旁流脓液伴肛内肿物外脱5天,患者5天来无明显诱因下出现肛旁流脓液伴肛内肿物外脱，未予治疗，大便1日3-4次，大便质软，排出畅，无便血，无粘液便，无里急后重及排便不尽感，小溲畅，无发热恶寒。纳食可，夜寐尚可。舌红，苔黄，脉滑数。,神志清晰，精神尚可，形体适中，语言清晰，口唇红润；皮肤正常，无斑疹。头颅大小形态正常，无目窼下陷，白睛无黄染，耳轮正常，无耳瘘及生疮；颈部对称，无青筋暴露，无瘿瘤瘰疬，胸部对称，虚里搏动正常，腹部平坦，无癥瘕痞块，爪甲色泽红润，双下肢无浮肿，舌淡红，苔白，脉数。,0,0,0,0,0,0,0,1,0,0,1,湿热
474319,train,肝阳上亢证,auto,突发头晕、行走不稳15日,患者15天前无明显诱因出现头晕、行走不稳。头晕呈头昏沉感，自觉双下肢乏力，行走不稳。病程中无头痛，无恶心呕吐，无意识丧失，无肢体抽搐，无二便失禁，无黑曚，无视物旋转。上述情况持续存在，门诊拟脑梗死收入院。入院时：患者神志尚清，头晕头昏，言语稍欠利，双下肢行走不稳，纳食可，夜寐一般，二便尚可。,神志清晰，精神尚可，形体适中，语言清晰，口唇红润；皮肤正常，无斑疹。头颅大小形态正常，无目窼下陷，白睛无黄染，耳轮正常，无耳瘘及生疮；颈部对称，无青筋暴露，无瘿瘤瘰疬，胸部对称，虚里搏动正常，腹部平坦，无癥瘕痞块，爪甲色泽红润，双下肢无浮肿，舌淡红，苔白，脉细弦。,0,0,1,0,0,0,0,0,0,0,1,阴虚
483980,train,心血瘀阻证,auto,反复胸闷隐痛半年余，加重1天。,患者半年余前无明显诱因反复出现胸闷隐痛，有时伴肩背部放射痛，持续数分钟，活动时加重，休息后可缓解，偶有心慌不适，未引起重视。昨日患者因劳累及情绪不畅自觉胸闷隐痛较前加重，乏力，偶有后背沉重感，无咳嗽、咳痰，无大汗淋漓，无意识障碍，无头痛、黑曚、晕厥等症状，遂今日至我院就诊，为进一步治疗，排除新冠病毒感染后收入我科。入院时：患者心胸疼痛，如刺如绞，痛有定处，纳可，大小便尚调，夜寐欠佳。,神志清晰，精神欠佳，形体适中，语言清晰，口唇发绀；皮肤正常，无斑疹。头颅大小形态正常，无目窼下陷，白睛无黄染，耳轮正常，无耳瘘及生疮；颈部对称，无青筋暴露，无瘿瘤瘰疬，胸部对称，虚里搏动正常，腹部平坦，无癥瘕痞块，爪甲色泽红润，双下肢无浮肿，舌质紫暗，有瘀斑，舌下瘀筋，苔薄，脉弦涩。,0,0,0,0,0,1,0,0,0,0,1,血瘀
485408,train,痰瘀痹阻证,auto,反复头晕头痛8年，加重伴胸闷半月。,患者8年前无明显诱因开始反复出现头晕头痛，非同日多次测血压高于140/90mmHg，最高血压180/100mmHg，规律口服药物（不详）降压，血压控制尚可。半月前患者头晕头痛明显，有一过性黑矇，测血压150/90mmHg，现口服北京降压零号，血压控制欠佳，伴胸闷憋喘，活动时明显，休息后可缓解，时有心慌，乏力，无肩背放射痛。患者为进一步诊治，遂今日至我院门诊就诊，拟“高血压亚急症”收住入院。入院时：患者头晕头痛，有一过性黑矇，伴胸闷憋喘，活动时明显，休息后可缓解，时有心慌，乏力，无肩背放射痛，有咳嗽，咳黄白痰，双耳周围持续疼痛，颈部皮肤瘙痒，抓挠后缓解，无恶寒发热，无恶心呕吐，无咽喉部紧缩感，无肢体活动障碍，纳可，睡眠可，二便尚调。,神志清晰，精神尚可，形体偏胖，语言清晰，口唇红润；皮肤正常，无斑疹。头颅大小形态正常，无目窼下陷，白睛无黄染，耳轮正常，无耳瘘及生疮；颈部对称，无青筋暴露，无瘿瘤瘰疬，胸部对称，虚里搏动正常，腹部平坦，无癥瘕痞块，爪甲色泽红润，双下肢无浮肿，舌紫暗，苔白腻，脉弦滑。,0,0,0,0,0,1,1,0,0,0,2,痰湿|血瘀
449076,train,正虚瘀结证,auto,肺鳞癌术后化疗后20天,患者2013-03无明显诱因下出现咳嗽、咳痰，未重视。6月份因出现咳痰带血，至我院行纤支镜活检：考虑：右肺癌。遂行“胸腔镜右中下肺癌根治术”， 术后病理示：（右中、下肺）中-低分化鳞形细胞癌，侵润支气管；胸膜脏层及肺门切端未见癌组织累及，肺门部淋巴结13枚未见癌组织转移，术中取肺淋巴结1枚亦未见癌组织转移。术后恢复可。2013-8-13起至12-9化疗（多西他赛120mg d1+奈达铂40mg d1-3）6周期，后间断口服中药，定期复查未见肿瘤复发或转移。2018-08-01MR：检查结论 1.骨盆多发骨转移瘤。2.双侧股骨头及所见股骨上段骨转移瘤。建议：全身类PET扫描。2018-08-05胸部CT：与本院2018-04-20平扫比较1、右肺Ca术后改变。2、两肺间质性改变。3、双肺散在点状小结节，大致同前。4、所见脾脏增大，同前相仿。建议随诊。腹部CT：1.脾肿大。2.膀胱过度充盈，上极达髂嵴水平。建议 结合临床 排除尿潴留。3.结肠积粪。2018-08-03予唑来磷酸抑制骨破坏，末次2019-09-26。患者左髋和左踝活动后仍疼痛，患者排除化疗禁忌，2018-08-16、09-13调整方案行第1、2周期GC方案化疗：吉西他滨 1.6g d1，8+卡铂 0.6g d1，化疗期间出现轻度皮疹，非剂量限制性毒性，局部治疗有效。10-08复查胸腹部、双髋关节MR评价:SD。10-10、11-11原方案行第3、4周期GC方案化疗。12-03复查胸腹部CT示同前。髋关节MR：1.双髋关节少量积液。2.双侧股骨头及股骨干多发小片状异常信号影，较前片（2018-10-08）明显；骨盆组成诸骨信号不均，较前明显。可疑骨转移。评估病情：骨转移较前进展，调整化疗方案：12-06、2019-01-09予紫杉醇240mg d1+卡铂0.5g d1化疗，辅以护胃、止吐等治疗。2019-04-23胸部CT：1、右肺Ca术后改变，较前（2018-12-03）未见明显变化。2、两肺间质性改变，右残肺轻度肺气肿，同前相仿。3、右肺散在点状小结节，大致同前。建议随诊。全腹CT：1、肝右前叶小低密度，大致同前（2018-12-03）。2、脾脏增大，同前相仿。心电图：窦性心律大致正常心电图。四肢关节MR：所见骨盆及双侧股骨散在异常信号，较前片（2018-12-03）略增多，考虑骨转移。患者病情PD，与患者及家属交待病情，建议予紫杉醇小剂量维持化疗，患者家属考虑后同意治疗。2019-09-19胸部CT：与2019-4-23胸部CT比较：右肺Ca术后改变；右肺及左肺下叶点片模糊影，新发，考虑 转移瘤。右侧3-5及左侧第6肋骨转移瘤，较前增大；建议 随诊。腹部CT: 1、肝右前叶小低密度，大致同前（2019-4-23）。2、脾脏增大，同前相仿。3、膀胱膀胱充盈有扩张感，同前。右侧3-5及左侧第6肋骨转移瘤，较前增大；建议 随诊。髋关节MR：所见骨盆及双侧股骨弥漫性异常信号，考虑骨转移灶。排除禁忌，09-24予吉西他滨 1.6g d1+卡铂 0.6g d1化疗。今为求进一步治疗收住入院。现患者左髋和左踝活动后有疼痛，不显，伴双下肢麻木不适，偶有咳血，低热，无咳嗽、气喘，胃纳可，二便调，夜寐尚安。,神志清晰，精神尚可，形体适中，语言清晰，口唇红润；皮肤正常，无斑疹。头颅大小形态正常，无目窼下陷，白睛无黄染，耳轮正常，无耳瘘及生疮；颈部对称，无青筋暴露，无瘿瘤瘰疬，胸部对称，虚里搏动正常，腹部平坦，无癥瘕痞块，爪甲色泽红润，双下肢无浮肿，舌淡红，苔白，脉滑。,1,0,0,0,0,1,0,0,0,0,2,血瘀|气虚
489499,test,湿热下注证,auto,肛内肿物外脱伴肿痛3年,患者3年来无明显诱因下出现肛旁流脓液伴肛内肿物外脱，间断发作，未予治疗，大便1日1次，大便质软，排出畅，无便血，无粘液便，无里急后重及排便不尽感，小溲畅，无发热恶寒。纳食可，夜寐尚可。舌红，苔黄，脉滑数。,神志清晰，精神尚可，形体适中，语言清晰，口唇红润；皮肤正常，无斑疹。头颅大小形态正常，无目窼下陷，白睛无黄染，耳轮正常，无耳瘘及生疮；颈部对称，无青筋暴露，无瘿瘤瘰疬，胸部对称，虚里搏动正常，腹部平坦，无癥瘕痞块，爪甲色泽红润，双下肢无浮肿，舌红，苔黄，脉滑数。,0,0,0,0,0,0,0,1,0,0,1,湿热
478935,test,气滞血瘀证,auto,突发失语3月余,"患者3月余前无明显诱因下出现头晕时作，时黑朦，无晕厥，单词言语，不能表达，胸闷痛时作，无恶心呕吐，无耳鸣，外院就诊，诊为：急性冠脉综合征、急性脑梗塞，住院治疗，症状缓解，现患者不能完整表达语句，单词言语，简单书写，听力理解欠佳，无头晕，无黑朦晕厥，无恶心呕吐，无耳鸣，行走欠稳，心慌胸闷时作，无胸痛、放射痛，无憋喘，无夜间憋醒，全身乏力，为求康复治疗,即来我院门诊就诊，为进一步检查治疗收住入院。入院时不能完整表达语句，单词言语，简单书写，听力理解欠佳，无头晕，无黑朦晕厥，无恶心呕吐，无耳鸣，行走欠稳，心慌胸闷时作，无胸痛、放射痛，无憋喘，无夜间憋醒，全身乏力，右手轻度水肿，无咳嗽咳痰，无恶寒发热，无气喘，纳食欠佳，睡眠欠佳，二便正常。舌淡紫，苔薄白，脉弦。",神志嗜睡，精神欠佳，形体偏瘦，语言含糊，口唇发绀；皮肤正常，无斑疹。头颅大小形态正常，无目窼下陷，白睛无黄染，耳轮正常，无耳瘘及生疮；颈部对称，无青筋暴露，无瘿瘤瘰疬，胸部对称，虚里搏动正常，腹部平坦，无癥瘕痞块，爪甲色泽红润，双下肢无浮肿，舌淡红，无苔，脉细弱。,0,0,0,0,1,1,0,0,0,0,2,气滞|血瘀
444327,train,气滞血瘀证,auto,腰部疼痛伴双下肢酸痛3年余。,患者诉3年前无明显诱因下出现腰部疼痛反复发作，伴有双下肢酸痛，劳累受凉后症状加重，稍作休息症状有所缓解，症状间作，现患者为求中医综合性治疗，遂至我院就诊，门诊拟“腰椎间盘突出症”收入我区。入院时见：患者一般情况尚可，腰部疼痛伴双下肢酸痛明显，活动受限，不能久站久坐，无恶寒发热，无恶心呕吐，无腹胀腹痛，纳食可，二便调，夜寐欠安。,神志清晰，精神尚可，形体适中，语言清晰，口唇红润；皮肤正常，无斑疹。头颅大小形态正常，无目窼下陷，白睛无黄染，耳轮正常，无耳瘘及生疮；颈部对称，无青筋暴露，无瘿瘤瘰疬，胸部对称，虚里搏动正常，腹部平坦，无癥瘕痞块，爪甲色泽红润，双下肢无浮肿，舌青紫，苔白，脉弦细。,0,0,0,0,1,1,0,0,0,0,2,气滞|血瘀
426378,train,气虚血瘀证,auto,阵发性胸闷心慌4月余，加重1天,患者近4月反复出现阵发性胸闷心慌，伴左胸前区隐痛，持续约5-10分钟，放射至后背部，自服复方丹参片后可缓解，夜间时感憋喘，醒后缓解。2018年12月再次因胸闷不适在我科住院，查冠脉CTA：冠状动脉供血呈左侧优势型，右冠状动脉欠清晰。左前降支中段心肌桥。经治疗好转予以出院。昨日与人争吵后，胸闷心慌较前发作频繁，持续时间增加，休息后不能缓解。为求进一步诊治，收入我区。入院时：患者胸闷心慌，伴左胸前区阵发性隐痛不适，持续约5-10分钟左右，休息后可缓解，偶有后背部放射痛，夜间憋喘时发，头晕乏力，无头痛，无咳嗽咳痰，纳谷欠馨，夜寐欠安，二便尚调。,神志清晰，精神尚可，形体适中，语言清晰，口唇红润；皮肤正常，无斑疹。头颅大小形态正常，无目窼下陷，白睛无黄染，耳轮正常，无耳瘘及生疮；颈部对称，无青筋暴露，无瘿瘤瘰疬，胸部对称，虚里搏动正常，腹部平坦，无癥瘕痞块，爪甲色泽红润，双下肢无浮肿。,1,0,0,0,0,1,0,0,0,0,2,血瘀|气虚
446773,train,气虚血瘀证,auto,四肢无力、肌肉跳痛、胸闷4月，加重7天,患者4月前出现全身无力、全身肌肉跳痛，以双上肢为重，胸闷，伴有声音嘶哑。于2019-08-20由徐州第一人民医院门诊拟“运动神经元病”收住入院，予口服维生素B6、维生素B1、利普唑、莫沙必利、维生素E等对症治疗（具体不详）。7日前胸闷加重，双上肢抬举无力，行走不稳，为求中西医结合治疗，由门诊拟“痿病”收住入院。刻下：患者神志清，精神萎靡，胸闷，声音嘶哑，语言流利，行走不利，口干不欲饮水，纳可，夜寐差，便干，小便调，舌红苔黄，脉沉细。,神志清晰，精神差，形体适中，语言清晰，口唇红润；皮肤正常，无斑疹。头颅大小形态正常，无目窼下陷，白睛无黄染，耳轮正常，无耳瘘及生疮；颈部对称，无青筋暴露，无瘿瘤瘰疬，胸部对称，虚里搏动正常，腹部平坦，无癥瘕痞块，爪甲色泽红润，双下肢无浮肿，舌红，苔黄，脉沉细。,1,0,0,0,0,1,0,0,0,0,2,血瘀|气虚
433041,train,阳虚水泛证,auto,憋喘3月余，加重1天。,患者3月前无明显诱因出现憋喘、胸闷，活动后加重，无明显咳嗽咳痰，伴双下肢水肿，未治疗；昨日喘憋加重，稍动则喘，胸闷，平卧后憋喘加重，呼吸困难，双下肢水肿明显，乏力，小便频数，为求进一步诊治，今来我院就诊，门诊以“慢性支气管炎”收入我区住院系统治疗。病程中，患者无恶心呕吐，无咳血胸痛，饮食少，睡眠欠佳，二便正常。,神志清晰，精神尚可，形体适中，语言清晰，口唇红润；皮肤正常，无斑疹。头颅大小形态正常，无目窼下陷，白睛无黄染，耳轮正常，无耳瘘及生疮；颈部对称，无青筋暴露，无瘿瘤瘰疬，胸部对称，虚里搏动正常，腹部平坦，无癥瘕痞块，爪甲色泽红润，双下肢无浮肿，舌淡红，苔白，脉弦细。,0,0,0,1,0,0,0,0,0,0,1,阳虚
449947,train,痰湿痹阻证,auto,背部软组织肉瘤术后化疗后1年余，复发二次术后5月。,患者1年余前无明显诱因下发现背部1包块，呈进行性增大，于2017-07-26在徐州医科大学附属医院普外科行背部包块切除术，术后病理示：软组织肉瘤。免疫组化结果：（背部）肿瘤细胞：Myogenin(少数+)，SMA（-），DESMIN（-），S-100（-），Sox-10（-），DOG-1(-)，CD117（-），CD34（-），Vimentin（+），WT-1（-），Calretinin（CR）（-），CD68（部分+），Mac387（-），CKpan（-），Ki67（+约80%），MyoD1（不满意）；结合HE切片，考虑为多形性未分化肉瘤。遂于2017-08-16、2017-09-06、2017-09-26、2017-10-19予“EPI 100mg d1，DDP 60mg d1，d3；DTIC 100mg d3-d5”，化疗中消化道反应轻微。10月余前前入徐州医科大学附属医院复查发现原肿瘤切除处新增肿块，于2018-12-07局麻下行背部肿块切除术，术后病理示：（背部）梭形恶性细胞肿瘤。后患者未行辅助化疗。予以中医中药治疗。5月前入我院复查胸部CT示：1.右侧背部软组织肉瘤术后、化疗后复发，右侧背部异常强化灶。2、两肺多发支气管扩张伴感染。排除禁忌后，于2019-04-22局麻下行背部肿块切除术后，术后病理示：（背部）梭形恶性细胞肿瘤，后未行辅助化疗。现为求进一步复查治疗入院。患者入院时一般情况可，轻微乏力，无咳嗽、咳痰，无头痛头晕，无恶心呕吐，无发热，纳食可，夜寐安，小便正常，大便干。,神志清晰，精神差，形体偏瘦，语言含糊，口唇红润；皮肤正常，无斑疹。头颅大小形态正常，无目窼下陷，白睛无黄染，耳轮正常，无耳瘘及生疮；颈部对称，无青筋暴露，无瘿瘤瘰疬，胸部对称，虚里搏动正常，腹部平坦，无癥瘕痞块，爪甲色泽苍白，双下肢无浮肿，舌淡红，苔白，脉细。,0,0,0,0,0,0,1,0,0,0,1,痰湿
448212,train,风痰阻络证,auto,发现左侧肢体活动无力1小时余,患者今日上午10：00开始入睡，下午约1:20醒来时发现左侧肢体活动无力，行走不稳，遂拨打120送至我院急诊科，予头颅CT排除脑出血，以“脑梗死”收入我科。入院时症状：神志清，精神欠佳，头晕，无视物旋转，无恶心、呕吐，左侧肢体活动无力，中午暂未进食，小便可，大便暂未排，平素睡眠可。舌质暗，苔黄腻，脉弦滑。,神志清晰，精神尚可，形体适中，语言清晰，口唇红润；皮肤正常，无斑疹。头颅大小形态正常，无目窼下陷，白睛无黄染，耳轮正常，无耳瘘及生疮；颈部对称，无青筋暴露，无瘿瘤瘰疬，胸部对称，虚里搏动正常，腹部平坦，无癥瘕痞块，爪甲色泽红润，双下肢无浮肿，舌质暗，苔黄腻，脉弦滑。,0,0,0,0,0,0,1,0,1,0,2,内风|痰湿
456799,train,气滞血瘀证,auto,头部、全身多处外伤伴头晕1天,昨日患者骑行时与其他车辆相撞，随即摔倒于地，当即感头晕，以及全身多处酸痛。无昏迷及大小便失禁，无恶心、呕吐，急诊我院，急诊头颅CT检查未见明确血肿及脑挫裂伤。给予对症处理后为进一步治疗以及观察病情收入院。,神志清晰，精神欠佳，形体适中，语言清晰，口唇红润；皮肤正常，无斑疹。头颅大小形态正常，无目窼下陷，白睛无黄染，耳轮正常，无耳瘘及生疮；颈部对称，无青筋暴露，无瘿瘤瘰疬，胸部对称，虚里搏动正常，腹部平坦，无癥瘕痞块，爪甲色泽红润，双下肢无浮肿，舌淡红，苔黄，脉玄。,0,0,0,0,1,1,0,0,0,0,2,气滞|血瘀
438083,train,气滞血瘀证,auto,反复腹胀、乏力三年，再发伴食欲减退一月余,患者三年前因腹部胀满不适诊断为肝硬化失代偿期，予对症利尿、改善肝功能对症治疗后症状反复，曾入住我科诊断考虑：1.肝硬化失代偿期2.冠心病3.脑梗塞4.胸腔积液，一个月前患者出现意识不清、行为异常、小便失禁，予低蛋白限盐饮食后上述症状稍减轻，患者乏力、食欲减少、双下肢无力感，胸闷，无咳嗽、咳痰，无心慌汗出，无头晕头痛，今为求中西医结合进一步治疗来我院，门诊遂拟肝硬化失代偿期收入我科。病程中患者乏力、食欲减少、双下肢无力感，无意识障碍，无胸痛、心悸，无呕血、黑便，食欲减少，寐安，小便量少，大便基本正常。,神志清晰，精神尚可，形体形体适中，语言清晰，口唇发绀；皮肤正常，无斑疹。头颅大小形态正常，无目窼下陷，无白睛，耳轮正常，无耳瘘及生疮；颈部对称，无青筋暴露，无瘿瘤瘰疬，胸部对称，虚里搏动正常，腹部膨隆，无癥瘕痞块，爪甲色泽红润，双下肢无浮肿，舌淡白，苔白，脉弦 。,0,0,0,0,1,1,0,0,0,0,2,气滞|血瘀
434229,train,阴虚血瘀证,auto,发现血糖升高5年，伴双足疼痛1年加重2月,"患者5年前体检时发现血糖升高，复查后诊断为2型糖尿病。未曾使用胰岛素治疗，曾用利拉鲁肽治疗3月。目前降糖方案为：“二甲双胍 0.5 po Bid,格列美脲 1片 po bid”，始血糖控制尚可，近2月加重，血糖波动于空腹血糖9mmol/l左右。患者1年前感双足疼痛，经治疼痛缓解，近2月双足疼痛加重，为求进一步明确诊治入住我科。病程中患者口干多饮，感双眼疼痛，小便多，大便干，睡眠差，多梦，时时汗出，疲倦乏力。近期无明显消瘦及体重减轻。",神志清晰，精神尚可，形体适中，语言清晰，口唇红润；皮肤正常，无斑疹。头颅大小形态正常，无目窼下陷，白睛无黄染，耳轮正常，无耳瘘及生疮；颈部对称，无青筋暴露，无瘿瘤瘰疬，胸部对称，虚里搏动正常，腹部平坦，无癥瘕痞块，爪甲色泽红润，双下肢无浮肿，舌质淡红，舌下瘀络，苔黄，脉滑。,0,0,1,0,0,1,0,0,0,0,2,阴虚|血瘀
444642,train,湿热蕴结证,auto,颈部、四肢起红斑丘疹伴瘙痒半月余，加重2天。,患者半月余前食海鲜后出现右手无名指起丘疹水疱，伴轻度瘙痒，炎性浸润明显，伴有明显渗出，未予重视，后皮疹渐扩展至颈部及四肢，伴轻度瘙痒，皮疹以右侧手部及右侧小腿为重，后又涉水，右侧小腿内侧症状加重，红斑融合成片状，伴溃破渗出，为求进一步治疗，患者近日来我科就诊，以“湿疹”收治入院。入院时患者无发热不适，精神及纳食可，夜寐尚安，二便自调。,神志清晰，精神尚可，形体适中，语言清晰，口唇红润；皮肤同前，有斑疹。头颅大小形态正常，无目窼下陷，白睛无黄染，耳轮正常，无耳瘘及生疮；颈部对称，无青筋暴露，无瘿瘤瘰疬，胸部对称，虚里搏动正常，腹部平坦，无癥瘕痞块，爪甲色泽红润，双下肢无浮肿，舌质红，苔黄腻，脉弦滑。,0,0,0,0,0,0,0,1,0,0,1,湿热
448669,train,气虚血瘀证,auto,右侧肢体活动不利半年余。,患者于半年前与人争吵后突然出现右侧肢体活动不利，行走欠稳，伴有意识模糊，无头痛，无视物旋转，无恶心呕吐，至徐州四院就诊，查头颅CT示：脑干出血，出血量约10ml，破入脑室。内科保守治疗，经治疗症状好转出院。今为中西医结合康复治疗，遂入本院求治，刻下：患者神志清晰，精神差，右侧肢体活动不利，行走不能，言语欠清，饮水呛咳，视物模糊，无头晕头痛，无视物旋转，无胸闷心慌，纳食可，夜寐尚可，大便如常，小便如常。,神志清晰，精神差，形体适中，语言欠清，口唇红润；皮肤正常，无斑疹。头颅大小形态正常，无目窼下陷，白睛无黄染，耳轮正常，无耳瘘及生疮；颈部对称，无青筋暴露，无瘿瘤瘰疬，胸部对称，虚里搏动正常，腹部平坦，无癥瘕痞块，爪甲色泽红润，双下肢无浮肿，舌暗红，苔薄腻，脉涩。,1,0,0,0,0,1,0,0,0,0,2,血瘀|气虚
488517,train,湿热下注证,auto,肛内肿物外脱伴肿痛1周,"患者于入院前1周劳累后出现肛内肿物外脱伴肿痛,未予治疗，症情反复发作渐加重，遂来本院求治。刻下：肛内肿物脱出伴肿缘疼痛，坐卧不宁，行走不利。大便日行1-2次，质软，排出畅，伴便血，鲜血，量多，无排便不尽及肛门坠胀感，无粘液便，小溲畅，无发热恶寒。纳食可，夜寐尚可，舌红，苔黄，脉滑数。",神志清晰，精神尚可，形体适中，语言清晰，口唇红润；皮肤正常，无斑疹。头颅大小形态正常，无目窼下陷，白睛无黄染，耳轮正常，无耳瘘及生疮；颈部对称，无青筋暴露，无瘿瘤瘰疬，胸部对称，虚里搏动正常，腹部平坦，无癥瘕痞块，爪甲色泽红润，双下肢无浮肿，舌淡红，苔白，脉数。,0,0,0,0,0,0,0,1,0,0,1,湿热
470512,train,痰浊瘀阻证,auto,反复胸闷憋喘13年余，加重3天,患者13年前开始反复出现胸闷不适，稍有憋喘，偶有胸部隐痛，活动后加重，持续数分钟，休息后可缓解，多次至当地医院就诊，诊断为冠心病，后曾出现大量心包积液，甚至休克，予以对症治疗。2009年患者于徐医附院行心脏ECT提示心肌缺血，2013年患者于徐州市中心医院查冠脉CTA提示：左侧冠状动脉前降支近段小混合斑块，管腔轻度变窄，远端管腔相对纤细，右侧冠状动脉近段小钙化斑块，长期服用拜阿司匹林、立普妥、倍他乐克缓释片等药物治疗，病情尚平稳。2017年患者因胸闷痛于我院住院治疗，建议患者行冠脉造影术或冠脉CTA明确病情，患者拒绝并要求药物保守治疗，予对症处理好转后出院，出院后规律服用药物，病情仍时有反复。3天前患者无明显诱因自觉胸闷憋喘较前加重，夜间不可平卧，活动后明显，且出现胸闷痛，无放射痛，服用上述药物症状缓解不理想，遂今日至我院就诊，为进一步诊治收住入院。入院时：胸闷憋喘，气短，四肢乏力，稍有胸痛，无放射痛，时有心慌不适，夜间不可平卧，头晕头昏，无咳嗽咳痰，无腹胀腹泻，纳食一般，二便尚调，夜寐差。,神志清晰，精神尚可，形体适中，语言清晰，口唇红润；皮肤正常，无斑疹。头颅大小形态正常，无目窼下陷，白睛无黄染，耳轮正常，无耳瘘及生疮；颈部对称，无青筋暴露，无瘿瘤瘰疬，胸部对称，虚里搏动正常，腹部平坦，无癥瘕痞块，爪甲色泽红润，双下肢无浮肿，舌体胖大且边有齿痕，质暗红，有紫气，苔浊腻，脉弦涩。,0,0,0,0,0,0,1,0,0,0,1,痰湿
483146,train,痰湿蒙窍证,auto,意识不清伴肢体活动不能13月余，加重3天,患者13月余前无明显诱因，突然出现意识不清，呕吐，伴有肢体活动不能，至徐州二院诊断为“小脑出血破入脑室、蛛网膜下腔出血”，急诊行“颅内血管畸形夹闭术”，经积极对症支持治疗，仍有意识不清，四肢瘫痪，至我院中西医结合治疗，后患者出现脑积水加重，转至二院行脑室腹腔引流术，手术顺利。患者仍意识不清，四肢瘫痪，3天前病情较前加重，遂至我院急诊就诊，排除新冠肺炎，为求进一步中西医结合治疗，收治入院。入院时，患者神志不清，精神欠佳，言语不能，肢体瘫痪，气管切开，喉中痰鸣，无肢体抽搐，保留鼻饲管，二便失禁。,神志不清，精神欠佳，形体偏瘦，语言不能，口唇红润；皮肤正常，无斑疹。头颅大小形态正常，无目窼下陷，白睛无黄染，耳轮正常，无耳瘘及生疮；颈部对称，无青筋暴露，无瘿瘤瘰疬，胸部对称，虚里搏动正常，腹部平坦，无癥瘕痞块，爪甲色泽红润，双下肢无浮肿，舌暗红，苔薄腻，脉弦滑。,0,0,0,0,0,0,1,0,0,0,1,痰湿
456178,train,寒凝血瘀证,auto,腰部疼痛伴活动受限20天,患者20天前受凉后出现腰部疼痛，疼痛较甚，翻身及坐起困难，难以行走，卧床休息后症状稍减轻，现疼痛进行性加重，伴有腰部转侧不利，翻身困难。患者及家人为求进一步治疗，遂来我院就诊。门诊建议住院治疗，予收住我科。病程中无发热、饮食及二便如常，腰部疼痛依然。,神志清晰，精神尚可，形体适中，语言清晰，口唇红润；皮肤正常，无斑疹。头颅大小形态正常，无目窼下陷，白睛无黄染，耳轮正常，无耳瘘及生疮；颈部对称，无青筋暴露，无瘿瘤瘰疬，胸部对称，虚里搏动正常，腹部平坦，无癥瘕痞块，爪甲色泽红润，双下肢无浮肿，舌淡红，苔白，脉弦。,0,0,0,0,0,1,0,0,0,0,1,血瘀
448482,train,正虚瘀结证,auto,结肠癌术后近1年，化疗后3月余。,"患者2018年10因“腹痛、腹胀伴便秘”于徐州市第一人民医院就诊，行盆腔CT检查示：盆腔巨大占位，右侧附件来源可能，子宫肌瘤，结肠镜检查活检病理示：（乙状结肠）：粘膜慢性炎，腺体息肉样增生伴糜烂，局部腺体轻度增生异型，排除禁忌后于2018-10-25在全麻下行“全子宫附件切除+部分乙状结肠切除术+乙状结肠造瘘术”，术后病理示：1.乙状结肠癌根治术：距一切端7cm处结肠隆起型中分化腺癌，侵犯全层并蔓延至周围脂肪组织内，上下切缘未见癌。距另一切端3cm处，粘膜管状腺瘤2-3级，肠系膜淋巴结2/14枚癌转移。免疫组化：CDx2(+++),CK20(+++),CK7(少量+），Ki67(+70%),Villin(+++)；2.全子宫及左附件切除：子宫内膜萎缩，宫颈慢性炎，宫体平滑肌瘤，左卵巢及左输卵管未见癌。3.（右卵巢）：腺癌，肠型腺癌，中分化，大量坏死，未见向被膜外生长。右输卵管未见癌，右卵巢符合结肠癌转移而来。免疫组化结果示：CDx2（+++），CK7(-),CK20(+++),KI67(+70%),Villin(+++),PR(-),ER(-),P16部分（+），CEA(-)。术后恢复可，经左下腹造瘘口排便，排除化疗禁忌后于2018-12-25、2019-01-22、02-19行“奥沙利铂+替吉奥”化疗3周期，2019-01-21查腹部CT示：肝脏、脾脏多发占位，转移瘤可能大，胆囊切除术后改变；结肠CA术后改变，右侧中腹腔及盆腔小及增大淋巴结可能，提示病情进展，后患者行基因检测KRAS基因突变阳性，患者于2019-03-08、03-30、04-13、04-27更换为“伊立替康190mg d1+亚叶酸钙200mg+5-Fu 700mg iv d1+5-Fu 4200mg 持续泵入46h d1 q14d”方案化疗4周期，化疗过程顺利。5月前患者入院复查胸腹部CT病灶较前未示明显变化，提示病情稳定，直肠末端肠壁稍增厚，较前新见，肛肠科及普外科会诊后建议1月后复查肛门镜，必要时镜下活检。后于2019-05-20、06-13继续予“伊立替康190mg d1+亚叶酸钙200mg+5-Fu 700mg iv d1+5-Fu 4200mg 持续泵入46h d1 q14d”方案化疗2周期，化疗过程顺利，期间复查病情稳定。现患者为复查入院，病程中患者偶有腹胀、腹痛，无明显头痛、头晕，无厌油、尿黄、纳差，无咳嗽、咳痰，食纳尚可，小便正常，大便经左下腹造瘘口排出，夜寐尚安，近期体重无明显增减。",神志清晰，精神尚可，形体适中，语言清晰，口唇红润；皮肤正常，无斑疹。头颅大小形态正常，无目窼下陷，白睛无黄染，耳轮正常，无耳瘘及生疮；颈部对称，无青筋暴露，无瘿瘤瘰疬，胸部对称，虚里搏动正常，腹部平坦，无癥瘕痞块，爪甲色泽红润，双下肢无浮肿，舌淡红，苔白，脉细。,1,0,0,0,0,1,0,0,0,0,2,血瘀|气虚
426620,train,气虚血瘀证,auto,反复胸闷隐痛1年余加重1周。,患者1年余前无明显诱因反复出现胸闷隐痛，持续数分钟，活动时加重，休息后可缓解。1周前患者因劳累及情绪不畅自觉胸闷隐痛较前加重，乏力，偶有后背沉重感，伴头痛不适，休息后无明显缓解，遂今日至我院就诊，为进一步治疗收入我科。入院时：患者心胸疼痛，痛有定处，时作时休，甚则心痛彻背，背痛彻心。心悸气短，动则益甚，倦怠乏力，声息低微，面色晄白，无汗出，纳可，二便尚调，夜寐尚可。,神志清晰，精神尚可，形体适中，语言清晰，口唇发绀；皮肤正常，无斑疹。头颅大小形态正常，无目窼下陷，白睛无黄染，耳轮正常，无耳瘘及生疮；颈部对称，无青筋暴露，无瘿瘤瘰疬，胸部对称，虚里搏动异常，腹部平坦，无癥瘕痞块，爪甲色泽红润，双下肢无浮肿。舌质淡紫，可见舌体胖且边有齿痕，苔薄白，脉虚细涩。,1,0,0,0,0,1,0,0,0,0,2,血瘀|气虚
476585,train,气滞血瘀证,auto,摔伤致左髋部肿痛伴活动受限3小时,患者约3小时前不慎跌倒摔伤，当时即感左髋部疼痛剧烈，不能活动，急被送至我院，拍片示：左股骨粗隆间骨折，断端移位明显。经询问病史、查体及阅片后，建议患者住院系统检查治疗，遂经急诊拟“左股骨粗隆间骨折”收治入院。伤后患者无昏迷，无意识不清，对受伤经过回忆清晰，无头晕头疼，无胸闷憋喘，近期无明显体重下降，无潮热盗汗，无胸闷憋喘，二便未排。,神志清晰，精神尚可，形体适中，语言清晰，口唇红润；皮肤正常，无斑疹。头颅大小形态正常，无目窼下陷，白睛无黄染，耳轮正常，无耳瘘及生疮；颈部对称，无青筋暴露，无瘿瘤瘰疬，胸部对称，虚里搏动正常，腹部平坦，无癥瘕痞块，爪甲色泽红润，双下肢无浮肿，舌淡红，苔白，脉弦滑。,0,0,0,0,1,1,0,0,0,0,2,气滞|血瘀
465447,train,气滞血瘀证,auto,双下肢无力伴活动受限一月半加重10天余,患者一月半前因“胸椎压缩性骨折（T12）”于外院检查治疗，外院予患者行经皮椎体穿刺成形术，术毕患者腰胸背部疼痛症状较前缓解，但出现双下肢麻木无力症状，于外院复查胸椎MR示：椎体成形术后，T12椎体后缘继发椎管狭窄，未予特殊治疗。近10天来患者感双下肢无力症状加重，自行外院行活血化瘀输液治疗及针灸等治疗后患者症状进一步加重，现诉走路发软发飘，需在他人搀扶下站立，无法自主行走。现患者为行进一步治疗，来我院门诊就诊，门诊拟“不全瘫待查”收住入院。刻下患者神清，精神一般，饮食睡眠欠佳，二便如常。,神志清晰，精神尚可，形体适中，语言清晰，口唇红润；皮肤正常，无斑疹。头颅大小形态正常，无目窼下陷，白睛无黄染，耳轮正常，无耳瘘及生疮；颈部对称，无青筋暴露，无瘿瘤瘰疬，胸部对称，虚里搏动正常，腹部平坦，无癥瘕痞块，爪甲色泽红润，双下肢无浮肿，舌淡红，苔白，脉弦。,0,0,0,0,1,1,0,0,0,0,2,气滞|血瘀
459252,train,肝阴不足证,auto,腹胀伴双下肢水肿间作1月余,患者1月前无明显诱因出现腹部胀满、伴纳差、乏力症状，无明显右胁肋部隐痛，无肩背部放射痛，双下肢水肿，无发热恶寒，无咳嗽咳痰，无反酸烧心，纳可，夜寐安，二便调，近1月来患者腹胀伴双下肢水肿症状反复发作，患者为求进一步治疗，今来我院，由门诊收入我科，入院时：患者腹胀，无胁肋隐痛，无明显心慌胸闷、气短，无明显双下肢皮肤瘙痒，双下肢水肿，夜寐尚可，小便量可，大便2日一行，舌淡红，苔薄白，脉细弦。,神志清晰，精神尚可，形体形体适中，语言清晰，口唇红润；皮肤正常，无斑疹。头颅大小形态正常，无目窼下陷，白睛无黄染，耳轮正常，无耳瘘及生疮；颈部对称，无青筋暴露，无瘿瘤瘰疬，胸部对称，虚里搏动正常，腹部平坦，无癥瘕痞块，爪甲色泽红润，双下肢无浮肿，舌淡红，苔白，脉弦。,0,0,1,0,0,0,0,0,0,0,1,阴虚
486239,train,气虚血瘀证,auto,左侧肢体乏力1年余，头晕10余天,"患者1年余前无明显诱因突发左侧肢体活动乏力，言语不清，至丰县人民医院诊治，后转至徐州二院诊治，经治疗后遗留有言语不清，左侧肢体无力，行走欠稳，10余天前患者诉左侧肢体乏力，麻木，沉重感，头晕时作，予口服药物治疗，效果不显，现为求进一步中西医结合康复治疗，至我院就诊，门诊以“脑梗死”收入我科。入院时症状：神志清，精神欠佳，左侧肢体活动无力，行走欠稳，左侧肢体麻木，疼痛，沉重感，言语不清，头晕时作，头昏阵作,无恶寒发热，无咳嗽咳痰，无晕厥黑朦,无四肢抽搐,无恶心呕吐,无胸痛放射痛，饮食尚可，夜寐一般，大便尚调，尿频。舌暗红，苔薄，脉细涩。",神志清晰，精神欠佳，形体适中，语言含糊，口唇发绀；皮肤正常，无斑疹。头颅大小形态正常，无目窼下陷，白睛无黄染，耳轮正常，无耳瘘及生疮；颈部对称，无青筋暴露，无瘿瘤瘰疬，胸部对称，虚里搏动正常，腹部膨隆，无癥瘕痞块，爪甲色泽红润，双下肢有浮肿，舌暗红，苔薄，脉细涩。,1,0,0,0,0,1,0,0,0,0,2,血瘀|气虚
423156,train,脾肾两虚证,manual_disambiguated,尿检异常伴血肌酐升高3月余,3月前因突发左耳听力下降至当地社区医院予以青霉素等药物（具体不详）治疗两天，无效，于2018-12-16至徐州市矿山医院住院检查发现尿检蛋白3+，微量白蛋白>150，Hb153g/l，ALB36.4g/l，BUN9.11mmol/l，CR158umol/l，UA429umol/l，2018-12-18至二院复查尿常规：蛋白3+，隐血1+，RBC26.3个/ul，血肌酐为153umol/L，予拜新同、倍他乐克缓释片、黄葵胶囊、百令胶囊、羟苯磺酸钙分散片、灯盏花素滴丸等药物应用。2019-1-30二院复查尿常规：蛋白3+，隐血1+，RBC6.2个/ul，血肌酐为150umol/L，现为求进一步中西医诊治，由门诊收入我科，入院症见：轻度乏力倦怠，偶有头晕间作，无明显头痛，无咳嗽咳痰，双下肢稍感乏力，纳眠尚可，大便一日一行，夜尿2-4次。,神志清晰，精神尚可，形体适中，语言清晰，口唇红润；皮肤正常，无斑疹。头颅大小形态正常，无目窼下陷，无白睛，耳轮正常，无耳瘘及生疮；颈部对称，无青筋暴露，无瘿瘤瘰疬，胸部对称，虚里搏动正常，腹部平坦，无癥瘕痞块，爪甲色泽红润，双下肢有浮肿，舌淡红，苔薄白，脉沉细。,1,1,0,1,0,0,1,0,0,0,4,阳虚|血虚|气虚|痰湿
428921,train,肝胃不和证,auto,上腹部胀满伴反酸呕吐间作一年,患者一年来反复出现上腹部胀满，伴有反酸、嗳气间作，伴呕吐间作，呕吐物为胃内容物，每次量不多，以食糜为主，伴少许粘液，无肉眼鲜血，大便正常，小便黄，曾口服胃苏颗粒、泮托拉唑等药物对症治疗，效果尚可，停药后症状反复，无明显好转，今为求中西医结合进一步诊治再来我院，门诊遂拟慢性胃炎收住入院。病程中患者上腹部胀满，反酸、嗳气间作，口干口苦，食欲欠佳，无发热、黄疸，无吞咽困难，无呕血、黑便，无腹泻，食纳、睡眠欠佳，大小便正常。,神志清晰，精神尚可，形体形体适中，语言清晰，口唇红润；皮肤正常，无斑疹。头颅大小形态正常，无目窼下陷，无白睛，耳轮正常，无耳瘘级生疮；颈部对称，无青筋暴露，无瘿瘤瘰疬，胸部对称，虚里搏动正常，腹部平坦，无癥瘕痞块，爪甲色泽红润，双下肢对称舌质红，苔薄黄，脉弦。,0,0,0,0,1,0,0,0,0,0,1,气滞
441950,train,痰湿蕴肺证,auto,肺癌术后1月，术后第1次化疗,患者于于2019-07-02在全麻下行“胸腔镜左上肺叶切除术”，术后病理示：（左上肺）浸润性癌，考虑为鳞癌，组织分型待免疫组化检测，肿块大小2*1.5*1cm，累及脉管，肺膜未见累及，支气管切端未见累及，肺门淋巴结2枚未见癌组织转移，术中取（第5、6组淋巴结）2枚、（第11组淋巴结）4枚均未见癌转移。免疫组化检测：蜡块C1：CD34+；D2-40-；蜡块C3：CK7-；TTF-1-；NapsinA-；P40+；CK5/60+；SY-；P63+；Ki67 50%+。结合HE，符合（左上肺）中分化鳞形细胞癌，累及脉管。现患者为求化疗治疗入住我科，由门诊收住入院。入院时：患者神清，时有咳嗽咳痰，痰色白，偶带有血丝，稍有胸闷憋喘，无胸痛，无腹胀腹痛，无恶寒发热，饮食睡眠尚可，二便正常。,神志清晰，精神尚可，形体适中，语言清晰，口唇红润；皮肤正常，无斑疹。头颅大小形态正常，无目窼下陷，白睛无黄染，耳轮正常，无耳瘘及生疮；颈部对称，无青筋暴露，无瘿瘤瘰疬，胸部对称，虚里搏动正常，腹部平坦，无癥瘕痞块，爪甲色泽红润，双下肢无浮肿，舌淡红，苔白，脉滑。,0,0,0,0,0,0,1,0,0,0,1,痰湿
445509,train,正虚瘀结证,auto,反复咳嗽咳痰10年余，间断咳血4月余。,患者慢性阻塞性肺病10年，反复咳嗽咳痰伴气喘，2019年4月无明显诱因下出现咳血，2019-5-1查胸部CT提示：两肺间质纤维化，肺气肿、肺大泡，左肺下叶占位，左肺下叶结节，动脉硬化，表现结合临床及进一步检查。2019-5-8行PET/CT提示：左肺下叶恶性病变，肺癌伴纵膈淋巴结转移可能，结合临床；左肺下叶结节FDG代谢未见增高。患者肺癌可能性大，反复咳痰带血，多次入住市立医院止血治疗，效果欠佳。现为求中西医结合治疗入我院，入院症见：阵发性咳嗽咳痰，痰中带血，色鲜红，时咯鲜血痰，时有低热、烦躁，活动后感胸闷、气喘，无头晕头痛，无恶心呕吐，无腹胀腹痛，食欲尚可，二便尚调，夜寐欠安。,神志清晰，精神尚可，形体适中，语言清晰，口唇红润；皮肤正常，无斑疹。头颅大小形态正常，无目窼下陷，白睛无黄染，耳轮正常，无耳瘘及生疮；颈部对称，无青筋暴露，无瘿瘤瘰疬，胸部对称，虚里搏动正常，腹部平坦，无癥瘕痞块，爪甲色泽红润，双下肢无浮肿，舌红，苔少，脉弦细。,1,0,0,0,0,1,0,0,0,0,2,血瘀|气虚
437915,test,湿热下注证,auto,大便带血，肛内肿物脱出2周,"患者于入院前2周，出现因食辛辣醇厚且劳累后出现肛缘肿痛伴肛内肿物脱出,伴便血，量多、色鲜红，未予治疗，近几日症状明显加重，出血量多，遂来本院求治。刻下：肛内肿物脱出伴肿缘疼痛，坐卧不宁，行走不利。大便1日/行，日行1次，质硬，排出不畅，伴便血，伴排便不尽及肛门坠胀感，无粘液便，小溲畅，无发热恶寒。纳谷不馨，夜寐尚可，舌红，苔黄，脉弦滑。",神志清晰，精神尚可，形体形体适中，语言清晰，口唇红润；皮肤正常，无斑疹。头颅大小形态正常，无目窼下陷，无白睛，耳轮正常，无耳瘘及生疮；颈部对称，无青筋暴露，无瘿瘤瘰疬，胸部对称，虚里搏动正常，腹部平坦，无癥瘕痞块，爪甲色泽红润，双下肢无浮肿，舌红，苔黄，脉弦滑。,0,0,0,0,0,0,0,1,0,0,1,湿热
423055,train,气滞血瘀证,auto,腰部疼痛、活动受限3月,患者3月前起无明显诱因出现腰部疼痛不适，自觉屈伸活动不适，活动受限，未予明显重视，症状反复。查腰椎MR提示腰椎骨折，经手术治疗后腰痛减轻，仍觉活动受限、不能长时间行走、活动，今为进一步治疗来我院就诊，门诊为进一步治疗收入住院。患者入院时神志清，精神一般，腰部酸痛，自觉屈伸受限，久坐、久站后加重，无下肢疼痛、放射痛，无尿便障碍，无行走障碍，病程中无肢体抽搐，纳食可，夜寐尚可，大便如常，小便如常。,神志清晰，精神尚可，形体适中，语言清晰，口唇红润；皮肤正常，无斑疹。头颅大小形态正常，无目窼下陷，白睛无黄染，耳轮正常，无耳瘘及生疮；颈部对称，无青筋暴露，无瘿瘤瘰疬，胸部对称，虚里搏动正常，腹部平坦，无癥瘕痞块，爪甲色泽红润，双下肢无浮肿，舌暗，苔白腻，脉弦滑。,0,0,0,0,1,1,0,0,0,0,2,气滞|血瘀
428623,train,风痰阻络证,auto,言语欠利、口角流涎3天,患者3天前出现言语欠利、左侧口角流涎，未予重视，症状持续不缓解，为求进一步中西医结合治疗至我院就诊，经门诊收住入院，入院时患者神清，精神欠佳，言语欠利，左侧口角流涎，无肢体不遂、无饮水呛咳，头晕间作，体位改变时诱发，伴视物旋转，持续数秒钟缓解，胸闷心慌时作，颈项酸痛，纳寐可，二便尚调。舌暗、苔白，脉弦滑。,神志清晰，精神欠佳，形体适中，语言含糊，口唇红润；皮肤色素沉着，无斑疹。头颅大小形态正常，无目窼下陷，白睛无黄染，耳轮正常，无耳瘘及生疮；颈部对称，无青筋暴露，无瘿瘤瘰疬，胸部对称，虚里搏动正常，腹部平坦，无癥瘕痞块，爪甲色泽红润，双下肢无浮肿，舌暗、苔白，脉弦滑。,0,0,0,0,0,0,1,0,1,0,2,内风|痰湿
442464,val,心血瘀阻证,auto,"反复胸闷痛8年余,加重3天。",患者自诉8年前无明显诱因下出现胸闷痛，位于心前区，手掌大小，伴心慌、汗出，气促憋喘，向肩背部放射，休息后症状改善不著，就诊于石河子市人民医院，结合心电图、心肌酶谱等检查，诊断“急性前壁心肌梗死”，予药物对症治疗后症状好转出院（具体用药不详），出院后就诊于徐州市中心医院，行CAG+PCI术，植入支架1枚后出院，出院后规律服用“阿司匹林、波立维”双联抗血小板聚集、“瑞舒伐他汀”稳斑调脂、“美托洛尔”宁心稳律等冠心病二级预防用药。2018年4月20日因胸闷痛再发就诊于石河子市人民医院，查心电图提示急性广泛前壁心梗，病程中患者反复室颤，先后行四次电复律后转为窦性心律，予抗凝、抗血小板聚集、调脂等对症治疗后症状好转出院。2018年4月27日于徐州市中心医院复查冠脉造影示：左主干未见明显狭窄，左前降支近段原支架内膜不规则，未见明显狭窄，近中段支架出口处狭窄20-30%，左回旋支管壁不规则，未见明显狭窄，右冠动脉近中段斑块浸润，狭窄约20%，术后对症处理后症状好转出院，出院后规律服用“阿司匹林、立普妥、倍他乐克、福辛普利”等药物。此次发作系3天前无明显诱因下感胸闷痛再发较前加重，伴阵发性心慌，倦怠乏力，今至我院就诊，为进一步诊治收住入院。入院时：患者心前区闷痛，痛有定处，入夜为甚，甚则心痛彻背，背痛彻心，偶有阵发性心慌，倦怠乏力，无恶心、呕吐，无黒朦及晕厥，纳可，大小便尚调，夜寐一般。舌质紫暗，有瘀斑，舌下瘀筋，苔薄，脉弦涩。,神志清晰，精神欠佳，形体适中，语言清晰，口唇发绀；皮肤正常，无斑疹。头颅大小形态正常，无目窼下陷，白睛无黄染，耳轮正常，无耳瘘及生疮；颈部对称，无青筋暴露，无瘿瘤瘰疬，胸部对称，虚里搏动正常，腹部平坦，无癥瘕痞块，爪甲色泽青紫，双下肢无浮肿。舌质紫暗，有瘀斑，舌下瘀筋，苔薄，脉弦涩。,0,0,0,0,0,1,0,0,0,0,1,血瘀
470414,train,痰瘀互结证,auto,头晕1周。,"患者1周前无明显诱因下突发头晕，与体位无明显关系，发作6次，每次持续数分钟后缓解，初未予重视及治疗,后症状持续时间较前增加,伴听力障碍,为进一步诊治遂至我院门诊,为进一步诊治收住院。入院时：患者神清，精神一般，无明显头晕，行走尚可，恶心偶作，无呕吐，无胃脘部不适，无恶寒发热，无晕厥黑朦，无肢体麻木、乏力，饮食一般，夜寐欠佳，二便可。",神志清晰，精神尚可，形体适中，语言清晰，口唇发绀；皮肤正常，无斑疹。头颅大小形态正常，无目窼下陷，无白睛，耳轮正常，无耳瘘及生疮；颈部对称，无青筋暴露，无瘿瘤瘰疬，胸部对称，虚里搏动正常，腹部膨隆，无癥瘕痞块，爪甲色泽：淡红，双下肢对称，舌质黯红，苔白腻，脉滑。,0,0,0,0,0,1,1,0,0,0,2,痰湿|血瘀
466419,train,血热证,auto,全身皮肤反复起红斑鳞屑10年，复发加重半年,"患者自诉10年前无明显诱因躯干皮肤出现大小不等的鳞屑性红斑，无瘙痒等不适，曾多次于我科门诊就诊，诊断为“银屑病”，给予药膏外涂等治疗，配合紫外线照射,2016年曾于我科住院治疗,以甘草酸苷、核糖核酸静滴及卡泊三醇软膏外涂治疗数日，皮疹消退后出院。10年来皮疹时有反复，患者自行购买天萃荷净软膏外用控制。半年前患者无明显诱因出现病情加重，原红斑丘疹较前变红，面积较前变大，偶有轻度瘙痒不适，自行外用药物，效果不明显，遂今日至我科门诊就诊要求住院治疗，患者否认近14天湖北疫区及本地发病区接触史，否认近14天新冠肺炎病人接触史，否认近14天接触过来自武汉市及周边或境内、境外疫情严重地区发热有呼吸道症状的患者，否认近14天发热、咳嗽、腹泻，门诊查血常规、肺部CT未见明显异常，排除新冠肺炎，遂收入院系统治疗。入院时患者精神及纳食可，睡眠一般，二便正常。",神志清晰，精神尚可，形体适中，语言清晰，口唇红润；躯干、四肢皮肤见红斑丘疹，以四肢为著。头颅大小形态正常，无目窼下陷，白睛无黄染，耳轮正常，无耳瘘及生疮；颈部对称，无青筋暴露，无瘿瘤瘰疬，胸部对称，虚里搏动正常，腹部平坦，无癥瘕痞块，爪甲色泽红润，双下肢无浮肿，舌暗红，苔白腻，脉弦滑。,0,0,0,0,0,0,0,0,0,1,1,实热
461946,test,气虚血瘀证,auto,反复胸闷心慌20年余，加重伴憋喘1天。,患者20余年前开始反复出现胸闷心慌不适，活动时明显加重，多次至外院就诊，2020.01患者因胸闷憋喘于我院住院治疗，行冠脉造影术，示：LM末端50%狭窄，延及LAD、中间支及LCX开口；LAD近中段约50-60%狭窄，D1近段90%狭窄；LCX中远段约90%狭窄，血管细小；RCA中段管壁不规则，约30-40%狭窄，TIMI血流2-3级。与家人沟通后，暂予药物保守治疗。术后患者长期口服抗血小板聚集、调脂稳斑、控制心室率等治疗。1天前患者再次出现胸闷心慌，伴憋喘，活动后加重，休息后症状好转，今日患者至我院就诊，为进一步诊治，遂收住入院，入院时：患者胸闷憋喘，活动后加重，休息后症状好转，心慌，无汗出，夜间不能平卧，无头晕头痛，无恶心呕吐，无视物旋转，无黒朦晕厥，无意识障碍，纳食欠佳，二便调，夜寐欠安。,神志清晰，精神尚可，形体适中，语言清晰，口唇红润；皮肤正常，无斑疹。头颅大小形态正常，无目窼下陷，白睛无黄染，耳轮正常，无耳瘘及生疮；颈部对称，无青筋暴露，无瘿瘤瘰疬，胸部对称，虚里搏动正常，腹部平坦，无癥瘕痞块，爪甲色泽红润，双下肢有浮肿，舌质淡紫，可见舌体胖且边有齿痕，苔薄白，脉虚细涩。,1,0,0,0,0,1,0,0,0,0,2,血瘀|气虚
448416,train,肝胃郁热证,auto,发现血糖升高伴口干10天,患者10天前体检发现血糖升高，空腹血糖 13.82mmol/L，糖化血红蛋白 10.4%，目前未服降糖药物，今为进一步诊治收住入院。病程中患者有口干，无多饮多尿，无双眼视物模糊，有头晕头痛，无心慌，偶有胸闷胸痛，无四肢麻木，刻下：患者神清，精神可，口干，纳食可，夜寐安，小便不适，大便干。,神志清晰，精神尚可，形体偏胖，语言清晰，口唇红润；皮肤正常，无斑疹。头颅大小形态正常，无目窼下陷，白睛无黄染，耳轮正常，无耳瘘及生疮；颈部对称，无青筋暴露，无瘿瘤瘰疬，胸部对称，虚里搏动正常，腹部平坦，无癥瘕痞块，爪甲色泽红润，双下肢无浮肿，舌质红，苔黄腻，脉弦滑。,0,0,0,0,1,0,0,0,0,1,2,气滞|实热
477659,train,气滞血瘀证,auto,摔伤致右腕部肿痛伴活动受限3小时,患者3小时前不慎摔倒，右手部着地，当即觉右侧腕部肿痛畸形，活动受限。急被送至本院急诊就诊，经询问病史及查体后，行相关影像学检查，结果回示：右侧尺、桡骨远端骨折。为进一步治疗，收入住院，现患者右侧腕部肿痛依然，活动受限。受伤以来无意识障碍，无胸闷胸痛，无腹胀腹痛，饮食睡眠可，大小便正常。,神志清晰，精神尚可，形体适中，语言清晰，口唇红润；皮肤正常，无斑疹。头颅大小形态正常，无目窼下陷，白睛无黄染，耳轮正常，无耳瘘及生疮；颈部对称，无青筋暴露，无瘿瘤瘰疬，胸部对称，虚里搏动正常，腹部平坦，无癥瘕痞块，爪甲色泽红润，双下肢无浮肿，舌淡红，苔白，脉弦。,0,0,0,0,1,1,0,0,0,0,2,气滞|血瘀
471932,train,肝胃郁热证,auto,上腹烧灼感间作三月,患者三月前无明显诱因出现上腹烧灼感，偶有上腹痛，自诉进食辛辣、生冷食物后后上腹烧灼感加重，无肩背部放射痛，有反酸、嗳气、腹胀及上腹部、胸骨后烧灼感，无恶心、呕吐，无发热，食欲欠佳，大便每日一次，无粘液、脓血便，近三月来患者上腹烧灼感反复发作，患者为求进一步诊治，今来我院，由门诊收入我科。病程中患者：无头晕，无心悸胸闷，纳可，睡眠可，小便正常，近期体重无明显变化，进食后感胃脘嘈杂，舌红苔白，脉弦。,神志清晰，精神尚可，形体形体适中，语言清晰，口唇红润；皮肤正常，无斑疹。头颅大小形态正常，无目窼下陷，白睛无黄染，耳轮正常，无耳瘘及生疮；颈部对称，无青筋暴露，无瘿瘤瘰疬，胸部对称，虚里搏动正常，腹部平坦，无癥瘕痞块，爪甲色泽红润，双下肢无浮肿，舌淡红，苔白，脉弦。,0,0,0,0,1,0,0,0,0,1,2,气滞|实热
480773,train,肝胃郁热证,auto,上腹疼痛1年余，又作1月,患者1年前无明显诱因出现上腹部疼痛，呈持续性隐痛，进食后则缓解，无肩背部放射痛，有反酸、嗳气、腹胀、上腹部烧灼感，无恶心、呕吐，无发热，食欲欠佳，大便每日一次，质粘不成形，无粘液、脓血便，至当地医院，口服药物（所用药物不祥）后症状好转。1年来患者上腹部疼痛症状反复发作，进食则缓解，无肩背部放射痛，有反酸、嗳气、腹胀、上腹部烧灼感，无恶心、呕吐，无发热，食欲欠佳，大便每日一次，质粘不成形，无粘液、脓血便，服用药物后症状好转。1月前患者上腹部疼痛症状又作，至当地医院，药物治疗后症状未见明显好转，患者为求进一步诊治，今来我院，由门诊收入我科。病程中患者：无头晕，无心悸胸闷，纳少，睡眠可，小便正常，舌红苔白，脉弦。,神志清晰，精神尚可，形体形体适中，语言清晰，口唇红润；皮肤正常，无斑疹。头颅大小形态正常，无目窼下陷，白睛无黄染，耳轮正常，无耳瘘及生疮；颈部对称，无青筋暴露，无瘿瘤瘰疬，胸部对称，虚里搏动正常，腹部平坦，无癥瘕痞块，爪甲色泽红润，双下肢无浮肿，舌淡红，苔白，脉弦。,0,0,0,0,1,0,0,0,0,1,2,气滞|实热
444268,train,湿热下注证,auto,肛内肿物外脱伴肿痛3天,"患者于入院前3天，出现因食辛辣醇厚且劳累后出现肛缘肿痛伴肛内肿物脱出,未予治疗，症情渐加重，遂来本院求治。刻下：肛内肿物脱出伴肿缘疼痛，坐卧不宁，行走不利。大便，日行1-2次，质硬，排出不畅，无便血，伴排便不尽及肛门坠胀感，无粘液便，小溲畅，无发热恶寒。纳食可，夜寐尚可，舌红，苔黄，脉滑数。",神志清晰，精神尚可，形体形体适中，语言清晰，口唇红润；皮肤正常，无斑疹。头颅大小形态正常，无目窼下陷，白睛无黄染，耳轮正常，无耳瘘及生疮；颈部对称，无青筋暴露，无瘿瘤瘰疬，胸部对称，虚里搏动正常，腹部平坦，无癥瘕痞块，爪甲色泽红润，双下肢无浮肿，舌红，苔黄，脉滑数。,0,0,0,0,0,0,0,1,0,0,1,湿热
476344,train,风痰阻络证,auto,语言含糊、错乱2日余,患者于2日前09-08日跌倒卧床后出现语言含糊、语言错乱，答非所问，遂至当地医院就诊，完善颅脑磁共振检查提示左侧颞叶新发脑梗塞，患者语言含糊、错乱症状较前加重，为求进一步中西医结合治疗遂至我院急诊就诊，急诊排除新冠肺炎感染后拟“中风病”收治入院，入院时症状：患者神志清，精神差，发热，语言含糊、错乱，答非所问，查体不配合，无躁动，自觉头颈部梗阻感，无明显肢体不遂，饮食差，大便排便不利，小便正好藏，夜寐一般。舌质红，苔白腻，脉弦。,神志清晰，精神差，形体适中，语言清晰，口唇红润；皮肤正常，无斑疹。头颅大小形态正常，无目窼下陷，白睛无黄染，耳轮正常，无耳瘘及生疮；颈部对称，无青筋暴露，无瘿瘤瘰疬，胸部对称，虚里搏动正常，腹部平坦，无癥瘕痞块，爪甲色泽红润，双下肢无浮肿，舌质红，苔白腻，脉弦。,0,0,0,0,0,0,1,0,1,0,2,内风|痰湿
453543,train,湿热瘀阻证,auto,下腹疼痛1周，加重1天。,患者患者近1周来无明显诱因下出现下腹疼痛不适，伴腰酸，带下量中，色稍黄，无异味，无瘙痒，未予重视；昨日腹痛较前明显加重，腰酸不显，劳累及性生活前后症状加重，遂今日至我院门诊就诊，予妇科检查提示盆腔炎症；现患者为求进一步综合治疗，由门诊拟“盆腔炎”收住入院；刻下：患者神清，精神可，偶有下腹疼痛伴腰酸，带下量中，色黄，无阴道出血，无恶心呕吐，纳食可，二便调，夜寐安，舌暗红，苔黄腻，脉滑数。,神志清晰，精神尚可，形体适中，语言清晰，口唇红润；皮肤正常，无斑疹。头颅大小形态正常，无目窼下陷，白睛无黄染，耳轮正常，无耳瘘及生疮；颈部对称，无青筋暴露，无瘿瘤瘰疬，胸部对称，虚里搏动正常，腹部平坦，无癥瘕痞块，爪甲色泽红润，双下肢无浮肿，舌暗红，苔黄腻，脉滑数。,0,0,0,0,0,0,0,1,0,0,1,湿热
420733,val,肝胃不和证,auto,上腹部胀痛间作伴胃内烧灼感三十年,患者三十年前因胆囊结石行胆囊切除术，术后遗留胆汁反流，觉胃胀痛间作，伴胃内烧灼感，间断口服吗丁啉、奥美拉唑等药物对症治疗，效果尚可，三十年来症状反复，无明显好转，未系统治疗，去年曾行电子胃镜示慢性浅表性胃炎（未见报告），今为求中西医结合进一步诊治再来我院，门诊遂拟慢性胃炎收住入院。病程中患者上腹部胀痛，伴胃内烧灼感，口干，食欲尚可，无发热、黄疸，无吞咽困难，无呕血、黑便，无腹泻，食纳尚可，睡眠欠佳，大小便正常，近一年消瘦十余斤。,神志清晰，精神尚可，形体形体适中，语言清晰，口唇红润；皮肤正常，无斑疹。头颅大小形态正常，无目窼下陷，无白睛，耳轮正常，无耳瘘级生疮；颈部对称，无青筋暴露，无瘿瘤瘰疬，胸部对称，虚里搏动正常，腹部平坦，无癥瘕痞块，爪甲色泽红润，双下肢对称，舌质红，苔薄黄，脉弦。,0,0,0,0,1,0,0,0,0,0,1,气滞
457114,train,湿热下注证,auto,肛内肿物外脱伴肿痛5天,"患者于入院前5天，出现因食辛辣醇厚且劳累后出现肛缘肿痛伴肛内肿物脱出,未予治疗，症情反复发作渐加重，遂来本院求治。刻下：肛内肿物脱出伴肿缘疼痛，坐卧不宁，行走不利。大便日行1次，质硬，排出畅，伴便血，量少,色鲜红,伴排便不尽及肛门坠胀感，无粘液便，小溲畅，无发热恶寒。纳食可，夜寐尚可，舌红，苔黄，脉滑数。",神志清晰，精神尚可，形体适中，语言清晰，口唇红润；皮肤正常，无斑疹。头颅大小形态正常，无目窼下陷，白睛无黄染，耳轮正常，无耳瘘及生疮；颈部对称，无青筋暴露，无瘿瘤瘰疬，胸部对称，虚里搏动正常，腹部平坦，无癥瘕痞块，爪甲色泽红润，双下肢无浮肿，舌淡红，苔白，脉滑数。,0,0,0,0,0,0,0,1,0,0,1,湿热
474487,train,气虚血瘀证,auto,反复胸闷1年余，加重伴头晕2天。,患者1年余前无明显诱因反复出现胸闷，位于心前区，活动未见加重，持续时间可达1天，未予重视。近2日感症状再发，伴头晕，颈部僵硬，心慌、乏力，遂今至我院门诊就诊，完善血常规、胸部CT、新冠核酸检测排除新冠肺炎后，为进一步诊治收入我科。入院时：患者时有胸闷，善太息，心悸气短，动则益甚，倦怠乏力，时有头晕，颈部僵硬，偶有咳嗽、咽痒，无咳痰，无头痛及视物旋转，无黑矇、晕厥，无胸痛及其他部位放射痛，无恶心呕吐，无畏寒、发热，纳可，小便正常，大便稀溏，夜寐尚可。,神志清晰，精神尚可，形体适中，语言清晰，口唇发绀；皮肤正常，无斑疹。头颅大小形态正常，无目窼下陷，白睛无黄染，耳轮正常，无耳瘘及生疮；颈部对称，无青筋暴露，无瘿瘤瘰疬，胸部对称，虚里搏动正常，腹部平坦，无癥瘕痞块，爪甲色泽红润，双下肢无浮肿，舌质淡紫，苔薄白，脉虚细涩。,1,0,0,0,0,1,0,0,0,0,2,血瘀|气虚
478881,train,正虚瘀结证,auto,右肺腺癌1年，末次化疗后21天。,患者2019-09因“腰痛”到启东中医院，查脊椎MR：胸12、腰1-2、腰4-5、骶2多发异常低信号灶；腰2-5椎间盘膨隆。经牵引治疗好转。2019-10-07至铜山中医院进一步诊疗，胸部CT提示右肺CA，双肺转移、骨转移、右颈部淋巴结转移。遂行右颈部淋巴结穿刺，病理提示肺腺癌。2019-10-12在我院查头颅CT：左顶叶小片稍低密度，建议结合MR、CT；颈3-4椎间盘轻度突出；颈5-7椎间盘轻度膨出；胸1椎体低密度影，不排除转移瘤，建议：结合MR检查；右锁骨后及颈部多发增大淋巴结。2019-10-14在我院彩超室行彩超引导下右颈部包块穿刺，基因检测结果回示EGFR(+)，建议靶向治疗，家属表示需考虑。2019-10-17、2019-11-08、2019-11-29、2019-12-23行PC方案化疗4程，具体：培美曲塞 0.8g d1 + 卡铂 0.5g d1，q21d，最佳疗效SD。2020-01-15胸腹部CT：右肺Ca伴肺内多发转移，转移瘤局部略显（2019-11-27）；右肺上叶肺大泡；肝脏钙化灶；右肾窦致密影，考虑：钙化灶；多发骨转移瘤，局部较前明显，建议随诊。评价病情进展，再次建议靶向治疗，家属同意。2020-01-17开始口服吉非替尼（250mg qd）靶向治疗。2019-10-21起定期行唑来膦酸抑制骨破坏。2020-07入院查CEA 10.17ng/ml↑。头颅CT：颅脑平扫未见明确异常。胸部CT：与前片（2020-04-16）比较：右肺Ca伴肺内多发转移；原发灶较前稍缩小，转移瘤较前部分缩小；右肺上叶肺大泡；多发骨转移瘤，部分较前新增，建议随诊。腹部CT ：肝脏钙化灶；右肾窦致密影，考虑：结石/钙化灶，请结合彩超；所见胸腰椎及肋骨多发转移瘤，较前（2020-1-15）病灶大小变化不明显。颈椎MR：1.C3-4椎间盘中央偏右型突出；2.C5-6椎间盘中央型突出；3.C6-7椎间盘中央偏左型突出；4.颈部椎间盘变性；5.颈椎退行性变；6.T1、T3椎体内异常信号，转移瘤可能。疗效评价PD。行T790M检测：阴性，后患者继续口服吉非替尼。患者1月前因颈部、背部疼痛加重，伴双下肢酸痛、无力，入院复查胸部CT：与前片（2020-07-21）比较：右肺Ca伴肺内多发转移，变化不明显。右肺上叶肺大泡；多发骨转移瘤，大致同前。上腹部CT：所见胸腰椎及肋骨多发转移瘤，较前（2020-7-21）病灶大小变化不明显。颈椎MR：1.C3-4、5-7椎间盘中央型突出。2.颈椎骨质增生、椎间盘变性。腰椎MR：检查结论 1.L1-5椎体异常信号，考虑：转移瘤。2.腰椎骨质增生、椎间盘变性。胸椎MR：检查结论 1.胸椎多发异常信号，考虑：转移瘤。2.胸椎骨质增生、椎间盘变性。癌胚抗原(CEA) 14.09ng/ml↑。定期予唑来膦酸抑制骨破坏，末次09-21。排除禁忌，调整治疗方案，于09-22予白蛋白紫杉醇400mg d1+卡铂500mg d1化疗1周期。现为行下周期化疗入院。入院时，患者乏力明显，活动后气短，头痛，颈部、背部、腰部疼痛，NRS评分2-3分，偶有头晕，恶心、呕吐，无咳嗽、咳痰，无畏寒、发热，无胸闷、憋喘，饮食欠佳，睡眠一般，二便调，近期体重无明显减轻。,神志清晰，精神尚可，形体适中，语言清晰，口唇红润；皮肤正常，无斑疹。头颅大小形态正常，无目窼下陷，白睛无黄染，耳轮正常，无耳瘘及生疮；颈部对称，无青筋暴露，无瘿瘤瘰疬，胸部对称，虚里搏动正常，腹部平坦，无癥瘕痞块，爪甲色泽红润，双下肢无浮肿，舌淡红，苔白，脉细弱。,1,0,0,0,0,1,0,0,0,0,2,血瘀|气虚
470715,train,湿热下注证,auto,肛内肿物外脱伴肿痛1周,"患者于入院前1周，出现因食辛辣醇厚且劳累后出现肛缘肿痛伴肛内肿物脱出,未予治疗，症情反复发作渐加重，遂来本院求治。刻下：肛内肿物脱出伴肿缘疼痛，坐卧不宁，行走不利。大便日行1次，质硬，排出畅，无便血，伴排便不尽及肛门坠胀感，无粘液便，小溲畅，无发热恶寒。纳食可，夜寐尚可，舌红，苔黄，脉滑数。",神志清晰，精神尚可，形体适中，语言清晰，口唇红润；皮肤正常，无斑疹。头颅大小形态正常，无目窼下陷，白睛无黄染，耳轮正常，无耳瘘及生疮；颈部对称，无青筋暴露，无瘿瘤瘰疬，胸部对称，虚里搏动正常，腹部平坦，无癥瘕痞块，爪甲色泽红润，双下肢无浮肿，舌淡红，苔白，脉滑数。,0,0,0,0,0,0,0,1,0,0,1,湿热
477240,train,正虚瘀结证,auto,结肠癌术后3年余，乏力1周。,患者2017初因便血、腹痛，查腹部CT提示结肠癌，2017-03在全麻下行右半结肠切除术+胆囊切除+肝转移瘤切除（2枚）+肠粘连松解术，2017-03-30术后病理示：右半结肠浸润溃疡型中-低分化腺癌（双灶），侵犯肠壁全层达周围脂肪，肠系膜淋巴结未见癌转移，肝见腺癌转移。术后恢复可，化疗5次，化疗后毒副反应可耐受，末次化疗时间2017-10，后一直于我院门诊口服中药治疗，2018-10-09查胸腹部CT示：右肺中叶散在小结节，较2018-04-06片变化不明显，两肺散在慢性炎性病变。结肠癌术后改变，较前变化不著，胆囊窝区类囊性低密度影，伴高密度结节，较前略多。2019-05-17查胸部CT：两肺支气管肺炎可能。右肺中叶小结节。腹部CT：胆囊区小囊袋伴致密影，考虑胆囊萎缩伴结石、术后改变不排除。十二指肠降段局部肠壁增厚。前列腺钙化灶。结肠术后表现，结肠积粪较多，乙状结肠冗长。2019-12复查CT结合肿瘤指标提示病情稳定，近1周患者感乏力，今来我院，门诊查新冠病毒核酸检测阴性，为进一步中西医治疗来诊我院。入院时患者乏力，无腹痛腹胀，无呕血黑便，食纳精神可，大小便正常，发病以来体重无明显减轻。,神志清晰，精神尚可，形体适中，语言清晰，口唇红润；皮肤正常，无斑疹。头颅大小形态正常，无目窼下陷，白睛无黄染，耳轮正常，无耳瘘及生疮；颈部对称，无青筋暴露，无瘿瘤瘰疬，胸部对称，虚里搏动正常，腹部平坦，无癥瘕痞块，爪甲色泽红润，双下肢无浮肿，舌淡红，苔白，脉弦。,1,0,0,0,0,1,0,0,0,0,2,血瘀|气虚
433676,train,气滞血瘀证,auto,左踝骨折术后1年余要求取除内固定,患者1年余前因在家不慎扭伤致左踝部骨折在我院行手术治疗，术后患者康复良好，定期复查X线见：左三踝骨折内固定术后表现，未见骨折线。今为取出内固定物来院求治，为行手术治疗收住院。刻下患者一般情况可，左踝无明显肿胀，足踝活动良好。,神志清晰，精神尚可，形体适中，语言清晰，口唇红润；皮肤正常，无斑疹。头颅大小形态正常，无目窼下陷，白睛无黄染，耳轮正常，无耳瘘及生疮；颈部对称，无青筋暴露，无瘿瘤瘰疬，胸部对称，虚里搏动正常，腹部平坦，无癥瘕痞块，爪甲色泽红润，双下肢无浮肿，舌淡红，苔薄白，脉平。,0,0,0,0,1,1,0,0,0,0,2,气滞|血瘀
480227,train,气阴两虚证,auto,发现血糖升高5年，伴尿频尿急半月,"患者5年前体检时发现血糖升高，多次复诊后诊断为2型糖尿病，2年前始口服降糖药物“西格列汀 1片 qd”.未曾皮下注射胰岛素治疗。1月前改降糖方案为：“沙格列汀1片 qd,伏格列波糖半片 tid”，血糖波动于空腹血糖7mmol/l，餐后2h血糖11mmol/l；半月前患者感尿频尿急尿痛，查尿常规示尿白细胞3+,尿蛋白+-，口服左氧氟沙星1周后，上述症状明显好转。但复查尿蛋白仍升高，就诊于我科门诊，今患者为求进一步系统治疗，由门诊收入住院。病程中感口干多饮，烦躁易怒，头晕头昏，困倦乏力，未感视物模糊，未感四肢麻木，大便干，小便频，尿不尽，睡眠欠佳，饥饿感明显，食欲可。",神志清晰，精神尚可，形体适中，语言清晰，患者口唇红润；皮肤正常，无斑疹。头颅大小形态正常，无目窼下陷，白睛无黄染，耳轮正常，无耳瘘及生疮；颈部对称，无青筋暴露，无瘿瘤瘰疬，胸部对称，虚里搏动正常，腹部平坦，无癥瘕痞块，爪甲色泽苍白，双下肢无浮肿，舌质紫暗，苔薄白干，脉虚细无力。,1,0,1,0,0,0,0,0,0,0,2,阴虚|气虚
438129,test,湿热瘀阻证,auto,下腹部疼痛不适间作1月。,患者平素月经尚规则，32-40天一行，5-7天净，经量少，色暗红，偶有血块，中度痛经，G2P1，LMP：2019-06-20，行经至今，量少，色质如常。患者1月前无明显诱因下出现小腹疼痛不适伴腰酸，带下量多，色黄稠，无异味，经期加重，伴腰部酸痛甚、大腿外侧疼痛，今日至我院门诊就诊，查妇科检查:宫体：前位，饱满，压痛明显；附件：右附件区压痛，左侧附件区未及明显异常，提示：“盆腔炎”，妇科彩超：宫腔三维未见明显异常；子宫肌瘤伴宫颈纳囊；子宫较小囊性结构，疤痕憩室；双侧卵巢未见明显异常（经阴道三维超声探查：子宫前位，宫体大小：49*39*46mm，形态正常，表面光滑，宫颈见12*7mm低回声，余肌层回声均匀，内膜厚8.4mm。宫腔三维成像：厚薄均匀一致，宫腔线居中，内膜呈倒三角形。双侧宫角可显示，形态正常，宫腔内未见明显占位。宫颈见多枚囊性回声，较大4*3mm，子宫下段相当于剖宫产疤痕处见10.2*5.6mm不规则囊性暗区，子宫最薄距浆膜层约4mm。右卵巢大小：27*16mm，左侧卵巢大小：28*18mm，双侧卵巢大小形态正子宫直肠窝未见液性暗区），现为行进一步综合治疗，由门诊收入我科，刻下：患者神清，精神可，下腹偶有隐痛不适，时有腰酸不适，阴道少量褐色出血，无寒热，纳食可，二便调畅，舌红，苔薄黄，脉滑数。,神志清晰，精神尚可，形体适中，语言清晰，口唇红润；皮肤正常，无斑疹。头颅大小形态正常，无目窼下陷，白睛无黄染，耳轮正常，无耳瘘及生疮；颈部对称，无青筋暴露，无瘿瘤瘰疬，胸部对称，虚里搏动正常，腹部平坦，无癥瘕痞块，爪甲色泽红润，双下肢无浮肿，舌红，苔薄黄，脉滑数。,0,0,0,0,0,0,0,1,0,0,1,湿热
445504,train,肝胃郁热证,auto,左腹疼痛间作三年，加重一月,患者三年前无明显诱因出现左下腹痛，呈间断性隐痛，伴上腹部不适，进食后腹痛稍缓解，无明显肩背部放射痛，反酸、嗳气及胸骨后烧灼感偶作，无明显腹胀，恶心干呕偶作，无呕吐，无发热，食纳欠佳，夜寐尚安，小便调，大便日行一次，色黄不成形，无粘液脓血，当时未予重视，未行相关检查或治疗。三年来患者左腹疼痛症状间作，一月前腹痛较前加重，为求进一步诊治，今来我院，由门诊收入我科。入院时患者：左腹疼痛，呈间断性隐痛，伴上腹不适，无肩背部放射痛，反酸、嗳气及胸骨后烧灼感偶作，无腹胀，恶心偶作，无呕吐，无发热，无头晕，无心悸胸闷，食纳欠佳，夜寐尚安，小便调，近期体重无明显变化，舌红苔黄，脉弦。,神志清晰，精神尚可，形体适中，语言清晰，口唇红润；皮肤正常，无斑疹。头颅大小形态正常，无目窼下陷，白睛无黄染，耳轮正常，无耳瘘及生疮；颈部对称，无青筋暴露，无瘿瘤瘰疬，胸部对称，虚里搏动正常，腹部平坦，无癥瘕痞块，爪甲色泽红润，双下肢无浮肿，舌红，苔黄，脉弦。,0,0,0,0,1,0,0,0,0,1,2,气滞|实热
428504,val,气虚血瘀证,auto,头晕头昏反复发作1月余,患者1月前无明显诱因突然出现头晕头昏，言语流利，无口角歪斜，无饮水呛咳及肢体麻木，患者遂至当地诊所挂水治疗，具体不详，病情未见明显缓解，现患者头晕头昏始终未有明显改善，且自觉逐渐加重，现患者为求进一步系统诊疗，至我科门诊就诊，考虑患者素有“脑梗死”病史，现暂拟脑梗死收住入院。现患者神清，精神可，对答切题，时有头晕头昏，言语清晰流利，无饮水呛咳，时有胸闷心悸，无发热恶寒、咳嗽咯痰，饮食尚可，无泛酸烧心、腹胀腹痛，二便尚调，夜寐尚可。,神志清晰，精神尚可，形体适中，语言清晰，皮肤正常，无斑疹。头颅大小形态正常，无目窼下陷，无白睛，耳轮正常，无耳瘘及生疮；颈部对称，无青筋暴露，无瘿瘤瘰疬，胸部对称，虚里搏动正常，腹部平坦，无癥瘕痞块，爪甲色泽红润，双下肢对称，舌淡暗，苔薄，脉弦细。,1,0,0,0,0,1,0,0,0,0,2,血瘀|气虚
434014,train,湿热下注证,auto,肛内肿物外脱伴肿痛便血1年,"患者1年来反复出现肛内肿物外脱伴肿痛,未予治疗，大便一日一行，质硬，排出不畅，伴便血，鲜血，量多，无排便不尽及肛门坠胀感，无粘液便，小溲畅，无发热恶寒。纳食可，夜寐尚可。舌淡红，苔白，脉数。",神志清晰，精神尚可，形体适中，语言清晰，口唇红润；皮肤正常，无斑疹。头颅大小形态正常，无目窼下陷，白睛无黄染，耳轮正常，无耳瘘及生疮；颈部对称，无青筋暴露，无瘿瘤瘰疬，胸部对称，虚里搏动正常，腹部平坦，无癥瘕痞块，爪甲色泽红润，双下肢无浮肿，舌淡红，苔白，脉数。,0,0,0,0,0,0,0,1,0,0,1,湿热
470849,train,湿热蕴结证,auto,全身反复起红斑丘疹伴瘙痒4月余，复发加重1周。,患者4个月前无明显诱因双足踝部出现少量粟粒大小丘疹，并感瘙痒，迅速向上蔓延至颈部，于徐州市四院就诊，考虑“湿疹”，予得宝松肌注，地奈德乳膏外用，贝芬、依巴斯汀、甘草酸苷片口服，皮疹消退。2月前躯干、四肢再次出现大量丘疹及黄豆至蚕豆大小不等的红斑，伴瘙痒明显，下午少量新起，逐渐增多，次日晨起消退，再次至徐州市四院就诊，考虑“荨麻疹”，予氟替卡松外用，贝芬、甘草酸苷片、甲泼尼龙片口服，地塞米松、甘草单铵静滴，皮疹消退。1周前四肢、躯干再次出现大量红斑丘疹，逐渐加重，泛发至头皮、腹股沟及肛周，时有剧烈瘙痒、刺痒，傍晚尤著，晨起部分消退减轻，今至我科门诊就诊，为求进一步诊治，遂至我科住院治疗。患者否认近14天湖北疫区及本地发病区接触史，否认近14天新冠肺炎病人接触史，否认近14天接触过来自武汉市及周边或境内、境外疫情严重地区发热有呼吸道症状的患者，否认近14天发热、咳嗽、腹泻，查血常规、新型冠状病毒核酸检测、肺部CT未见明显异常，排除新冠肺炎，遂收入院系统治疗。入院时患者无发热不适，精神及纳食可，睡眠欠安，二便自调。,神志清晰，精神尚可，形体适中，语言清晰，口唇红润；皮肤同前，有斑疹。头颅大小形态正常，无目窼下陷，白睛无黄染，耳轮正常，无耳瘘及生疮；颈部对称，无青筋暴露，无瘿瘤瘰疬，胸部对称，虚里搏动正常，腹部平坦，无癥瘕痞块，爪甲色泽红润，双下肢无浮肿，舌质红，苔黄腻，脉弦滑。,0,0,0,0,0,0,0,1,0,0,1,湿热
425170,train,正虚毒瘀证,auto,胃癌术后7月，腹胀1月余，加重1周。,患者2018年6月反复出现上腹部疼痛，消瘦，至徐州市肿瘤医院查胃镜提示胃潴留，胃窦占位。病理回示：（胃窦）腺癌。考虑胃癌伴幽门梗阻，遂于2018-08-09再全麻下行腹腔镜远端胃癌根治术（毕I式吻合），术中探查幽门部肿块5*5cm，幽门部梗阻，胃扩张，胃周多发淋巴结肿大。手术病理示：“远端胃+大网膜切除标本”胃窦部溃疡型中低分化腺癌，侵犯深肌层，上、下切缘及大网膜组织未见癌。淋巴结23枚，免疫组化标记11/24枚转移，（7/17小弯侧，4/7大弯侧）。术后分期pT2N3M0，建议术后予奥沙利铂+替吉奥化疗6-8周期。患者术后出现眩晕、反应迟钝、视物模糊，伴记忆力下降，至徐州市中心医院就诊，行头颅CT及腰椎穿刺等检查，考虑wernick脑病，予改善循环、营养神经等对症治疗，后患者因反复眩晕、抽搐于神经内科住院诊治，未予术后化疗。2019-02-11复查胃镜回示：残胃炎伴糜烂；胃大部切除术后改变；胃潴留。2019年2月患者因再次出现全身抽搐入住我院神经内科，住院期间患者反复腹胀、纳差，行全腹部CT平扫示肠腔扩张，大量积粪、积液，腹腔转移、梗阻不能排除，且患者腹壁见多发皮下结节，考虑腹壁转移可能性大，遂转至我科继续治疗，经中药灌肠、保肝降酶、营养支持等治疗后好转出院。1周前患者自觉腹胀加重，2019-03-06于我院行腹部B超提示大量腹水，现患者为求进一步治疗入住我科。入院时：患者腹胀、纳差，乏力明显，反应迟钝、健忘，时有错语，腹壁及背部见多发散在皮下结节，无恶寒发热，无明显头晕头痛，无腹痛腹泻，小便量少，便秘，夜寐欠安，双下肢无明显水肿。,神志清晰，精神尚可，形体偏瘦，语言清晰，口唇红润；皮肤正常，无斑疹。头颅大小形态正常，无目窼下陷，白睛无黄染，耳轮正常，无耳瘘及生疮；颈部对称，无青筋暴露，无瘿瘤瘰疬，胸部对称，虚里搏动正常，腹部膨隆，双下肢无浮肿，舌淡红，苔白，脉细。,1,0,0,0,0,1,0,0,0,0,2,血瘀|气虚
461688,train,风痰阻络证,auto,头晕、语言含糊3小时余,患者约3小时前出现头晕、语言含糊，症状持续无缓解，遂至我院门诊就诊，完善胸部CT、血常规排除新冠肺炎表现后，由门诊收住入院，入院时患者神志清，头晕昏沉，语言含糊不清，左侧肢体麻木，行走不稳，偶有胸闷不适，无恶心呕吐，无意识障碍，无肢体抽搐，纳食一般，二便调，夜寐差，易醒，多梦，苔腻，脉弦。,神志清晰，精神尚可，形体适中，语言清晰，口唇红润；皮肤正常，无斑疹。头颅大小形态正常，无目窼下陷，白睛无黄染，耳轮正常，无耳瘘及生疮；颈部对称，无青筋暴露，无瘿瘤瘰疬，胸部对称，虚里搏动正常，腹部平坦，无癥瘕痞块，爪甲色泽红润，双下肢无浮肿，舌淡红，苔白腻，脉弦。,0,0,0,0,0,0,1,0,1,0,2,内风|痰湿
418631,train,肾虚督寒证,auto,腰背疼痛4月，加重伴腹股沟疼痛2月,患者4月前无明显诱因出现腰背疼痛，发作时弯腰受限，伴有夜间痛，多为下半夜，未予重视，后频繁发作，并出现胸骨柄处疼痛，亦未予重视。2月前症状加重，出现臀区、双侧腹股沟疼痛，至我院骨科治疗，查HLA-B27（+），考虑为“强直性脊柱炎”，予以静滴地塞米松后症状缓解，出院后未再用药，再次疼痛加重，至我科门诊求治，予以益赛普控制病情治疗，症状改善，现按疗程再次收住入院，继续予以益赛普治疗。病程中纳食可，二便调，夜寐欠安，无发热，无咳嗽咯痰，无腹痛腹泻，无口腔溃疡，无雷诺征。,神志清晰，精神尚可，形体适中，语言清晰，口唇红润；皮肤正常，无斑疹。头颅大小形态正常，无目窼下陷，无白睛，耳轮正常，无耳瘘及生疮；颈部对称，无青筋暴露，无瘿瘤瘰疬，胸部对称，虚里搏动正常，腹部平坦，无癥瘕痞块，爪甲色泽红润，双下肢无浮肿，舌淡红，苔薄白，脉细数。,0,0,0,1,0,0,0,0,0,0,1,阳虚
455218,train,肝肾亏虚证,manual_disambiguated,右胁部胀痛半年，双手抖动一天,患者半年前无明显诱因出现右胁部胀痛不适，曾入住我科诊断：1、肝性脑病2、肝硬化3、2型糖尿病，经保肝、利尿、促进血氨代谢治疗后症状缓解，出院后长期服用熊去氧胆酸胶囊1粒，bid，现患者仍有右胁部胀满，一天前出现双手不自主抖动，诉牙龈少量出血，意识清楚，反应正常，今为求中西医结合进一步诊治再来我院，门诊遂拟肝硬化收住入院。病程中患者右胁部胀痛，双手偶发震颤，牙龈少量出血，大便未解，小便正常。,神志嗜睡，精神差，形体形体适中，语言含糊，口唇红润；皮肤正常，无斑疹。头颅大小形态正常，无目窼下陷，无白睛，耳轮正常，无耳瘘级生疮；颈部对称，无青筋暴露，无瘿瘤瘰疬，胸部对称，虚里搏动正常，腹部平坦，无癥瘕痞块，爪甲色泽红润，双下肢对称舌质红。,0,0,1,0,0,0,0,0,0,0,1,阴虚
445299,train,痰湿蕴肺证,auto,反复咳喘3余年，加重半月。,"患者3年前受凉后出现咳嗽、咳痰、喘憋，于当地医院就诊，予以对症治疗后改善。此后3年间，咳嗽、咳痰及喘憋症状反复发作，多在受凉及季节交替时加重，每年发作时间超过3个月，诊断为“慢性支气管炎”，予以药物化痰、止喘及消炎等对症治疗后改善。半月前因受凉后出现胸闷气喘,活动后加重，咳嗽，咳黄白粘痰，夜间无喉间喘鸣。于当地医院输液治疗,效果欠佳；门诊以“慢性支气管炎”收入我区住院系统治疗。近半月来，患者神志清，精神可，时有头晕，咳嗽、咳痰、气喘，无发热，无胸痛，吞咽困难，睡眠可，二便正常。",神志清晰，精神尚可，形体适中，语言清晰，口唇红润；皮肤正常，无斑疹。头颅大小形态正常，无目窼下陷，白睛无黄染，耳轮正常，无耳瘘及生疮；颈部对称，无青筋暴露，无瘿瘤瘰疬，胸部对称，虚里搏动正常，腹部平坦，无癥瘕痞块，爪甲色泽红润，双下肢无浮肿，舌淡红，苔白，脉滑。,0,0,0,0,0,0,1,0,0,0,1,痰湿
478453,train,脾虚证,auto,反复带下量多1年。,"患者月经周期规则，6/28,量中等，色红，偶有血块，无痛经。G1P1，工具避孕。LMP：2020-09-25，量色质同平素。患者近1年余反复出现带下量多明显，1年前于徐州第一人民医院体检发现宫颈HPV16感染,,TCT未见上皮内病变或恶性细胞，予阴道用干扰素治疗，2020年10月至徐州市第一人民医院复查查宫颈HPV,提示HPV16感染，行阴道镜宫颈活检病理示宫颈慢性炎。患者平素无同房后出血,偶有同房时阴道疼痛。今年9月于徐州医科大学附属医院复查宫颈HPV检测，提示HPV16阳性，遂今日至我院门诊就诊，患者要求进一步综合治疗，由门诊排除新冠肺炎后拟“HPV16感染”收治入院。刻下：患者神清，精神可，带下量稍多，色浓稠，无异常气味，无腹痛及腰酸，无阴道出血，无寒热往来，无头晕头痛，无肛门下坠感，纳可，寐安，二便调。",神志清晰，精神尚可，形体适中，语言清晰，口唇红润；皮肤正常，无斑疹。头颅大小形态正常，无目窼下陷，白睛无黄染，耳轮正常，无耳瘘及生疮；颈部对称，无青筋暴露，无瘿瘤瘰疬，胸部对称，虚里搏动正常，腹部平坦，无癥瘕痞块，爪甲色泽红润，双下肢无浮肿，舌淡，苔白，脉细缓。,1,0,0,0,0,0,0,0,0,0,1,气虚
469228,train,气虚血瘀证,auto,胸闷心慌间作2天,患者诉2天前无明显诱因出现胸闷心慌不适，诉症状发作时可及明显心跳，伴周身乏力，短气，诉无明显胸痛放射痛，诱因不显，每次持续半小时左右，休息后缓解。未行诊治，后症状再作，病情渐重。今为求系统治疗，遂至我院就诊。门诊诊断考虑“冠心病？心律失常？”，予完善血常规、新冠抗体、胸部CT暂排新冠肺炎后收入我科。入院时：患者神清，精神欠佳，诉胸闷气短，四肢乏力，稍感心慌不适，无胸痛放射痛，无发热咳嗽，无头晕头痛，无恶心呕吐，无腹胀腹痛。纳谷不香，夜寐欠佳，入睡困难，眠浅易醒，二便尚调。,神志清晰，精神欠佳，形体偏瘦，语言清晰，口唇红润；皮肤正常，无斑疹。头颅大小形态正常，无目窼下陷，白睛无黄染，耳轮正常，无耳瘘及生疮；颈部对称，无青筋暴露，无瘿瘤瘰疬，胸部对称，虚里搏动正常，腹部平坦，无癥瘕痞块，爪甲色泽红润，双下肢无浮肿，舌质紫有瘀点，苔薄白，脉细涩。,1,0,0,0,0,1,0,0,0,0,2,血瘀|气虚
450420,train,肝肾阴虚证,auto,"反复头晕头昏40年余,加重1周","患者40年余前无明显诱因出现头晕、头昏，无视物旋转，无恶心呕吐，发病时曾在当地医院就诊，多次测量血压偏高，诊治为“高血压病”，平素口服“缬沙坦氢氯噻嗪 80mg  1/日、缬沙坦 80mg 1/晚、硝苯地平控释片 30mg 2/日”，血压近日波动明显，1周前患者突感头晕频作，头昏时作,头重如裹，午后为著,耳鸣，胸闷不显，心慌阵作，无胸痛放射痛,伴气短，全身乏力，无恶心呕吐，双下肢膝关节以下麻木，偶有疼痛，即来我院门诊就诊，为进一步检查治疗收住入院。病程中患者双侧膝关节疼痛，腰部酸痛，视物模糊,记忆力减退，无恶寒发热，无四肢抽搐，无饮水呛咳，无夜间憋醒，无腹胀腹痛,纳食一般，夜寐欠佳，大便难解，尿频。",神志清晰，精神差，形体适中，语言清晰，口唇发绀；皮肤正常，无斑疹。头颅大小形态正常，无目窼下陷，白睛无黄染，耳轮正常，无耳瘘及生疮；颈部对称，无青筋暴露，无瘿瘤瘰疬，胸部对称，虚里搏动正常，腹部膨隆，无癥瘕痞块，爪甲色泽红润，双下肢有浮肿，舌质红，苔白，脉弦。,0,0,1,0,0,0,0,0,0,0,1,阴虚
481071,train,肝肾不足证,manual_disambiguated,右眼视物不清渐重2年,"患者2年无明显诱因自觉左眼视物不清逐渐加重,无眼红眼痛,无畏光流泪,无视物变形,患者未予重视，未进行任何诊治，近来，右眼视物不清明显严重，眼前辨容困难，自觉影响日常生活，今来我院眼科求治，门诊检查后，拟以“右眼白内障”收入院。刻下：右眼视物不清，无红不痛，腰膝酸软，时有耳鸣，手足心热，夜寐安，纳佳，二便调。",腰膝酸软，时有耳鸣头晕，神疲乏力，手足心热，舌红苔少，脉细数。,1,1,1,0,0,0,0,0,0,0,3,阴虚|血虚|气虚
427803,train,阳虚水泛证,auto,活动后胸闷憋喘1年，加重1天,"患者1年前反复出现胸闷、憋喘，活动后明显，伴气短乏力，纳食减少，夜间尚可平卧，下肢浮肿,夜寐差，来我院就诊，诊断为扩张型心肌病，给予强心、利尿、扩血管等治疗，好转出院。1天前，患者上述症状反复发作，且呈加重趋势，遂今日至我院就诊，为进一步诊治，拟“扩张型心肌病”收住入院。入院时：患者憋喘、呼吸困难，端坐呼吸，不能平卧，夜间发作性呼吸困难，咯吐白色泡沫痰，心悸怔忡，双下肢浮肿，纳食较前减少，大小便尚调，夜寐欠佳。",神志清晰，精神尚可，形体适中，语言清晰，口唇红润；皮肤正常，无斑疹。头颅大小形态正常，无目窼下陷，白睛无黄染，耳轮正常，无耳瘘及生疮；颈部对称，无青筋暴露，无瘿瘤瘰疬，胸部对称，虚里搏动正常，腹部平坦，无癥瘕痞块，爪甲色泽红润，双下肢有浮肿，舌暗淡，体胖，苔白厚腻，脉沉迟。,0,0,0,1,0,0,0,0,0,0,1,阳虚
467042,train,湿热下注证,auto,肛内肿物外脱伴肿痛4天,"患者于入院前4天，出现因食辛辣醇厚且劳累后出现肛缘肿痛伴肛内肿物脱出,未予治疗，症情反复发作渐加重，遂来本院求治。刻下：肛内肿物脱出伴肿缘疼痛，坐卧不宁，行走不利。大便日行1次，质软，排出畅，无便血，伴排便不尽及肛门坠胀感，无粘液便，小溲畅，无发热恶寒。纳食可，夜寐尚可，舌红，苔黄，脉滑数。",神志清晰，精神尚可，形体适中，语言清晰，口唇红润；皮肤正常，无斑疹。头颅大小形态正常，无目窼下陷，白睛无黄染，耳轮正常，无耳瘘及生疮；颈部对称，无青筋暴露，无瘿瘤瘰疬，胸部对称，虚里搏动正常，腹部平坦，无癥瘕痞块，爪甲色泽红润，双下肢无浮肿，舌淡红，苔白，脉滑数。,0,0,0,0,0,0,0,1,0,0,1,湿热
471064,train,湿热下注证,auto,肛旁肿痛伴脓液外溢1周。,患者1周前无明显诱因下出现肛缘肿痛，渐加重，肿痛难忍，伴发热半天，未予治疗，遂来本院求治。刻下：肛旁肿痛难忍，伴肛内脓液外溢，坐卧不宁，行走不利，大便无便血，无粘液便，无里急后重及排便不尽感，小溲畅，纳食可，夜寐安和。,神志清晰，精神尚可，形体适中，语言清晰，口唇红润；皮肤正常，无斑疹。头颅大小形态正常，无目窼下陷，白睛无黄染，耳轮正常，无耳瘘及生疮；颈部对称，无青筋暴露，无瘿瘤瘰疬，胸部对称，虚里搏动正常，腹部平坦，无癥瘕痞块，爪甲色泽红润，双下肢无浮肿，舌淡红，苔白，脉弦。,0,0,0,0,0,0,0,1,0,0,1,湿热
466093,train,气滞血瘀证,auto,左耳前发现肿物半年余。,患者3年多前发现右侧面颊部出现一豆粒大小半球形结节状皮疹，按之柔软，无红肿疼痛等不适，患者一直未曾就医治疗。三年来患者发现右侧面颊部肿物逐渐增大，按压时质硬，轻度疼痛不适，为求进一步治疗，遂来我科住院要求手术治疗。入院时患者无发热，无咳嗽不适，精神及纳食可，睡眠一般，二便自调。,神志清晰，精神尚可，形体适中，语言清晰，口唇红润；皮肤正常，无斑疹。头颅大小形态正常，无目窼下陷，白睛无黄染，耳轮正常，无耳瘘及生疮；颈部对称，无青筋暴露，无瘿瘤瘰疬，胸部对称，虚里搏动正常，腹部平坦，无癥瘕痞块，爪甲色泽红润，双下肢无浮肿，舌质暗红，苔薄黄，脉弦滑。,0,0,0,0,1,1,0,0,0,0,2,气滞|血瘀
472100,train,风痰阻络证,auto,言语欠清伴右侧肢体活动不利一月余,患者一月前无明显诱因下突然出现头晕，伴有言语欠清，右侧肢体活动不利，行走欠稳，无发热，无视物旋转，无恶心呕吐，遂至灵璧人民医院就诊，查头颅MR：左侧脑桥小脑角新鲜梗死，予以对症治疗，症状无明显改善，并逐渐加重，遂至徐州市四院住院治疗，经积极对症治疗，患者病情暂稳定。今为求进一步治疗，遂来我院就诊，急查血常规未见异常，遂收住入院。入院时：患者神志清，精神一般，言语欠清，右侧肢体活动不利，行走欠稳，无发热，无意识障碍，无头痛，无视物旋转，无咳嗽咯痰，无恶心呕吐，无腹痛腹泻，保留胃管，鼻饲流质饮食，寐欠安，保留导尿，大便尚调。,神志清晰，精神欠佳，形体适中，语言含糊，口唇红润；皮肤正常，无斑疹。头颅大小形态正常，无目窼下陷，白睛无黄染，耳轮正常，无耳瘘及生疮；颈部对称，无青筋暴露，无瘿瘤瘰疬，胸部对称，虚里搏动正常，腹部平坦，无癥瘕痞块，爪甲色泽红润，双下肢无浮肿。,0,0,0,0,0,0,1,0,1,0,2,内风|痰湿
481488,train,肾虚证,auto,停经43天，下腹隐痛伴腰酸2小时。,患者平素月经26-27天一行，6天净，量中等偏少，色红，有血块，轻度痛经，无需服用止痛药止痛。G2P0，2016年孕40余天胚胎发育不良行清宫，2018年11月孕50余天胎停行药物流产。LMP：2020-09-28，量色质如常。患者10月25日始下腹隐痛，腰酸，未予重视，昨日晚上自测尿妊娠弱阳性，遂于今日就诊于我院，查血HCG：58.4mIU/ml，P：20.41ng/ml，E2：216.6pg/ml，考虑患者既往2次不良妊娠，保胎意愿强烈，曾于我院保胎治疗，住院期间血HCG翻倍佳，且彩超已明确为宫内妊娠，经治疗症状好转后出院，今日13:00左右患者出现下腹隐痛，伴腰酸，无明显阴道出血，遂就诊于我院，建议住院治疗，现患者为求进一步治疗，由门诊完善检查以“先兆流产”入院，入院时：患者神清，精神可，下腹隐痛、腰酸，无阴道出血，纳可，寐安，二便调。舌淡苔白，脉沉滑尺弱。,神志清晰，精神尚可，形体适中，语言清晰，口唇红润；皮肤正常，无斑疹。头颅大小形态正常，无目窼下陷，白睛无黄染，耳轮正常，无耳瘘及生疮；颈部对称，无青筋暴露，无瘿瘤瘰疬，胸部对称，虚里搏动正常，腹部平坦，无癥瘕痞块，爪甲色泽红润，双下肢无浮肿，舌淡苔白，脉沉滑尺弱。,1,0,0,1,0,0,0,0,0,0,2,阳虚|气虚
476958,train,肝胃郁热证,auto,上腹疼痛1年余，又作1月,患者1年前无明显诱因出现上腹部疼痛，呈间断性隐痛，无肩背部放射痛，无明显反酸、嗳气及上腹部烧灼感，腹胀偶作，无恶心呕吐，无发热，食纳欠佳，夜寐尚安，小便调，大便日行一次，无粘液脓血，遂至当地医院就诊，口服药物（具体用药不详）后症状好转。1年来患者上腹部疼痛症状反复发作，均予药物口服后症状好转。1月前患者上腹部疼痛症状又作，至当地医院予药物治疗后症状未见明显好转，现为求进一步诊治，今来我院，门诊查“新冠病毒核酸试验未见明显异常。胸部CT：两肺间质性改变。 左肺上叶肺大泡”，由门诊收入我科。入院时中患者：上腹隐痛，无肩背部放射痛，无反酸、嗳气及胸骨后烧灼感，腹胀偶作，无头晕，无心悸胸闷，食纳欠佳，夜寐安，小便调，大便日行一次，无粘液脓血，近期体重无明显变化，舌红苔薄黄，脉弦。,神志清晰，精神尚可，形体形体适中，语言清晰，口唇红润；皮肤正常，无斑疹。头颅大小形态正常，无目窼下陷，白睛无黄染，耳轮正常，无耳瘘及生疮；颈部对称，无青筋暴露，无瘿瘤瘰疬，胸部对称，虚里搏动正常，腹部平坦，无癥瘕痞块，爪甲色泽红润，双下肢无浮肿，舌红，苔薄黄，脉弦。,0,0,0,0,1,0,0,0,0,1,2,气滞|实热
441160,train,热毒蕴结证,auto,肛周肿胀疼痛4天,"患者于入院前4天，出现肛周肿胀疼痛,初未重视，未予治疗，症情反复发作渐加重，遂来本院求治。刻下：肛周疼痛，坐卧不宁，行走不利。大便日行2-3次，质软，排出畅，无便血，无排便不尽及肛门坠胀感，无粘液便，小溲畅，无发热恶寒。纳食可，夜寐尚可，舌红，苔黄，脉滑数。",神志清晰，精神尚可，形体适中，语言清晰，口唇红润；皮肤正常，无斑疹。头颅大小形态正常，无目窼下陷，白睛无黄染，耳轮正常，无耳瘘及生疮；颈部对称，无青筋暴露，无瘿瘤瘰疬，胸部对称，虚里搏动正常，腹部平坦，无癥瘕痞块，爪甲色泽红润，双下肢无浮肿，舌淡红，苔白，脉滑数。,0,0,0,0,0,0,0,0,0,1,1,实热
436902,test,肾虚证,auto,停经35天，下腹隐痛伴腰酸3天。,患者平素月经周期欠规则，3/26-40天，月经量少，色暗，无血块，无痛经；G7P1，2010年至2016年习惯性流产6次，2017年剖宫产1健康女婴；LMP：2019-05-16，3天净，量色质如常，3天前患者无明显诱因出现下腹隐痛伴腰部酸痛，2019-06-17至我院门诊就诊查血HCG：498.2mIU/ml、P：12.26ng/ml，封闭抗体：阴性，予地屈孕酮、阿司匹林、固肾安胎丸口服及低分子肝素皮下注射综合保胎治疗；现为求进一步综合治疗，遂由门诊收入院。刻下：一般情况可，无恶寒发热，下腹隐痛，偶有腰部酸痛，晨起恶心，纳食稍差，夜寐安，二便调畅。,神志清晰，精神尚可，形体适中，语言清晰，口唇红润；皮肤正常，无斑疹。头颅大小形态正常，无目窼下陷，白睛无黄染，耳轮正常，无耳瘘及生疮；颈部对称，无青筋暴露，无瘿瘤瘰疬，胸部对称，虚里搏动正常，腹部平坦，无癥瘕痞块，爪甲色泽红润，双下肢无浮肿，舌淡红，苔薄白，脉沉滑尺脉弱。,1,0,0,1,0,0,0,0,0,0,2,阳虚|气虚
476364,train,湿热下注证,auto,肛缘肿物隆起伴疼痛14天,"患者于入院前14天，出现因食辛辣醇厚之品出现肛缘皮肤隆起并疼痛,未予治疗，症情反复发作渐加重，遂来本院求治。刻下：肛缘疼痛明显，坐卧不宁，行走不利。大便1日/行，，质软，排出畅，无便血，伴排便不尽及肛门坠胀感，无粘液便，小溲畅，无发热恶寒。纳食可，夜寐尚可，舌红，苔黄，脉滑数。",神志清晰，精神尚可，形体适中，语言清晰，口唇红润；皮肤正常，无斑疹。头颅大小形态正常，无目窼下陷，白睛无黄染，耳轮正常，无耳瘘及生疮；颈部对称，无青筋暴露，无瘿瘤瘰疬，胸部对称，虚里搏动正常，腹部平坦，无癥瘕痞块，爪甲色泽红润，双下肢无浮肿，舌淡红，苔白，脉滑数。,0,0,0,0,0,0,0,1,0,0,1,湿热
445009,train,风痰阻络证,auto,反复头晕伴行走不稳5年余，加重1周,患者于约5年前无明显诱因出现头晕，伴有行走不稳，间断治疗，患者症状时轻时重，近1周来上述症状加重，外院门诊输液治疗（具体不详），患者症状好转不明显，现为求中西医结合治疗，由门诊收住入院，入院症状：神志清晰，精神欠佳，记忆力差，反应迟钝，头晕不适，头昏沉，呈持续性，双下肢无力，行走不稳，慌张步态，食纳尚可，寐安，二便可。,7.中医四诊摘要：神志清晰，精神欠佳，形体偏胖，语言清晰，口唇红润；皮肤正常，无斑疹。头颅大小形态正常，无目窼下陷，无白睛黄染，耳轮正常，无耳瘘及生疮；颈部对称，无青筋暴露，无瘿瘤瘰疬，胸部对称，虚里搏动正常，腹部平坦，无癥瘕痞块，爪甲色泽红润，双下肢无浮肿，舌青紫，苔白，脉弦。,0,0,0,0,0,0,1,0,1,0,2,内风|痰湿
448496,val,肝郁气滞证,auto,右上腹胀痛间作一月,患者一月前无明显诱因出现右上腹胀痛，呈间断性隐痛，进食后稍缓解，无肩背部放射痛，无反酸、嗳气，无恶心呕吐，无发热恶寒，食纳一般，夜寐尚安，小便调，大便日行一次，无粘液脓血，遂至当地医院就诊，考虑“脂肪肝”（报告未见），当时未予相关治疗。一月来患者右上腹胀痛间断发作，现为求进一步诊治，今来我院，由门诊收入我科。入院时患者：右上腹胀痛，呈间歇性隐痛，无肩背部放射痛，无嗳气、反酸，腹胀偶作，无恶心呕吐，无发热，无头晕头痛，无心悸胸闷，食纳尚可，夜寐安，小便调，大便日行一次，无粘液脓血，近期体重无明显变化，进食后感胃脘嘈杂，舌红苔黄，脉弦。,神志清晰，精神尚可，形体形体适中，语言清晰，口唇红润；皮肤正常，无斑疹。头颅大小形态正常，无目窼下陷，白睛无黄染，耳轮正常，无耳瘘及生疮；颈部对称，无青筋暴露，无瘿瘤瘰疬，胸部对称，虚里搏动正常，腹部平坦，无癥瘕痞块，爪甲色泽红润，双下肢无浮肿，舌红，苔黄，脉弦。,0,0,0,0,1,0,0,0,0,0,1,气滞
426618,val,气虚血瘀证,auto,头晕头胀一周加重1小时,患者有高血压病史10余年，血压最高150/90mmHg，自服珍菊降压片2粒 qd，血压控制一般。一周前无明显诱因开始出现头晕头胀，伴视物旋转，恶心呕吐，未予治疗，1小时前出现上述症状加重，伴全身乏力，遂今日出院至我院就诊，现为进一步诊治，拟“眩晕”收住入院。入院时：患者眩晕，头痛，动则加剧，劳累即发，面色白光白，神疲乏力，倦怠懒言。唇甲不华，发色不泽，心悸少寐，纳少腹胀。,神志清晰，精神尚可，形体适中，语言清晰，口唇发绀；皮肤正常，无斑疹。头颅大小形态正常，无目窼下陷，白睛无黄染，耳轮正常，无耳瘘及生疮；颈部对称，无青筋暴露，无瘿瘤瘰疬，胸部对称，虚里搏动正常，腹部平坦，无癥瘕痞块，爪甲色泽青紫，双下肢无浮肿，舌紫暗有瘀斑，苔白腻，脉弦滑。,1,0,0,0,0,1,0,0,0,0,2,血瘀|气虚
467855,train,气滞血瘀证,auto,面部起黑色皮疹10余年。,"患者诉10多年前下面部右鼻唇沟旁出现一个米粒大小暗褐色皮疹，与皮肤表面平行，未予重视，随后十年来患者发现皮疹逐渐增大至绿豆粒大小，高出皮面，表面粗糙，顶端颜色加深，偶有瘙痒不适，遂至我科就诊，要求手术切除治疗。门诊查血常规,肺部CT，新冠核酸无异常，患者否认近14天湖北疫区及本地发病区接触史，否认近14天新冠肺炎病人接触史，否认近14天接触过来自武汉市及周边或境内、境外疫情严重地区发热有呼吸道症状的患者，否认近14天发热、咳嗽、腹泻，排除新冠肺炎，遂收入院入院时患者无发热，精神及纳食可，睡眠一般，二便正常。",神志清晰，精神尚可，形体适中，语言清晰，口唇红润；皮肤正常，无斑疹。头颅大小形态正常，无目窼下陷，白睛无黄染，耳轮正常，无耳瘘及生疮；颈部对称，无青筋暴露，无瘿瘤瘰疬，胸部对称，虚里搏动正常，腹部平坦，无癥瘕痞块，爪甲色泽红润，双下肢无浮肿，舌质暗红，苔薄黄，脉弦滑。,0,0,0,0,1,1,0,0,0,0,2,气滞|血瘀
422012,test,阳虚水泛证,auto,胸闷憋喘10余年，加重2天。,"患10余前反复出现胸闷痛不适，稍有憋喘，活动后明显，伴气短乏力，纳食减少，夜间尚可平卧，眼睑浮肿,夜寐差，近期口服阿司匹林、倍他乐克、缬沙坦胶囊、螺内酯、地高辛等药物治疗，症状反复发作。2天前，患者受寒后出现夜间咳嗽咳痰，伴夜间阵发性呼吸困难，不能平卧入睡，且呈加重趋势，遂今日至我院就诊，为进一步诊治，拟“急性左心衰  冠心病 不稳定性心绞痛 高血压病 ”收住入院。入院时：患者胸闷痛憋喘时作，呼吸困难，不能平卧，夜间发作性呼吸困难，无发热腹痛腹胀腹泻，偶有咳嗽咳痰，咯吐白色，心悸怔忡，双下肢轻度浮肿，面色晦暗，纳食较前减少，小便可，大便尚顺畅，便后不爽。夜寐欠佳。",神志清晰，精神欠佳，形体适中，语言清晰，口唇红润；皮肤正常，无斑疹。头颅大小形态正常，无目窼下陷，白睛无黄染，耳轮正常，无耳瘘及生疮；颈部对称，无青筋暴露，无瘿瘤瘰疬，胸部对称，虚里搏动正常，腹部平坦，无癥瘕痞块，爪甲色泽红润，双下肢有浮肿，舌暗淡，体胖，苔白厚腻，脉沉迟。,0,0,0,1,0,0,0,0,0,0,1,阳虚
428151,train,湿热下注证,auto,肛内肿物外脱伴肿痛30年。,"患者于入院前30年，出现因食辛辣醇厚且劳累后出现肛缘肿痛伴肛内肿物脱出,未予治疗，症情反复发作渐加重，遂来本院求治。刻下：肛内肿物脱出伴肿缘疼痛，坐卧不宁，行走不利。大便3-4日/行，质硬，排出不畅，需口服番泻叶外用开塞露辅助方能排出，无便血，无排便不尽及肛门坠胀感，无粘液便，小溲畅，无发热恶寒。纳食可，夜寐尚可，舌红，苔黄，脉滑数。",神志清晰，精神尚可，形体形体适中，语言清晰，口唇红润；皮肤正常，无斑疹。头颅大小形态正常，无目窼下陷，白睛无黄染，耳轮正常，无耳瘘及生疮；颈部对称，无青筋暴露，无瘿瘤瘰疬，胸部对称，虚里搏动正常，腹部平坦，无癥瘕痞块，爪甲色泽红润，双下肢无浮肿，舌红，苔黄，脉滑数。,0,0,0,0,0,0,0,1,0,0,1,湿热
478856,test,湿热下注证,auto,便后肛内肿物脱出3年余，加重1月,"患者3年余前因劳累感会阴部坠胀明显，而致便后肛内肿物脱出，不能回复，大便带血，自行休息后症状未见明显缓解，1月来症状明显加重，肛门疼痛剧烈，行走不便，便血量多，遂于今日由门诊拟“混合痔嵌顿”，收入我区。刻下：无发热咳嗽，便后肛内肿物脱出，不能还纳，持续疼痛，活动受限，肛门坠胀不适,大便排出困难，纳寐欠安。",神志清晰，精神尚可，形体形体适中，语言清晰，口唇红润；皮肤正常，无斑疹。头颅大小形态正常，无目窼下陷，无白睛，耳轮正常，无耳瘘及生疮；颈部对称，无青筋暴露，无瘿瘤瘰疬，胸部对称，虚里搏动正常，腹部平坦，无癥瘕痞块，爪甲色泽红润，双下肢无浮肿，舌淡红，苔白，脉平和。,0,0,0,0,0,0,0,1,0,0,1,湿热
428260,train,风痰阻络证,auto,右侧口角歪斜1月,患者1月前受风寒后发现口角向左侧歪斜，右眼关闭欠佳，右侧额纹变浅，追问病史，患者3天前自觉右侧耳后酸痛，未予重视。今至我院就诊，拟“周围性面神经麻痹”收治入院。入院时，患者神志清楚，精神一般，右侧额纹变浅，皱眉无力，右眼睑关闭不全，口角向左侧歪斜，右侧耳后酸痛，舌淡红，苔薄白，脉弦滑。,神志清晰，精神尚可，形体适中，语言清晰，口唇红润；皮肤正常，无斑疹。头颅大小形态正常，无目窼下陷，白睛无黄染，耳轮正常，无耳瘘及生疮；颈部对称，无青筋暴露，无瘿瘤瘰疬，胸部对称，虚里搏动正常，腹部平坦，无癥瘕痞块，爪甲色泽红润，双下肢无浮肿，舌淡红，苔薄白，脉弦滑。,0,0,0,0,0,0,1,0,1,0,2,内风|痰湿
456143,train,风痰阻络证,auto,左侧肢体无力、语言欠利1天。,患者昨日无明显诱因出现左侧肢体无力、行走不稳，语言欠利，口中麻木，未予系统治疗，症状持续未见明显好转，为求进一步中西结合诊疗遂来诊，由门诊收治入院，入院时：患者神清，精神欠佳，语言欠利，左侧肢体无力，行走不稳，口中麻木，无心慌胸闷，无头晕头痛，无恶心呕吐，食纳、夜寐尚可，二便尚可，舌暗，苔白腻，脉弦滑。,神志清晰，精神尚可，形体适中，语言清晰，口唇暗红；皮肤正常，无斑疹。头颅大小形态正常，无目窼下陷，白睛无黄染，耳轮正常，无耳瘘及生疮；颈部对称，无青筋暴露，无瘿瘤瘰疬，胸部对称，虚里搏动正常，腹部平坦，无癥瘕痞块，爪甲色泽暗红，双下肢无浮肿，舌淡红，苔白，脉。,0,0,0,0,0,0,1,0,1,0,2,内风|痰湿
461170,train,风痰阻络证,auto,左侧肢体无力1天。,患者于昨日无明显诱因出现左侧肢体无力，行走欠利，症状持续无明显缓解，为求进一步中西医结合治疗，遂至我院门诊，予查头颅CT示：1.脑干区、两侧基底节区腔隙性脑梗塞。 2.右侧侧脑室旁、颞顶叶见大片低密度区，考虑：梗塞灶。建议:MRI检查。 3.脑萎缩。肺部CT示：两肺间质性改变伴感染，较前显。建议：结合流行病学史及实验室检查。左肺下叶结节。大致同前（2019-08-12）。建议：半年复查。予收入我科。予请院内新冠肺炎专家组会诊排除新冠肺炎后，予收入我科。入院时症状：神志清，精神欠佳，头晕时作，右侧面部时有麻木不适，左侧肢体无力，左膝关节酸痛不适，行走欠利，无意识障碍，无肢体抽搐、痉挛等，饮食欠佳，小便正常，大便干结，夜寐尚可。舌质红，苔黄腻，脉弦。,神志清晰，精神差，形体适中，语言清晰，口唇红润；皮肤正常，无斑疹。头颅大小形态正常，无目窼下陷，白睛无黄染，耳轮正常，无耳瘘及生疮；颈部对称，无青筋暴露，无瘿瘤瘰疬，胸部对称，虚里搏动正常，腹部平坦，无癥瘕痞块，爪甲色泽红润，双下肢无浮肿，舌质红，苔黄腻，脉弦。,0,0,0,0,0,0,1,0,1,0,2,内风|痰湿
452476,val,正虚瘀结证,auto,右肺鳞癌1年余，咳嗽咳痰加重10余天。,患者2018年3月因反复咳嗽、咳痰就诊于徐州市第一人民医院，行胸部CT示（2018-03-14 徐州市第三人民医院）：右肺上叶占位（4.0*3.7cm），考虑肺Ca可能，建议穿刺。两肺间质性改变；双肺炎变。纵膈稍大淋巴结。ECT（2018-03-14 徐州市第三人民医院）：右上肺肿块FDG代谢异常增高，考虑恶性病变，肺Ca可能；纵膈多发淋巴结FDG代谢异常增高，考虑淋巴结转移性病变。排除禁忌后行CT引导下经皮肺穿刺活检，病理提示肺鳞癌。患者肺鳞癌确诊，家属考虑患者年高体弱，拒绝手术及放化疗，要求保守治疗，予抗感染、止咳化痰等对症治疗后好转出院。后患者因反复咳嗽、咳痰间断住院治疗，2019-06-11复查胸部CT示右肺病灶较前明显增大，考虑病情进展，建议患者化疗控制病情，患者家属经考虑后仍拒绝化疗，要求保守治疗为主，予对症支持治疗后出院。10余天来患者自觉咳嗽、咳痰加重，时有憋闷，活动后胸闷、憋喘，现为求中西医结合治疗收入我科，刻下：阵发性咳嗽、咳痰，痰色黄、质黏，活动后胸闷、憋喘，口干，双下肢乏力，无恶寒、发热，无胸痛、咯血，无腹痛、腹泻，胃纳一般，夜寐欠安，二便尚调。,神志清晰，精神尚可，形体适中，语言清晰，口唇红润；皮肤正常，无斑疹。头颅大小形态正常，无目窼下陷，白睛无黄染，耳轮正常，无耳瘘及生疮；颈部对称，无青筋暴露，无瘿瘤瘰疬，胸部对称，虚里搏动正常，腹部平坦，无癥瘕痞块，爪甲色泽红润，双下肢无浮肿，舌淡红，苔白，脉细。,1,0,0,0,0,1,0,0,0,0,2,血瘀|气虚
432271,train,气滞血瘀证,auto,摔伤致右大腿肿痛畸形活动受限3小时,患者约3小时前驾驶自家三轮车翻车后摔伤右大腿，当时即感右大腿疼痛剧烈、畸形，不能活动，急被送至我院急诊就诊。行相关影像学检查，结果回示：右侧股骨干中下段骨折。为进一步手术治疗收住院。刻下患者右大腿肿痛、活动受限依然，患者伤后无昏迷，无意识不清，对受伤经过回忆清晰，偶有头晕不适及胸闷不适，无腹胀腹痛，二便未解。,神志清晰，精神尚可，形体适中，语言清晰，口唇红润；皮肤正常，无斑疹。头颅大小形态正常，无目窼下陷，白睛无黄染，耳轮正常，无耳瘘及生疮；颈部对称，无青筋暴露，无瘿瘤瘰疬，胸部对称，虚里搏动正常，腹部平坦，无癥瘕痞块，爪甲色泽红润，双下肢无浮肿，舌紫暗，苔白，脉弦涩。,0,0,0,0,1,1,0,0,0,0,2,气滞|血瘀
453663,train,正虚瘀结证,auto,十二指肠癌术后3年余，腹腔多发转移治疗中,患者2016年因上腹部疼痛不适，诊断为十二指肠癌，2016-02行手术治疗，术后恢复可，术后予化疗6周期（具体用药不详），末次化疗时间2016-10，化疗后出现轻度胃肠道反应。2016-10一直口服中药抗瘤治疗至今，后定期复查CT提示病情稳定。2019-01因心慌、气短、贫血于我院输血治疗后好转。2019-02-03至徐州医科大学附属医院查PET/CT示：十二指肠癌术后改变，考虑术区复发，网膜、肠系膜、肠系膜血管区多发转移可能。两侧盆腔可疑葡萄糖代谢增高。2019-02-14、2019-03-09、2019-04-02、2019-04-25、2019-05-17、2019-06-16行奥沙利铂150mg iv.gtt+ 氟尿嘧啶1.0g iv.gtt+ d1-3 亚叶酸钙0.2g iv.gtt d1-3化疗6周期，化疗2、4、6周期后复查CT，疗效评价为SD。2019-08-14全腹增强CT：与本院2019-07-15 CT平扫片比较：1.胃十二指肠术后，吻合口局部壁略厚，大致同前；2.肝内胆管积气较前增多；胰管扩张；胰头区混杂密度肿块，较前增大。3.肠系膜多发小淋巴结，横结肠壁局部增厚强化，考虑 转移瘤，较前显。4.盆腔两侧囊实性病灶，右侧大致同前，左侧新见，考虑 转移瘤。5.腹主动脉前混杂密度肿块，转移瘤，较前增大。6.盆腔少量积液。2019-08-20行奥沙利铂100mg ivgtt +替吉奥40mg po d1-14 q3w治疗，2019-08-26口服阿帕替尼250mgpo qd治疗，2019-09-17开始联合替吉奥40mg po bid d1-14 q3w化疗，化疗后患者毒副反应可耐受。2019-10-21查腹部CT增强：与本院2019-08-13 CT平扫片比较：1.肝内多发异常强化灶，考虑：转移瘤。2.胃十二指肠术后，吻合口局部壁略厚，大致同前；3.肝内胆管扩张，积气消失；胰管扩张；胰头区异常强化肿块，大致同前。4.肠系膜多发小淋巴结，部分结肠壁局部增厚强化，考虑 转移瘤，较前显。4.盆腔两侧囊实性病灶，右侧不明显，左侧同前。5.腹主动脉前混杂密度肿块，转移瘤，同前6.盆腔少量积液。胸部CT：两肺轻度间质性改变。今为进一步中西医治疗来诊我院。目前患者稍感腹痛，活动后心慌、气短，无明显腹胀，无呕血、黑便，食纳、精神可，大小便正常，夜寐安。,神志清晰，精神尚可，形体适中，语言清晰，口唇苍白；皮肤苍白，无斑疹。头颅大小形态正常，无目窼下陷，白睛无黄染，耳轮正常，无耳瘘及生疮；颈部对称，无青筋暴露，无瘿瘤瘰疬，胸部对称，虚里搏动正常，腹部平坦，无癥瘕痞块，爪甲色泽红润，双下肢无浮肿，舌淡红，苔白，脉弦。,1,0,0,0,0,1,0,0,0,0,2,血瘀|气虚
475437,train,气滞血瘀证,auto,大便带血、带粘液2周,"患者2周前食辛辣后出现大便带血，为暗红色血,带少量粘液，大便次数多，1-2次/日，无腹痛，无发热，初未重视，反复发作,今来我院就诊收入院治疗。刻下：大便带血，为暗红色血,带少量粘液，大便次数多，1-2次/日，偶感腹痛，近期体重下降5斤,无发热，纳如常，夜寐尚安，小便如常，舌红，苔黄腻，脉弦数。",神志清晰，精神尚可，形体适中，语言清晰，口唇红润；皮肤正常，无斑疹。头颅大小形态正常，无目窼下陷，白睛无黄染，耳轮正常，无耳瘘及生疮；颈部对称，无青筋暴露，无瘿瘤瘰疬，胸部对称，虚里搏动正常，腹部平坦，无癥瘕痞块，爪甲色泽红润，双下肢无浮肿，舌淡红，苔白，脉滑数。,0,0,0,0,1,1,0,0,0,0,2,气滞|血瘀
425453,train,脾肾两虚证,manual_disambiguated,双下肢水肿6月,患者6月前无明显诱因出现双下肢水肿，尿中泡沫增多，伴有乏力倦怠，至我院门诊求治，查尿检提示蛋白尿、镜下血尿，血浆白蛋白偏低，至我院门诊求治，建议肾穿刺活检术，患者拒绝，暂予以肾安平、金水宝、厄贝沙坦氢氯噻嗪片口服治疗，患者尿蛋白较前增加，定量约5.78g/gcr，于11-8住院治疗，考虑“IgA肾病”可能性大，予以足量激素（10粒）配合环磷酰胺（已累积4.2g）治疗，现强的松减量为4粒qd，尿蛋白较前明显减少，今按疗程继续住院拟予环磷酰胺治疗，病程中双下肢水肿间作，尿中泡沫时多时少，乏力倦怠，纳食一般，二便正常，夜尿1-2次，病程中无发热，无皮疹，无雷诺现象，无咽痛，无咳嗽咯痰，无胸闷憋喘，无口腔溃疡，无口干眼干。,神志清晰，精神尚可，形体适中，语言清晰，口唇红润；皮肤正常，无斑疹。头颅大小形态正常，无目窼下陷，无白睛，耳轮正常，无耳瘘及生疮；颈部对称，无青筋暴露，无瘿瘤瘰疬，胸部对称，虚里搏动正常，腹部平坦，无癥瘕痞块，爪甲色泽红润，双下肢有浮肿，舌淡红，苔白，脉细滑。,1,1,1,1,0,0,0,0,0,0,4,阴虚|阳虚|血虚|气虚
431971,train,外伤损络证,manual_disambiguated,高处坠落致腰背部疼痛伴活动受限2小时余,患者2小时余前不幸从约2米高处坠落，臀部着地，当时即感腰背部疼痛剧烈，不能活动，急被送至当地医院就诊，行X线检查，结果回示：L4椎体压缩骨折。故患者为求进一步治疗，急来我院急诊就诊，经询问病史、查体及阅片后，建议患者住院系统检查治疗，遂经急诊拟“腰椎骨折”收入院。患者伤后无昏迷，无意识不清，对受伤经过回忆清晰，无头晕头疼，无恶心呕吐，无胸闷憋喘，刻下患者腰背部症状如上所述，双下肢无放射性疼痛麻木，二便未解。,神志清晰，精神尚可，形体适中，语言清晰，口唇红润；皮肤正常，无斑疹。头颅大小形态正常，无目窼下陷，白睛无黄染，耳轮正常，无耳瘘及生疮；颈部对称，无青筋暴露，无瘿瘤瘰疬，胸部对称，虚里搏动正常，腹部平坦，无癥瘕痞块，爪甲色泽红润，双下肢无浮肿，舌淡红，苔白，脉弦细。,0,1,1,0,0,0,0,0,0,0,2,阴虚|血虚
424498,train,脾胃虚寒证,auto,反复两胁部、下腹部疼痛伴口苦、烧心20余天,患者20余天无明显诱因出现腹痛，以两胁部、下腹为主，两胁部为阵发性胀痛，下腹部为阵发性隐痛，无明显放射痛，腹痛与进食无明显关系，伴有口干、口苦，烧心，恶心，间断呕吐，呕吐黏涎样物。纳差，进食量减少1/5，受惊吓、劳累、饱餐、受凉后症状好发，遇寒加重，得温则舒。曾于我院门诊就诊，口服中药有所改善，今为求中西医结合进一步诊治再来我院，门诊遂拟腹痛待查收住入院。病程中患者两胁部胀痛、下腹部隐痛，烧心，恶心，间断呕吐，无发热、黄疸，无吞咽困难，无呕血、黑便，无腹泻，食纳、睡眠欠佳，大小便正常。,神志清晰，精神尚可，形体形体适中，语言清晰，口唇红润；皮肤正常，无斑疹。头颅大小形态正常，无目窼下陷，无白睛，耳轮正常，无耳瘘级生疮；颈部对称，无青筋暴露，无瘿瘤瘰疬，胸部对称，虚里搏动正常，腹部平坦，无癥瘕痞块，爪甲色泽红润，双下肢对称，舌质淡胖，苔薄白，脉弱。,0,0,0,1,0,0,0,0,0,0,1,阳虚
477128,val,正虚瘀结证,auto,原发性肝癌1年余，乏力加重2小时。,"患者2019-8于徐医附院确诊为原发性肝癌，2019-8-19、2019-9-27、2019-11-13、2020-04-15行肝动脉化疗栓塞术*4次。2020-1-6行肝癌微波消融术，术后恢复可。2020-01开始口服索拉非尼，因服药后出现下肢疼痛、手指水泡等反应不能耐受，服药不足2月后减量为索拉菲尼2# qd。2020-06-16行肝动脉栓塞术。术后患者出现严重低钠血症，2020-06-30至二院ICU治疗，行补液、营养神经、维持水电解质平衡等治疗后好转出院。2020-08-07行上腹部增强CT：肝右叶巨大占位，局部介入术后改变（具体报告未见）。患者2020-02开始感右上腹部疼痛，2020-08疼痛加重，伴乏力,NRS 7分，口服羟考酮10mg qd镇痛治疗。2020-08-26至我科住院，胸部CT：右肺多发小结节；两肺间质性改变、两肺气肿，建议：复查。上腹部CT增强：HCC介入术后改变；肝内部分胆管及胰管稍扩张；双肾多发小囊肿。肿瘤标记物AFP 180.39ng/ml↑,糖类抗原CA153 59.29U/ml↑,糖类抗原CA50 28.32U/ml↑,细胞角蛋白19片段 5.91ng/ml↑,鳞状细胞癌抗原 1.98ng/ml↑。予增免、抗瘤、补白蛋白、中药健脾和胃、消癥散结等治疗后好转出院。2小时前患者感乏力加重，为求进一步中西医结合治疗急收入院。入院时：患者右上腹痛，伴腹胀，乏力，纳差，无恶心、呕吐，无呕血、黑便，无发热，进食少，二便同前，消瘦。",神志清晰，精神尚可，形体适中，语言清晰，口唇红润；皮肤正常，无斑疹。头颅大小形态正常，无目窼下陷，白睛无黄染，耳轮正常，无耳瘘及生疮；颈部对称，无青筋暴露，无瘿瘤瘰疬，胸部对称，虚里搏动正常，腹部平坦，无癥瘕痞块，爪甲色泽红润，双下肢无浮肿，舌淡红，苔白，脉沉细。,1,0,0,0,0,1,0,0,0,0,2,血瘀|气虚
479031,train,肝肾亏虚证,manual_disambiguated,腰部疼痛伴双下肢行走不适20余年,患者诉20年前无明显诱因下出现腰部疼痛伴双下肢放射痛病史，开始时症状不甚明显，仅长期站立或久坐后出现疼痛不适感，后腰部疼痛及双下肢疼痛不适逐渐加重，并出现双下肢行走乏力。患者遂就诊于外院，行腰椎ct及放射检查（片子患者未带）明确诊断为腰椎滑脱伴腰椎管狭窄，行针灸及腰部理疗治疗未见好转。现患者腰部疼痛持续加重，双下肢无力感亦加重，为求进一步治疗来我院就诊，门诊拟“腰椎间盘突出伴滑脱”收入我科。患者病程中无寒热，无二便失禁，目前患者仍诉有腰部疼痛不适。,神志清晰，精神尚可，形体适中，语言清晰，口唇红润；皮肤正常，无斑疹。头颅大小形态正常，无目窼下陷，白睛无黄染，耳轮正常，无耳瘘及生疮；颈部对称，无青筋暴露，无瘿瘤瘰疬，胸部对称，虚里搏动正常，腹部平坦，无癥瘕痞块，爪甲色泽红润，双下肢无浮肿，舌淡红，苔白，脉弦。,1,1,0,0,0,0,0,0,0,0,2,血虚|气虚
429629,train,气虚血瘀证,auto,反复头昏、肢体乏力3年余，加重伴心慌2天,患者者3年前头昏、肢体乏力，行走欠利，住院治疗诊断“脑梗塞”，予输液治疗，好转后出院，平素予口服药物治疗，2天前患者感冒后突感头昏频作，头晕、头胀痛偶作，全身乏力，咳嗽，恶心欲呕，心慌频作，胸闷偶作，伴气短，上腹不舒，遂来我院门诊就诊，为进一步诊治收住入院，病程中患者无恶寒发热，无四肢抽搐，无胸痛放射痛，无晕厥黑朦，夜寐一般，不欲饮食，二便调。,神志清晰，精神尚可，形体适中，语言清晰，口唇发绀；皮肤正常，无斑疹。头颅大小形态正常，无目窼下陷，白睛无黄染，耳轮正常，无耳瘘及生疮；颈部对称，无青筋暴露，无瘿瘤瘰疬，胸部对称，虚里搏动正常，腹部平坦，无癥瘕痞块，爪甲色泽红润，双下肢有浮肿，舌质淡紫，苔白腻，脉弦细。,1,0,0,0,0,1,0,0,0,0,2,血瘀|气虚
471144,train,痰湿痹阻证,auto,右髋关节疼痛1月余,患者1月余前劳累后开始出现右侧髋部疼痛，伴有轻度行走活动受限，腹股沟处压痛明显，未予重视，在家休息后症状缓解不明显，开始酸痛为主，后疼痛症状渐加重，严重影响日常生活及休息，至附近医院行髋关节MRI检查示：双侧股骨头缺血性坏死，双侧髋关节腔积液。为求进一步治疗，今来我院就诊，门诊为进一步治疗，予收住入院。病程中无发热，饮食及二便正常，刻下右髋部疼痛如前。,神志清晰，精神尚可，形体适中，语言清晰，口唇红润；皮肤正常，无斑疹。头颅大小形态正常，无目窼下陷，白睛无黄染，耳轮正常，无耳瘘及生疮；颈部对称，无青筋暴露，无瘿瘤瘰疬，胸部对称，虚里搏动正常，腹部平坦，无癥瘕痞块，爪甲色泽红润，双下肢无浮肿，舌淡红，苔白，脉滑。,0,0,0,0,0,0,1,0,0,0,1,痰湿
460770,train,阳虚水泛证,auto,反复胸闷憋喘12年，加重伴双下肢水肿2天,患者12年前开始反复出现胸闷憋喘不适，活动后疲乏，夜间憋醒，端坐位缓解，在市二院就诊，行冠脉CTA示：多支病变，最狭窄处约85%，未放入支架，经常规药物治疗症状改善后出院。出院后未规律服用药物，胸闷憋喘时有发作。2年前因胸闷、憋喘加重，伴有双下肢水肿，入住我科，给予抗血小板、调脂稳斑、活血化瘀、利尿、强心等治疗，好转出院。出院后患者规律服药。2天前患者感胸闷憋喘加重，夜间端坐呼吸，伴有气短、全身乏力，双下肢水肿，遂至我院就诊，门诊拟“冠心病 急性心力衰竭”收住入院，入院时：患者胸闷、憋喘，端坐呼吸，心悸气短，活动后尤甚，双下肢水肿，纳欠佳，小便调，大便干，夜寐差。,神志清晰，精神尚可，形体适中，语言清晰，口唇发绀；皮肤正常，无斑疹。头颅大小形态正常，无目窼下陷，白睛无黄染，耳轮正常，无耳瘘及生疮；颈部对称，无青筋暴露，无瘿瘤瘰疬，胸部对称，虚里搏动正常，腹部平坦，无癥瘕痞块，爪甲色泽青紫，双下肢有浮肿，舌紫，苔薄白，脉细。,0,0,0,1,0,0,0,0,0,0,1,阳虚
461654,test,湿热下注证,auto,肛内肿物脱出伴疼痛2周。,患者2周前无明显诱因下出现肛内肿物外脱，肿痛难忍，行走不利，伴便血，自用痔疮栓、膏等治疗，效欠佳，为进一步治疗，逐来我院就诊。刻下：肛周肿物外脱，肿痛，便血，行走不利，坐卧不宁，无肛门坠胀不适，无发热。,神志清晰，精神尚可，形体适中，语言清晰，口唇红润；皮肤正常，无斑疹。头颅大小形态正常，无目窼下陷，白睛无黄染，耳轮正常，无耳瘘及生疮；颈部对称，无青筋暴露，无瘿瘤瘰疬，胸部对称，虚里搏动正常，腹部平坦，无癥瘕痞块，爪甲色泽红润，双下肢无浮肿，舌淡红，苔白，脉弦。,0,0,0,0,0,0,0,1,0,0,1,湿热
486271,train,肝胃郁热证,auto,发现血糖升高5年，加重半月,患者5年前体检时发现血糖升高，患者未予重视，未用药治疗，未监测血糖。半月前患者体检时查空腹血糖达13.96mmol/l，为求进一步系统治疗收住我科病房。病程中患者口干多饮，双眼视物模糊，头晕头痛，偶感心慌，无胸闷胸痛，左肩关节疼痛，活动受限，右上肢稍感麻木，无下肢麻木，纳食可，夜寐安，小便频，大便调。近期体重无明显变化。,神志清晰，精神尚可，形体适中，语言清晰，口唇红润；皮肤正常，无斑疹。头颅大小形态正常，无目窼下陷，白睛无黄染，耳轮正常，无耳瘘及生疮；颈部对称，无青筋暴露，无瘿瘤瘰疬，胸部对称，虚里搏动正常，腹部平坦，无癥瘕痞块，爪甲色泽红润，双下肢无浮肿，舌质红，苔黄腻，脉弦滑。,0,0,0,0,1,0,0,0,0,1,2,气滞|实热
451232,train,湿热下注证,auto,肛内肿物外脱伴肿痛5年,"患者于入院前5年，出现因食辛辣醇厚且劳累后出现肛缘肿痛伴肛内肿物脱出,未予系统治疗，症情反复发作较前加重，遂来本院求治。刻下：肛内肿物脱出伴肿缘疼痛，坐卧不宁，行走不利。大便，日行1次，质硬，排出不畅，伴便血，伴排便不尽及肛门坠胀感，无粘液便，小溲畅，无发热恶寒。纳食可，夜寐尚可，舌红，苔黄，脉滑数。",神志清晰，精神尚可，形体适中，语言清晰，口唇红润；皮肤正常，无斑疹。头颅大小形态正常，无目窼下陷，白睛无黄染，耳轮正常，无耳瘘及生疮；颈部对称，无青筋暴露，无瘿瘤瘰疬，胸部对称，虚里搏动正常，腹部平坦，无癥瘕痞块，爪甲色泽红润，双下肢无浮肿，舌淡红，苔白，脉滑数。,0,0,0,0,0,0,0,1,0,0,1,湿热
440751,train,痰湿蕴肺证,auto,咳嗽咳痰10余天,患者10天前因受凉后出现咳嗽、咳少量黄白粘痰，无发热，无胸痛，无胸闷气喘。自服止咳化痰药物对症治疗后，咳嗽、咳痰仍较剧，夜间咳嗽明显，影响睡眠；现为求进一步诊治，来我院就诊，门诊以“支气管炎”收入我区住院系统治疗。病程中，患者无恶寒发热，无恶心呕吐，无咳血胸痛，饮食可，睡眠一般，二便正常，近期体重无明显下降。,神志清晰，精神尚可，形体适中，语言清晰，口唇红润；皮肤正常，无斑疹。头颅大小形态正常，无目窼下陷，白睛无黄染，耳轮正常，无耳瘘及生疮；颈部对称，无青筋暴露，无瘿瘤瘰疬，胸部对称，虚里搏动正常，腹部平坦，无癥瘕痞块，爪甲色泽红润，双下肢无浮肿，舌淡红，苔白，脉弦滑。,0,0,0,0,0,0,1,0,0,0,1,痰湿
444127,train,气阴两虚证,auto,发现血糖升高7年余，加重1月余,患者7年前体检时发现血糖升高，复查后诊断为2型糖尿病。目前降糖方案：“格列齐特缓释片 60mg 2/日，阿卡波糖 50mg 3/日”，始血糖控制尚可。近1月血糖控制较差，空腹血糖波动于10-13mmmol/l，为求进一步明确诊治入住我科。病程中患者无视物模糊，无四肢麻木，未感心慌胸闷，二便调，睡眠可，纳可。,神志清晰，精神尚可，形体偏胖，语言清晰，口唇红润；皮肤正常，无斑疹。头颅大小形态正常，无目窼下陷，白睛无黄染，耳轮正常，无耳瘘及生疮；颈部对称，无青筋暴露，无瘿瘤瘰疬，胸部对称，虚里搏动正常，腹部平坦，无癥瘕痞块，爪甲色泽红润，双下肢无浮肿，舌红赤，少苔，脉虚细数。,1,0,1,0,0,0,0,0,0,0,2,阴虚|气虚
479101,train,风痰阻络证,auto,头晕伴行走欠稳一月,患者1月前无明显诱因下突然出现头晕间作，伴有双下肢无力，行走欠稳，无发热，无视物旋转，无恶心呕吐，未予重视，症状持续。今为求进一步治疗，遂来我院就诊，急查血常规未见异常，遂收住入院。入院时：患者神志清，精神尚可，头晕间作，伴有双下肢无力，行走欠稳，胸闷间作，言语清，胃胀，无发热，无意识障碍，无头痛，无视物旋转，无咳嗽咯痰，无恶心呕吐，无腹痛腹泻，纳差，寐欠安，二便尚调。,神志清晰，精神尚可，形体适中，语言清晰，口唇红润；皮肤正常，无斑疹。头颅大小形态正常，无目窼下陷，白睛无黄染，耳轮正常，无耳瘘及生疮；颈部对称，无青筋暴露，无瘿瘤瘰疬，胸部对称，虚里搏动正常，腹部平坦，无癥瘕痞块，爪甲色泽红润，双下肢无浮肿。,0,0,0,0,0,0,1,0,1,0,2,内风|痰湿
473574,train,脾肾两虚证,manual_disambiguated,双下肢浮肿间作16年，加重3天,16年前无明显诱因下患者发现双下肢水肿，伴双眼睑浮肿，无腰痛，无皮疹，无口干眼干，无频发口腔溃疡，无雷诺现象，水肿逐渐加重，于徐医附院治疗（具体不详），询问病史，自诉口服足量激素，好转后停用，之后口服中药调理，期间6年未再复发，2012年水肿再发，于我科住院治疗，查ANA谱、ANCA、四对、甲功三项、电解质结果基本正常，尿常规示尿蛋白3+、潜血+；生化：CHO12.2mmol/L，LDL6.2mmol/L，ALT17U/L，AST38U/L，ALB24.4g/l，GLO26.6g/l，Cr51.4umol/L，UA366umol/L。患者拒绝肾穿，予口服足量强的松治疗，自诉水肿减轻，血白蛋白升高，激素逐渐减量，随后停用，2018年水肿再发，泰昌医院查尿蛋白3+，自行服用醋酸泼尼松14片qd，1周减1片，直至停用，近3天患者双下肢再次出现浮肿，乏力倦怠，无腹胀，现为进一步治疗，遂就诊于我院我科，门诊拟“肾病综合征”收治入科，病程中患者双下肢浮肿，无恶心呕吐，无胸闷憋喘，无发热，无咳嗽咯痰，无尿频急痛，无腹痛腹泻，饮食睡眠尚可，大便未见明显异常。,神志清晰，精神尚可，形体适中，语言清晰，口唇红润；皮肤正常，有斑疹。头颅大小形态正常，无目窼下陷，耳轮正常，无耳瘘及生疮；颈部对称，无青筋暴露，无瘿瘤瘰疬，胸部对称，虚里搏动正常，腹部平坦，无癥瘕痞块，爪甲色泽红润，双下肢有浮肿，舌红，苔黄腻，脉弦滑。,1,0,1,1,0,0,1,0,0,0,4,阴虚|阳虚|气虚|痰湿
474356,train,肝阳上亢证,auto,头昏头晕间作半月,患者半月前无明显诱因下出现头昏头晕间作，肢体活动可，无视物旋转，无耳鸣耳聋，未予特殊重视，症状反复。今为求进一步治疗，遂来我院就诊，入院时：患者神志清，精神尚可，头昏头晕间作，肢体活动可，胃脘部稍感不适，偶感咳嗽，无视物旋转，无耳鸣耳聋，无胸闷胸痛，无腹痛腹泻，纳寐尚可，二便尚调。,神志清晰，精神尚可，形体适中，语言清晰，口唇红润；皮肤正常，无斑疹。头颅大小形态正常，无目窼下陷，白睛无黄染，耳轮正常，无耳瘘及生疮；颈部对称，无青筋暴露，无瘿瘤瘰疬，胸部对称，虚里搏动正常，腹部平坦，无癥瘕痞块，爪甲色泽红润，双下肢无浮肿。,0,0,1,0,0,0,0,0,0,0,1,阴虚
438246,train,气虚血瘀证,auto,反复胸闷半年，加重1周。,患者近半年常于劳累后出现胸闷，位于剑突下，呈压迫感，持续十分钟不等，经休息后可缓解，未予诊治。症状时有发作。1周前患者因感冒就诊于当地医院输液治疗过程中症状再发加重，伴双下肢水肿，于邳州市中医院行心脏彩超示风湿性心脏病，二尖瓣中度狭窄伴关闭不全，肺动脉高压79mmHg，三尖瓣中量返流，主动脉瓣少量返流，左心功能减退，EF49%。胸部CT示肺水肿，两肺散在慢性炎性灶，心脏左房室增大，二尖瓣区及左冠脉钙化灶，双肾小结石。为求介入治疗，转诊至我院。入院时患者时有胸闷、心慌、乏力，无胸痛、汗出，无黑矇、晕厥，无恶心呕吐，无畏寒、发热，无咳嗽、咳痰，无腹胀、腹泻，饮食睡眠尚可，二便正常。,神志清晰，精神尚可，形体适中，语言清晰，口唇发绀；皮肤正常，无斑疹。头颅大小形态正常，无目窼下陷，白睛无黄染，耳轮正常，无耳瘘及生疮；颈部对称，无青筋暴露，无瘿瘤瘰疬，胸部对称，虚里搏动正常，腹部平坦，无癥瘕痞块，爪甲色泽青紫，双下肢无浮肿，舌质淡紫，苔薄白，脉虚细涩。,1,0,0,0,0,1,0,0,0,0,2,血瘀|气虚
483889,train,寒证,manual_disambiguated,反复咳喘10余年，加重3天。,"患者10年前受凉后出现咳嗽、咳痰、喘憋，于当地医院就诊，予以对症治疗后改善。此后3年间，咳嗽、咳痰及喘憋症状反复发作，多在受凉及季节交替时加重，诊断为“支气管哮喘急性发作”，予以药物化痰、止喘及消炎等对症治疗后改善.长期使用信必可。3天前因受凉后出现胸闷气喘,活动后加重，咳嗽，咳黄白粘痰，夜间无喉间喘鸣,于当地医院输液治疗,效果欠佳；门诊以“支气管哮喘急性发作”收入我区住院系统治疗。近3天来，患者神志清，精神可，咳嗽、咳痰、气喘，无发热，无胸痛，饮食可，睡眠可，二便正常。",神志清晰，精神尚可，形体适中，语言清晰，口唇红润；皮肤正常，无斑疹。头颅大小形态正常，无目窼下陷，白睛无黄染，耳轮正常，无耳瘘及生疮；颈部对称，无青筋暴露，无瘿瘤瘰疬，胸部对称，虚里搏动正常，腹部平坦，无癥瘕痞块，爪甲色泽红润，双下肢无浮肿，舌淡红，苔白，脉浮滑。,0,0,0,0,0,0,1,0,0,0,1,痰湿
428230,train,气虚血瘀证,auto,头晕伴双下肢乏力1周。,1周前患者无明显诱因下出现头晕，伴双下肢乏力，无黒朦晕厥，无视物旋转，无恶心呕吐。1周来患者头晕昏沉反复发作。今日患者至我院就诊，为进一步诊治，遂收住入院。入院时：患者神清，精神一般，倦怠乏力，头晕昏沉，双下肢乏力，活动后胸闷不适，上腹部胀满间作，无心慌汗出，无恶心呕吐，无黒朦晕厥，无视物旋转，无意识障碍，无咳嗽咳痰，纳食尚可，小便调，大便次数频繁，夜寐尚安。,神志清晰，精神尚可，形体适中，语言清晰，口唇红润；皮肤正常，无斑疹。头颅大小形态正常，无目窼下陷，白睛无黄染，耳轮正常，无耳瘘及生疮；颈部对称，无青筋暴露，无瘿瘤瘰疬，胸部对称，虚里搏动正常，腹部平坦，无癥瘕痞块，爪甲色泽红润，双下肢无浮肿，舌紫暗有瘀斑，苔白腻，脉弦滑。,1,0,0,0,0,1,0,0,0,0,2,血瘀|气虚
483002,test,肝胃不和证,auto,上腹部隐痛间作10余年,患者10余年来反复出现上腹隐痛，疼痛以剑下为主，呈持续性隐痛，进食后加重，不伴肩背部放射痛，无反酸、嗳气、腹胀，无恶心呕吐，无畏寒发热，食纳可，二便正常，17年于四院行胃镜检查示：糜烂性胃炎，行电子结肠镜示结肠息肉，予内镜下切除术对症治疗，病情好转出院，现为求进一步诊治，今来我院，由门诊收入我科。入院时：患者上腹胀痛，疼痛以剑下及右上腹为主，呈间断性隐痛，进食后加重，无肩背部放射痛，伴反酸、嗳气及胸骨后烧灼感，口干，常有饥饿感，无恶心呕吐，无头晕，无心悸胸闷，食纳尚可，夜寐差，二便调，近期体重无明显变化。,神志清晰，精神尚可，形体适中，语言清晰，口唇红润；皮肤正常，无斑疹。头颅大小形态正常，无目窼下陷，白睛无黄染，耳轮正常，无耳瘘及生疮；颈部对称，无青筋暴露，无瘿瘤瘰疬，胸部对称，虚里搏动正常，腹部平坦，无癥瘕痞块，爪甲色泽红润，双下肢无浮肿，舌淡红，苔薄黄，脉弦。,0,0,0,0,1,0,0,0,0,0,1,气滞
433091,train,痰湿蕴肺证,auto,反复咳喘2年余，加重1月,患者2年前无明显诱因出现咳嗽、咳痰、喘憋，于当地医院就诊，予以对症治疗后改善。此后患者咳嗽、咳痰及喘憋症状反复发作，多在受凉及季节交替时加重，每年发作时间超过3个月，诊断为“慢性支气管炎”，予以药物化痰、止喘及消炎等对症治疗后改善。1月前咳嗽气喘加重，咳白灰粘痰，夜间咳重，伴头晕不适，自服头孢等药物，效差仍憋喘明显；3今日憋喘较前加重，动则尤甚；今来我院体检，门诊查肺部CT示两肺间质性改变、肺气肿。右肺上叶支气管变窄，右上肺近肺门部多发结节，右肺中叶小结节，建议 支气管镜检查。肝内低密度影，建议 增强CT或彩超检查。肺功能示肺活量及用力肺活量下降，一秒率下降，支气管舒张试验阴性，小气道病变，残总比升高，肺弥散功能下降；为求进一步诊治，门诊以“慢性阻塞性肺疾病”收入我区住院系统治疗。病程中，患者无恶心呕吐，无咳血胸痛，饮食少，睡眠欠佳，二便正常。,神志清晰，精神尚可，形体适中，语言清晰，口唇红润；皮肤正常，无斑疹。头颅大小形态正常，无目窼下陷，白睛无黄染，耳轮正常，无耳瘘及生疮；颈部对称，无青筋暴露，无瘿瘤瘰疬，胸部对称，虚里搏动正常，腹部平坦，无癥瘕痞块，爪甲色泽红润，双下肢无浮肿，舌淡红，苔白，脉弦滑。,0,0,0,0,0,0,1,0,0,0,1,痰湿
460810,test,风痰入络证,auto,言语不利、吞咽功能障碍4小时余,患者及家属诉患者今晨8点左右出现言语不利及言语功能障碍，伴有行走不稳，症状持续不缓解，遂来我院急诊，急诊查头颅CT示脑梗死，请CT室及呼吸科专科组会诊后排出新型冠状病毒，遂予以收入院，入院证见：神志清，精神差，言语不利，有吞咽功能障碍，记忆力、计算力、定向力下降，四肢活动尚可，肢体无抽搐，无发热，无咳嗽及咳痰，平素饮食一般，睡眠差，二便通畅。舌淡白，苔厚腻，脉滑。,神志清晰，精神欠佳，形体适中，语言不利，口唇少润；皮肤正常，无斑疹。头颅大小形态正常，无目窼下陷，白睛无黄染，耳轮正常，无耳瘘及生疮；颈部对称，无青筋暴露，无瘿瘤瘰疬，胸部对称，虚里搏动正常，腹部平坦，无癥瘕痞块，爪甲色泽少润，双下肢无浮肿，舌淡白，苔厚腻，脉滑。,0,0,0,0,0,0,1,0,1,0,2,内风|痰湿
450852,train,气虚不摄证,auto,黑便伴呕血间作两天,患者一天前无明显诱因出现大便发黑，不成形，一日间断4-5次，无里急后重，无腹痛腹胀，伴呕吐间作两次，呕吐物为咖啡样食糜，量约500ml，伴头晕不适，恶心间作，未予重视，未系统治疗，今日再次解黑便，约2-3次，伴呕吐，呕吐物为咖啡样食糜，量约250ml，觉心慌、头晕、乏力，家人遂送至我院急诊就诊，急诊遂拟上消化道出血收入我科进一步诊治。发病来，患者乏力、头晕、黑便，食欲欠佳，无发热、黄疸，无吞咽困难，无胸闷、咳痰、咯血，无尿少、尿血，食纳、睡眠尚可，近期无明显消瘦。,神志清晰，精神尚可，形体形体适中，语言清晰，口唇苍白；皮肤正常，无斑疹。头颅大小形态正常，无目窼下陷，无白睛，耳轮正常，无耳瘘级生疮；颈部对称，无青筋暴露，无瘿瘤瘰疬，胸部对称，虚里搏动正常，腹部平坦，无癥瘕痞块，爪甲色泽：色泽红润，双下肢对称，舌淡红，苔白，脉细,1,0,0,0,0,0,0,0,0,0,1,气虚
457959,train,湿热下注证,auto,肛内肿物外脱伴肿痛3天。,"患者于入院前3天，出现因食辛辣醇厚且劳累后出现肛缘肿痛伴肛内肿物脱出,未予治疗，症情反复发作渐加重，遂来本院求治。刻下：肛内肿物脱出伴肿缘疼痛，坐卧不宁，行走不利。大便1日/行，质硬，排出不畅，无便血，伴排便不尽及肛门坠胀感，无粘液便，小溲畅，无发热恶寒。纳食可，夜寐尚可，舌红，苔黄，脉滑数。",神志清晰，精神尚可，形体适中，语言清晰，口唇红润；皮肤正常，无斑疹。头颅大小形态正常，无目窼下陷，白睛无黄染，耳轮正常，无耳瘘及生疮；颈部对称，无青筋暴露，无瘿瘤瘰疬，胸部对称，虚里搏动正常，腹部平坦，无癥瘕痞块，爪甲色泽红润，双下肢无浮肿，舌红，苔黄，脉滑数。,0,0,0,0,0,0,0,1,0,0,1,湿热
485390,test,肝胃郁热证,auto,体重进行性增加2年，伴口干2周,患者平素喜食肥甘厚腻，2年前出现体重进行性增加，平均每年增加5kg，现体重85kg，BMI29.76Kg/m2，期间自行进行饮食、运动控制，效果不明显。2周前患者觉口干明显，病程中：体型呈中心性肥胖，面色红赤，稍觉口干多饮，时咳嗽咳痰，夜卧打鼾，大便日3次，食后即便，小便色红，带有泡沫，夜寐安。近期体重未见明显变化。,神志清晰，精神可，形体肥胖，语言清晰，口唇红润；皮肤正常，无斑疹。头颅大小形态正常，无目窼下陷，白睛无黄染，耳轮正常，无耳瘘及生疮；颈部对称，无青筋暴露，无瘿瘤瘰疬，胸部对称，虚里搏动正常，腹部平坦，无癥瘕痞块，爪甲色泽红润；呼吸如常，无呕吐，无呃逆、嗳气、太息、喷嚏等，无特殊异味。双下肢无浮肿，舌淡红，苔黄腻，脉沉滑。,0,0,0,0,1,0,0,0,0,1,2,气滞|实热
423149,train,正虚瘀结,auto,右肺癌术后2年余，发热呕吐1天。,患者2016-3因“咳嗽”至我院胸外科就诊，胸部CT：右肺上叶占位。至南京就诊，2016-3行胸腔镜下右肺癌根治术，术后病理：腺癌。术后未行放化疗。2018-3-15胸部CT：1.右上肺Ca术后改变；2.慢性支气管炎，肺气肿，大致同前；3.左肺上叶舌段及下叶后底段胸膜下磨玻璃影，同前相仿。2018-05起患者出现右侧髋部疼痛，伴右侧腹股沟包块。2018-5至我院门诊就诊，彩超：右侧腹股沟异常淋巴结声像。穿刺：查到癌细胞。 PET/CT：1、右肺内葡萄糖代谢未见异常增高灶，结合病史考虑治疗后改变，建议动态观察；2、右侧腹股沟区淋巴结（两枚）葡萄糖代谢异常增高灶；结合病史提示肿瘤转移性病变；3、右侧髂骨局部葡萄糖代谢异常增高区；结合骨显像提示肿瘤转移性骨病变；4、颈部、腹部及盆腔等区域葡萄糖代谢显像未见明显恶心病变征。5-11骨ECT：右侧髂骨外缘局部骨代谢异常，结合病史提示肿瘤转移性骨病。明确诊断：右肺癌IV期（右腹股沟淋巴结、骨转移）。2018-06-13、07-13、08-12、9-13、10-13、11-13、12-10、2019-01-08、2019-02-08予唑来膦酸抑制骨破坏。1天前患者无明显诱因出现发热，体温在38℃左右，呕吐物为胃内容物2次，为求进一步中西医结合治疗收入我科。目前仍有发热，上腹部不适，偶有呕吐，右侧腹股沟区、髋部疼痛不适，无明显腹痛，无腹胀，无发热，无胸闷、胸痛，二便正常，无明显消瘦，夜寐尚安。,神志清晰，精神尚可，形体适中，语言清晰，口唇红润；皮肤正常，无斑疹。头颅大小形态正常，无目窼下陷，白睛无黄染，耳轮正常，无耳瘘及生疮；颈部对称，无青筋暴露，无瘿瘤瘰疬，胸部对称，虚里搏动正常，腹部平坦，无癥瘕痞块，爪甲色泽红润，双下肢无浮肿，舌淡红，苔白，脉细弱。,1,0,0,0,0,1,0,0,0,0,2,血瘀|气虚
446933,train,风痰阻络证,auto,双下肢无力、行走不稳2月,患者于2月前无明显诱因出现双下肢无力，行走不稳，伴有头晕昏沉，未发生跌倒，外院治疗诊断为脑梗塞，经治仍有下肢无力，行走不稳，左侧稍重，今为求中西医结合治疗，特来我院就诊。入院时症状：神志清，双下肢无力，左侧稍重，行走不稳，伴有头晕昏沉，下肢酸重，饮食尚可，二便可，夜寐尚可。舌质红，苔白腻，脉弦。,神志清晰，精神尚可，形体适中，语言清晰，口唇红润；皮肤正常，无斑疹。头颅大小形态正常，无目窼下陷，白睛无黄染，耳轮正常，无耳瘘及生疮；颈部对称，无青筋暴露，无瘿瘤瘰疬，胸部对称，虚里搏动正常，腹部平坦，无癥瘕痞块，爪甲色泽红润，双下肢无浮肿，舌质红，苔白腻，脉弦。,0,0,0,0,0,0,1,0,1,0,2,内风|痰湿
480721,train,气虚血瘀证,auto,"反复胸闷痛1年余,加重半月","患者1年前无明显诱因反复出现胸闷痛，持续数分钟，活动时加重，休息后可缓解，2019年至徐州市中心医院就诊,予查冠脉CTA示冠状动脉心肌桥，管腔轻度狭窄,后予阿司匹林、阿托伐他汀钙片抗血小板聚集、降脂、稳定斑块治疗，后自行停用阿司匹林抗血小板聚集治疗 ，半月前患者因情绪不畅自觉胸闷痛较前加重，伴有后背沉重感，心慌乏力，遂今日至我院就诊，为进一步治疗收入我科。入院时：患者焦虑状态，活动后胸闷痛，伴后背放射痛，心慌乏力，无大汗淋漓，头晕偶作，无头痛，无视物旋转，无恶心呕吐，纳尚可，二便尚调，夜寐欠佳，双手掌指关节疼痛不适。",神志清晰，精神差，形体偏瘦，语言清晰，口唇发绀；皮肤正常，无斑疹。头颅大小形态正常，无目窼下陷，白睛无黄染，耳轮正常，无耳瘘及生疮；颈部对称，青筋暴露，无瘿瘤瘰疬，胸部对称，虚里搏动正常，腹部平坦，无癥瘕痞块，爪甲色泽苍白，双下肢无水肿。舌质淡紫，可见舌体胖且边有齿痕，苔薄白，脉虚细涩。,1,0,0,0,0,1,0,0,0,0,2,血瘀|气虚
481872,train,气虚血瘀证,auto,反复胸闷隐痛半年余，加重1周,患者半年余前无明显诱因反复出现胸闷隐痛，持续数分钟，活动时加重，休息后可缓解，未予重视，未至医院进行治疗。1周前患者因劳累自觉胸闷隐痛较前加重，心慌乏力，偶有后背沉重感，伴右手麻木，遂今日至我院就诊，为进一步治疗收入我科。入院时：患者活动后心胸疼痛，痛有定处，心慌，休息后症状可缓解，倦怠乏力，无咽喉紧缩感，右手麻木，无头晕头痛，无视物旋转，无黑曚晕厥，无意识障碍，偶有咳嗽，咽喉部疼痛，无明显咯痰，无畏寒发热，纳可，大便一日4次，小便正常，夜寐尚可。,神志清晰，精神尚可，形体偏胖，语言清晰，口唇发绀；皮肤正常，无斑疹。头颅大小形态正常，无目窼下陷，白睛无黄染，耳轮正常，无耳瘘及生疮；颈部对称，无青筋暴露，无瘿瘤瘰疬，胸部对称，虚里搏动正常，腹部平坦，无癥瘕痞块，爪甲色泽红润，双下肢无浮肿，舌质紫，可见舌体胖且边有齿痕，苔薄白，脉虚细涩。,1,0,0,0,0,1,0,0,0,0,2,血瘀|气虚
449724,train,肝肾不足证,manual_disambiguated,多关节疼痛间作5年余,患者5年余前出现右腕关节肿痛，后累及双手MCPJ1及双肩关节，至徐医附院就诊，查RF阳性，诊断为类风湿关节炎，使用白芍总苷、甲氨蝶呤、硫酸羟氯喹、甲泼尼龙治疗，后曾加用雷公藤多苷治疗，2014年8月至徐州市中心医院就诊，应用云克治疗3月，现应用甲氨蝶呤4粒1/周、来氟米特2粒1/晚、硫酸羟氯喹0.2qd治疗1年余，关节疼痛加重时自服甲泼尼龙2-3粒/天治疗，后因病情加重至我科住院治疗，将方案调整为甲氨蝶呤+雷公藤多苷+硫酸羟氯喹治疗，经治疗患者病情好转出院；后于2017年5月因出现双腕关节肿痛，以左腕关节为主，双肩关节疼痛明显于我科住院治疗，入院后将治疗方案调整为艾拉莫德+雷公藤多苷治疗，经治疗患者病情好转出院，出院后患者按时服药，病情控制一般；2017年7月出现发热，Tmax37.8℃，无寒战怕冷，无咳嗽咳痰，无腹痛腹泻，无尿频急痛，无恶心呕吐，未予特殊治疗体温可下降至正常，后体温反复升高，患者间断口服强的松2#后体温可下降，但仍反复，且出现双腕关节、双肩关节肿痛明显，活动受限，于2017年9月至我科住院治疗，入院后评估患者疾病活动度CDAI 30，SDAI 42.9为重度活动，结合患者病情予艾拉莫德+雷公藤多苷+益赛普治疗为主，经治疗患者病情明显好转出院，2017年10月及11月再次至我科住院治疗，评估类风湿关节炎活动度为低度活动，益赛普治疗效果可，后患者自停益赛普，同时未规律服药，今年7月份至我科住院治疗，入院后评估患者病情为CDAI 17，SDAI 24.75为中度活动，遂予艾拉莫德+雷公藤多苷+益赛普治疗，经治疗患者病情明显改善，2018年11月检查发现血白蛋白减少，遂改为甲氨蝶呤+益赛普治疗，效欠佳，患者自停益赛普治疗，后于2018年12月至我科住院治疗，入院后将抗类风湿药物调整为甲氨蝶呤+艾拉莫德治疗，但患者未规律服药，后于2019年3月出现双腕、双肩关节疼痛加重伴低热，Tmax：37.8℃，伴乏力倦怠，纳寐欠佳，再次至我科住院治疗，入院后予甲氨蝶呤+柳氮磺吡啶+正清风痛宁治疗，经治疗患者现病情好转出院，出院后患者仍未规律服药，仅口服甲氨蝶呤+硫酸羟氯喹抗类风湿治疗，病情控制差，今年6月患者出现多关节肿痛，入院后评估患者病情活动度为CDAI 24，SDAI 31.65，病情高度活动，其既往传统抗类风湿药物治疗效果差，病情反复，入院后再次予益赛普抗类风湿治疗，今年7月份及8月份评估病情活动度为中度活动，且病情肿痛反复，故患者自停益赛普治疗。后于今年9月因受凉及劳累后出现右腕关节肿痛，至我科行云克单病种治疗，并再次调整为甲氨蝶呤+艾拉莫德治疗，经治疗患者病情好转出院；此次患者因双肩关节、右腕关节酸痛，现为求进一步云克单病种治疗由门诊收入我科，入院症见：双肩、右腕关节酸痛，活动无明显受限，无发热，纳眠一般，二便调。,神志清晰，精神尚可，形体适中，语言清晰，口唇红润；皮肤正常，无斑疹。头颅大小形态正常，无目窼下陷，无白睛，耳轮正常，无耳瘘及生疮；颈部对称，无青筋暴露，无瘿瘤瘰疬，胸部对称，虚里搏动正常，腹部平坦，无癥瘕痞块，爪甲色泽红润，双下肢无浮肿，舌淡红，苔白，脉沉细。,1,1,0,1,0,0,1,0,0,0,4,阳虚|血虚|气虚|痰湿
447315,train,肝肾亏虚证,manual_disambiguated,双侧膝关节疼痛伴活动受限40余年，加重1年,患者约40余年前无明显诱因出现双侧膝关节疼痛，活动受限，贴膏药及休息后症状缓解，近一年来症状加重，阴雨天及行走时双膝关节疼痛加重，活动受限，在当地医院行针灸等中医特色理疗治疗，病情无明显缓解，严重影响患者正常生活，故为求进一步治疗，今日来我院门诊  就诊，经询问病史及查体后，行相关影像学检查示：胸部CT平扫：1.两肺间质性改变，肺大泡。 2.右肺中下叶陈旧性病灶。 3.冠状动脉钙化。双膝关节正侧位片：双膝关节骨性关节炎，膝关节不稳。（2019-9-24 本院）建议患者住院系统检查治疗，遂经门诊拟“双侧膝关节骨关节炎”收治入院。近期患者无明显体重下降，无潮热盗汗，无胸闷憋喘，无腹胀不适，睡眠及食纳尚可，二便自调。刻下双膝关节疼痛依然，活动受限。,神志清晰，精神尚可，形体适中，语言清晰，口唇红润；皮肤正常，无斑疹。头颅大小形态正常，无目窼下陷，白睛无黄染，耳轮正常，无耳瘘及生疮；颈部对称，无青筋暴露，无瘿瘤瘰疬，胸部对称，虚里搏动正常，腹部平坦，无癥瘕痞块，爪甲色泽红润，双下肢无浮肿，舌淡红，苔白，脉细涩。,0,1,1,0,0,0,0,0,0,0,2,阴虚|血虚
444306,train,肝胃不和证,auto,上腹部胀满伴胁肋部疼痛一月,患者一月前无明显诱因出现上腹部胀满，以剑下为主，伴胁肋部疼痛不适，伴口干口苦，无恶心呕吐，无反酸烧心，食欲尚可，进食量较前减少，曾口服荜苓胃痛、吗丁啉等对症治疗，效果欠佳，今为求中西医结合进一步诊治再来我院，门诊遂拟慢性胃炎收住入院。病程中患者上腹部胀满，伴胁肋部疼痛，口干口苦间作，食欲尚可，无发热、黄疸，无吞咽困难，无呕血、黑便，无腹泻，食纳一般，睡眠尚可，小便正常，大便难，近期消瘦约7斤。,神志清晰，精神尚可，形体形体适中，语言清晰，口唇红润；皮肤正常，无斑疹。头颅大小形态正常，无目窼下陷，无白睛，耳轮正常，无耳瘘级生疮；颈部对称，无青筋暴露，无瘿瘤瘰疬，胸部对称，虚里搏动正常，腹部平坦，无癥瘕痞块，爪甲色泽红润，双下肢对称，舌质红，苔薄黄，脉弦。,0,0,0,0,1,0,0,0,0,0,1,气滞
425330,train,风痰阻络证,auto,左侧肢体无力1周,患者1周前无明显诱因出现左侧肢体无力，未予重视，症状持续无缓解，今为进一步中西医结合治疗遂来我院，由门诊收住入院，入院时：患者神清，精神欠佳，左侧肢体无力，言语尚清，口角右歪，行走欠稳，伴有腰痛及左臀部、左下肢疼痛间作（有时呈放射样疼痛），腰部活动受限，无胸闷心慌，无恶心呕吐，无视物旋转，无腹痛腹泻，纳寐尚可，二便尚调。,神志清晰，精神欠佳，形体适中，语言尚清，口唇红润；皮肤正常，无斑疹。头颅大小形态正常，无目窼下陷，白睛无黄染，耳轮正常，无耳瘘及生疮；颈部对称，无青筋暴露，无瘿瘤瘰疬，胸部对称，虚里搏动正常，腹部平坦，无癥瘕痞块，爪甲色泽红润，双下肢无浮肿，舌暗红，苔薄腻，脉涩。,0,0,0,0,0,0,1,0,1,0,2,内风|痰湿
443240,train,肝胃不和证,auto,上腹部疼痛间作两年，加重半月,患者两年来反复出现上腹部疼痛不适，以剑下为主，伴反酸间作，无恶心呕吐，伴食欲减退，进食量较前明显减少，曾行电子胃镜示慢性浅表性胃炎伴糜烂，间断口服硫糖铝、胶体果胶铋、雷贝拉唑等对症治疗，效果一般，近半月患者自觉症状反复，较前加重，口服药物对症治疗，效果欠佳，今为求中西医结合进一步诊治再来我院，门诊遂拟慢性胃炎伴糜烂收住入院。病程中患者上腹部疼痛，无嗳气，口干口苦间作，食欲欠佳，无发热、黄疸，无吞咽困难，无呕血、黑便，无腹泻，食纳尚可，睡眠欠佳，小便正常，大便干，近期无明显消瘦。,神志清晰，精神尚可，形体形体适中，语言清晰，口唇红润；皮肤正常，无斑疹。头颅大小形态正常，无目窼下陷，无白睛，耳轮正常，无耳瘘级生疮；颈部对称，无青筋暴露，无瘿瘤瘰疬，胸部对称，虚里搏动正常，腹部平坦，无癥瘕痞块，爪甲色泽红润，双下肢对称，舌质红，苔薄黄，脉弦。,0,0,0,0,1,0,0,0,0,0,1,气滞
424653,test,气虚血瘀证,auto,头晕伴左侧肢体无力1天,患者素嗜肥甘，1天前无明显诱因出现头晕，伴左侧肢体无力，行走不稳，无视物旋转，无恶心呕吐，持续不缓解，现为求进一步诊疗入院。现症：头晕，左侧肢体无力，行走不稳，口干多饮，体倦乏力，无发热，无心慌胸闷，无恶心呕吐，无腹痛腹泻。自发病以来神清，精神可，纳食可，夜寐安，二便尚调，无发近期体重无明显增减。,神志清晰，精神尚可，形体适中，语言清晰，口唇红润；皮肤正常，无斑疹。头颅大小形态正常，无目窼下陷，无白睛，耳轮正常，无耳瘘及生疮；颈部对称，无青筋暴露，无瘿瘤瘰疬，胸部对称，虚里搏动正常，腹部平坦，无癥瘕痞块，爪甲色泽红润，双下肢无浮肿，舌质暗，苔白，脉涩。,1,0,0,0,0,1,0,0,0,0,2,血瘀|气虚
484640,val,气滞血瘀证,auto,外伤致颈部疼痛活动受限4小时。,患者4小时前因车辆追尾，导致全身多处受力，当即感颈部疼痛，活动时疼痛加重，感头晕头胀，无昏迷，无恶心呕吐，无胸闷气急，遂拨打120急诊送至我院急诊科，急诊查颈椎CT示：枢椎齿突与寰椎左侧侧块间距变窄。颈7横突粗大、右侧颈肋变异。颈椎曲度变直，骨质增生。肋骨三维重建示：两肺背侧密度增高影，肺挫伤可能。建议：3周后复查排除隐匿性骨折。上腹部CT示：上腹部平扫未见明确脏器破裂及液气腹。肝右前叶上段囊性占位。颅脑CT示：颅脑螺旋CT平扫颅内未见明确血肿及脑挫裂伤。腰椎CT示：1.腰2椎体轻度楔形变。2.腰1右侧横突腰肋变异。3.腰椎骨质增生。查新冠核酸报告未出，请我科会诊后，建议住院治疗。急诊以“寰枢椎半脱位”收入我院隔离病房。刻下患者一般情况可，无发热，无意识障碍，无恶心呕吐，无胸闷气急，头晕头胀，颈部疼痛、活动受限依然。平素纳食夜寐可，二便调。,神志清晰，精神尚可，形体适中，语言清晰，口唇红润；皮肤正常，无斑疹。头颅大小形态正常，无目窼下陷，白睛无黄染，耳轮正常，无耳瘘及生疮；颈部对称，无青筋暴露，无瘿瘤瘰疬，胸部对称，虚里搏动正常，腹部平坦，无癥瘕痞块，爪甲色泽红润，双下肢无浮肿，舌青紫，苔白，脉涩。,0,0,0,0,1,1,0,0,0,0,2,气滞|血瘀
464336,train,湿热下注证,auto,肛内肿物外脱伴肛门胀痛4月。,"患者于入院前4月，出现因食辛辣醇厚且劳累后出现肛缘肿痛伴肛内肿物脱出,伴肛门胀痛不适，自用肛泰膏、栓治疗，效果欠佳，症情反复发作渐加重，遂来本院求治。刻下：肛内肿物脱出伴肿缘疼痛，肛门胀痛，坐卧不宁，行走不利。大便，日行1-3次，质稀，排出不畅，伴便血，量少，色暗红，伴排便不尽及肛门坠胀感，无粘液便，小溲不畅，无发热恶寒，体重较前减轻5kg左右。纳食可，夜寐尚可，舌红，苔黄，脉滑数。",神志清晰，精神尚可，形体形体适中，语言清晰，口唇红润；皮肤正常，无斑疹。头颅大小形态正常，无目窼下陷，白睛无黄染，耳轮正常，无耳瘘及生疮；颈部对称，无青筋暴露，无瘿瘤瘰疬，胸部对称，虚里搏动正常，腹部平坦，无癥瘕痞块，爪甲色泽红润，双下肢无浮肿，舌红，苔黄，脉滑数。,0,0,0,0,0,0,0,1,0,0,1,湿热
462177,val,阳虚水泛证,auto,胸闷憋喘5年，加重伴咳血4天。,患者5年前反复出现胸闷不适，稍有憋喘，活动后明显，伴气短乏力，纳食减少，夜间尚可平卧，夜寐差，多次外院就诊，对症治疗后好转出院，出院后未规律服药。2017年7月因胸闷憋喘再发加重于我科住院治疗，予查24小时动态心电图：心房扑动（2:1-4:1下传）（平均心率104次/分，最慢59次/分，最快140次/分，房扑共一阵，持续时间21小时27分28秒），低电压，SDNN-24小时：54；2017-07-31予行冠脉造影术：LM未见狭窄、LAD内膜欠规则，中远段收缩期肌桥，收缩期狭窄50%；LCX未见狭窄；RCA未见明显狭窄，予抗血小板、改善心肌供血、减轻心脏负荷、改善心功能等治疗为主，病情好转出院。院外未规律服药，病情时有反复。2020年3月因胸闷憋喘再发加重于我科住院治疗，查心电图：房颤心律，部分导联ST-T段改变。心肺五联：BNP 225pg/ml，予抗血小板、抗凝、改善心肌供血、改善心功能、降压、利尿、减轻心脏负荷等治疗为主，病情好转出院。院外规律服用华法林、地高辛、富马酸比索洛尔、呋塞米、螺内酯等药物治疗，未进行门诊复查。4天前患者自觉胸闷、憋喘症状加重，伴有双下肢水肿，端坐呼吸，咳血间作，遂今日至我院就诊，予查INR8.98，为进一步诊治收住入院。入院时：患者胸闷憋喘，端坐呼吸，咳痰间作，未再咳血，心悸间作，无发热恶寒，无头晕头痛，无恶心呕吐，无腹痛腹胀，纳食一般，大小便尚调，夜寐欠佳。,神志清晰，精神尚可，形体适中，语言清晰，口唇红润；皮肤正常，无斑疹。头颅大小形态正常，无目窼下陷，白睛无黄染，耳轮正常，无耳瘘及生疮；颈部对称，无青筋暴露，无瘿瘤瘰疬，胸部对称，虚里搏动正常，腹部平坦，无癥瘕痞块，爪甲色泽红润，双下肢无浮肿，舌暗淡，体胖，苔白厚腻，脉沉迟。,0,0,0,1,0,0,0,0,0,0,1,阳虚
477294,train,气虚血瘀证,auto,突发头昏伴左侧肢体麻木10余天,"患者10余天前无明显诱因出现头昏频作，左侧肢体麻木，左上肢为著，行走尚平稳，头晕偶作,头重如裹，视物旋转偶作，恶心偶作，无呕吐，胸闷不显，心慌偶作，予口服药物治疗，症状持续无缓解，今为求中西医结合治疗，特来我院就诊。为进一步诊治收住入院,病程中患者无恶寒发热，无咳嗽咯痰,无晕厥黑朦,无四肢抽搐,无胸痛放射痛，无夜间憋醒，无气喘，饮食尚可，夜寐一般，二便尚调。",神志清晰，精神欠佳，形体适中，语言清晰，口唇红润；皮肤正常，无斑疹。头颅大小形态正常，无目窼下陷，无白睛，耳轮正常，无耳瘘及生疮；颈部对称，无青筋暴露，无瘿瘤瘰疬，胸部对称，虚里搏动正常，腹部膨隆，无癥瘕痞块，爪甲色泽：淡红，双下肢对称，舌淡紫，苔白，脉细。,1,0,0,0,0,1,0,0,0,0,2,血瘀|气虚
486818,train,气滞血瘀证,auto,腰痛伴右下肢放射性疼痛1月余,患者1月前无明显诱因下出现腰痛伴右下肢放射性疼痛，疼痛沿右臀后方，大腿外侧，直至小腿外侧，咳嗽及大便时患者感右下肢放射性疼痛加重，休息及到本院对症治疗后症状稍缓解。近半月来患者症状逐渐加重，经休息未能缓解，现为行进一步治疗，来我院门诊就诊，门诊拟“腰椎间盘突出症”收住入院。刻下患者神清，精神可。,神志清晰，精神尚可，形体适中，语言清晰，口唇红润；皮肤正常，无斑疹。头颅大小形态正常，无目窼下陷，白睛无黄染，耳轮正常，无耳瘘及生疮；颈部对称，无青筋暴露，无瘿瘤瘰疬，胸部对称，虚里搏动正常，腹部平坦，无癥瘕痞块，爪甲色泽红润，双下肢无浮肿，舌淡红，苔白，脉弦。,0,0,0,0,1,1,0,0,0,0,2,气滞|血瘀
444985,train,湿热下注证,auto,肛内肿物外脱伴肿痛便血1月,"患者1月来反复出现肛内肿物外脱伴肿痛便血,未予治疗，大便一日一行，质硬，排出不畅，伴便血，鲜血，量多，无排便不尽及肛门坠胀感，无粘液便，小溲畅，无发热恶寒。纳食可，夜寐尚可。舌淡红，苔白，脉数。",神志清晰，精神尚可，形体适中，语言清晰，口唇红润；皮肤正常，无斑疹。头颅大小形态正常，无目窼下陷，白睛无黄染，耳轮正常，无耳瘘及生疮；颈部对称，无青筋暴露，无瘿瘤瘰疬，胸部对称，虚里搏动正常，腹部平坦，无癥瘕痞块，爪甲色泽红润，双下肢无浮肿，舌淡红，苔白，脉数。,0,0,0,0,0,0,0,1,0,0,1,湿热
437709,test,脾胃虚寒证,auto,反复腹泻1年，又作1月,患者1年前无明显诱因出现腹泻，无里急后重，每日解3-4次黄色稀便，有粘液，无脓血，伴有上腹胀痛、反酸、嗳气及上腹部烧灼感，无发热，无咳嗽、咳痰，无胸闷、憋喘，无恶心、呕吐，后经对症治疗后好转出院。近一月患者腹泻反复发作，痛苦难耐，口服药物均能好转。一月前患者腹泻又作，里急后重，每日解3-4次黄色稀便，有粘液，无脓血，有上腹疼痛，伴有乏力，患者2019-06-24肠镜：慢性结肠炎伴糜烂，病理：（直肠）粘膜重度慢性活动性炎伴腺体增生活跃，患者为求进一步诊治，今来我院，由门诊收入我科。发病以来患者无明显头晕、心慌、胸闷，感脘腹胀满不舒，面色萎黄，肢倦乏力，睡眠欠佳，小便正常，舌淡苔白，脉细弱，近期体重无明显变化。,神志清晰，精神尚可，形体形体适中，语言清晰，口唇红润；皮肤正常，无斑疹。头颅大小形态正常，无目窼下陷，白睛无黄染，耳轮正常，无耳瘘及生疮；颈部对称，无青筋暴露，无瘿瘤瘰疬，胸部对称，虚里搏动正常，腹部平坦，无癥瘕痞块，爪甲色泽红润，双下肢无浮肿，舌淡红，苔白，脉弦。,0,0,0,1,0,0,0,0,0,0,1,阳虚
424003,train,气虚血瘀证,auto,口干多饮间作22年，头晕伴左侧肢体不利3天。,患者22年前因口干多饮多尿，查血糖升高，多次复查诊断为2型糖尿病，既往服用多种口服药物（具体不详），现方案：二甲双胍缓释片0.5 tid、拜糖苹50mg tid，长秀霖16U 22:00皮下注射，血糖控制不达标。病程中，因肢体麻木，诊断为糖尿病周围神经病变；因视物模糊，在眼科门诊诊断为糖尿病视网膜病变。3天前患者突发头晕伴左侧肢体不利，行走不稳，自测空腹血糖波动在8-10mmol/L，今为求进一步中西医结合系统诊治入住我区。目前：患者神清，精神尚可，头晕时作，左下肢肢体不利，行走不稳，稍有口干多饮，体倦乏力，视物模糊，皮肤有蚁行感，双手多处关节疼痛，弯曲受限，双足麻木刺痛，双下肢酸软伴浮肿，纳可，夜寐安，二便尚调。无视物旋转，无恶寒发热，无咳嗽咳痰，无腹痛腹泻，近期体重无明显变化。,望：神志清晰，精神尚可，形体偏胖，语言清晰，口唇红润；皮肤正常，无斑疹。头颅大小形态正常，无目窼下陷，白睛无黄染，耳轮正常，无耳瘘及生疮；颈部对称，无青筋暴露，无瘿瘤瘰疬，胸部对称，虚里搏动正常，腹部平坦，无癥瘕痞块，爪甲色泽红润，舌暗红，苔薄白；闻：呼吸如常，无呕吐，无呃逆、嗳气、太息、喷嚏等，无特殊异味。切：双下肢轻度浮肿，脉沉细。,1,0,0,0,0,1,0,0,0,0,2,血瘀|气虚
450696,train,痰湿蕴肺证,auto,反复发作性咳喘40余年，加重2天,患者40年前无明显诱因出现咳嗽、咳痰、喘憋，于当地医院就诊，予以对症治疗后改善。此后患者咳嗽、咳痰及喘憋症状反复发作，多在受凉及季节交替时加重，每年发作时间超过3个月，多次因病情加重于当地医院就诊，诊断为“慢性阻塞性肺疾病、肺心病”，予以药物化痰、止喘及消炎等对症治疗后改善。2天前患者因受凉后出现胸闷气喘加重，动则尤甚，咳嗽、咳白痰，胃部恶心不适，双下肢无水肿，予以泮托拉唑、阿米卡星药物静滴治疗后，症状无明显改善。为求进一步诊治，今来我院就诊，门诊以“慢性阻塞性肺疾病急性加重、肺心病”收入我区住院系统治疗。病程中，患者无恶寒发热，无咳血胸痛，四肢乏力，饮食少，恶心欲呕，睡眠一般，二便正常。,神志清晰，精神尚可，形体适中，语言清晰，口唇红润；皮肤正常，无斑疹。头颅大小形态正常，无目窼下陷，白睛无黄染，耳轮正常，无耳瘘及生疮；颈部对称，无青筋暴露，无瘿瘤瘰疬，胸部对称，虚里搏动正常，腹部平坦，无癥瘕痞块，爪甲色泽红润，双下肢无浮肿，舌淡红，苔白，脉滑。,0,0,0,0,0,0,1,0,0,0,1,痰湿
439310,train,正虚瘀结证,auto,直肠癌术后放疗后5月，腰痛加重1天,患者2017-03-21于徐州医科大学附属医院行腹腔镜下Dixon式直肠癌根治术，术后病理诊断：（直肠）溃疡型中分化腺癌，侵及浆膜下层，肿瘤大小4*3.5*1.5cm，侵犯神经，上、下切缘未见癌累及、吻合圈未见癌累及肠系膜淋巴结未见癌转移（0/14），术后予（奥沙利铂+卡培他滨）化疗，不良反应较大，未再化疗。2018-12-14因“大便隐血5月余”至徐州医科大学附属医院查肠镜病理提示：（吻合口）粘膜慢性炎，部分腺体异型增生，癌变。腹部CT：“直肠癌术后”改变，吻合口及其上方肠壁增厚，肿瘤侵犯骶骨S3-4（考虑肿瘤复发可能），前列腺左侧外周带T2信号不均匀减低，建议家属外院专家诊治。患者至上海多方会诊，肿瘤复发不明确，患者家属考虑相关风险后拒绝手术，要求保守治疗为主。2018-12-29行放射治疗，DT：PTV50Gy/25f，放疗21f，诉腹部隐痛，粘液便明显，2019-02暂停放疗。患者放疗后腹泻便秘交替，伴腰痛。04-18我院查颅脑CT：1.右额叶及两侧基底节区腔隙性脑梗塞、小软化灶。2.脑萎缩。胸部CT：1.两肺间质性改变，背侧模糊影，考虑：坠积效应。2.冠状动脉钙化。腹部CT：1.肝脏多发囊性占位。2.胰腺尾部囊实性肿块。CT增强检查，MRI检查。3.右侧肾上腺占位。4.考虑左肾错构瘤。5.阑尾内密度增高，考虑：粪石影。腰椎MR：1.T11、12、L2-L4椎体异常信号 考虑：转移瘤。2.L3-S1椎间盘轻度膨出。3.腰部椎间盘变性。4.腰椎退行性变。骶髂MR：S3、4椎体内异常信号影，考虑转移瘤。两侧骶髂关节MRI平扫未见明显异常。髋关节MR：双髋关节轻度滑膜炎。考虑骨转移。2019-04-23、05-20、06-18予唑来磷酸抑制骨破坏。1天前腰骶部酸痛加重，为进一步中西医结合治疗收住入院。患者现腰骶部酸痛，腹部隐痛，食纳尚可，无发热，无胸闷、憋喘，无咳嗽、咳痰，腹泻、便秘交替，小便尚可，夜寐尚安，无消瘦。,神志清晰，精神尚可，形体适中，语言清晰，口唇红润；皮肤正常，无斑疹。头颅大小形态正常，无目窼下陷，白睛无黄染，耳轮正常，无耳瘘及生疮；颈部对称，无青筋暴露，无瘿瘤瘰疬，胸部对称，虚里搏动正常，腹部平坦，无癥瘕痞块，爪甲色泽红润，双下肢无浮肿，舌淡红，苔白，脉细数。,1,0,0,0,0,1,0,0,0,0,2,血瘀|气虚
475758,train,气虚血瘀证,auto,右侧肢体无力伴言语不利半月余,患者于2020-08-18无晨起无明显诱因下出现右侧肢体无力及言语不利，于徐州市二院诊断为脑梗死，予溶栓治疗及药物治疗后，期间查心梗标记物异常，予保守治疗后，仍有右侧肢体无力及言语不利，时有胸闷，今为求进一步治疗由门诊收入院，入院证见：神志清，精神一般，右侧肢体无力，言语不利，鼻饲管在位通畅，无发热，无咳嗽及咳痰，二便时有失禁。,神志清晰，精神欠佳，形体适中，语言不清，口唇苍白；皮肤正常，无斑疹。头颅大小形态正常，无目窼下陷，白睛无黄染，耳轮正常，无耳瘘及生疮；颈部对称，无青筋暴露，无瘿瘤瘰疬，胸部对称，虚里搏动正常，腹部平坦，无癥瘕痞块，爪甲色泽红润，双下肢无浮肿，舌暗红，苔白，脉弦细。,1,0,0,0,0,1,0,0,0,0,2,血瘀|气虚
438043,test,气阴两虚证,auto,口渴多饮间作10余年，加重1月,患者素嗜肥甘，10余年前因口渴多饮查空腹血糖12.5mmol/L左右，餐后2h血糖19.9mmol/L，诊为糖尿病，予优必乐、长秀霖、孚来迪、二甲双胍等药物治疗，但饮食未加控制，血糖控制不理想。1月前，患者自觉口渴多饮明显，视物模糊症状加重，现为中西医结合控制血糖及筛查并发症，由我科收治入院。病程中，患者无明显头疼头晕，无明显肢体麻木，小便正常，大便干结，纳眠尚可。,神志清晰，精神尚可，形体适中，语言清晰，口唇红润；皮肤正常，无斑疹。头颅大小形态正常，无目窼下陷，无白睛，耳轮正常，无耳瘘及生疮；颈部对称，无青筋暴露，无瘿瘤瘰疬，胸部对称，虚里搏动正常，腹部平坦，无癥瘕痞块，爪甲色泽红润，双下肢无浮肿，舌淡红，苔薄白，脉细。,1,0,1,0,0,0,0,0,0,0,2,阴虚|气虚
462111,train,正虚瘀结证,auto,左肺腺癌术后2年。,患者2017年8月体检发现左下肺占位，2017-10-24行胸部CT平扫示：左肺下叶部分磨玻璃结节，较前变化不明显。后患者因咳嗽、咳痰于2018-03-15至徐州医科大学附属医院就诊，排除手术禁忌后，于2018-03-23行胸腔镜下左肺下叶切除伴淋巴结清扫术，术程顺利，术后病理：（左下肺）浸润性腺癌，腺样生长为主，部分贴壁样生长；肺被膜未见癌累及；肿瘤大小：2*2*1.5cm；未见明确神经、脉管侵犯；支气管切端未见癌累及；肺门、“第7组”、“第10组”、“第11组”淋巴结未见癌转移（0/1，0/1，0/2，0/1）。患者病期早，术后恢复可，于我院门诊中药巩固治疗。定期复查病情稳定。2019-09-10复查胸部CT示“左肺术后”改变，较2019-01-08片左肺上叶小结节未示明确显示。现患者为求中西医结合治疗入住我科，入院时：患者一般状况可，轻微咳嗽、咳痰，无恶寒、发热，无胸闷、憋喘，无胸痛、咯血，无腹痛、腹泻，食欲可，二便尚调，夜寐尚安，近期体重未见明显下降。,神志清晰，精神尚可，形体适中，语言清晰，口唇红润；皮肤正常，无斑疹。头颅大小形态正常，无目窼下陷，白睛无黄染，耳轮正常，无耳瘘及生疮；颈部对称，无青筋暴露，无瘿瘤瘰疬，胸部对称，虚里搏动正常，腹部平坦，无癥瘕痞块，爪甲色泽红润，双下肢无浮肿，舌淡红，苔白，脉弦细。,1,0,0,0,0,1,0,0,0,0,2,血瘀|气虚
419190,train,气虚血瘀证,auto,突发左侧肢体麻木1周。,患者有腔隙性脑梗死病史多年，经对症治疗遗留左侧肢体稍乏力。近1周患者自觉左侧肢体麻木不适，家人诉患者夜间胡言乱语、整夜不眠。今为进一步诊治，予收入住院，入院时患者神志清晰，精神尚可，言语清晰，左侧肢体麻木、乏力，双膝关节疼痛、不能行走，纳食差、时有嗳气，夜寐差，小便通畅，大便干燥。,神志清晰，精神尚可，形体适中，语言清晰，口唇红润；皮肤正常，无斑疹。头颅大小形态正常，无目窼下陷，白睛无黄染，耳轮正常，无耳瘘及生疮；颈部对称，无青筋暴露，无瘿瘤瘰疬，胸部对称，虚里搏动正常，腹部平坦，无癥瘕痞块，爪甲色泽红润，双下肢无浮肿，,1,0,0,0,0,1,0,0,0,0,2,血瘀|气虚
424089,train,肺卫不固证,auto,发现肺结节8月余。,"患者2018年6月体检时查胸部CT发现左肺上叶小结节（直径约9mm),未予特殊处理，2月后于邳州市中医院复查胸部CT示：左肺上叶小结节（直径9mm),肺CA可能性大，建议随访，期间患者未诉特殊不适，遂于2018年12月于徐医附院复查胸部CT示：左肺上叶小结节影（肺CA？）建议穿刺活检，左侧肩胛骨高密度灶，所示甲状腺异常密度影，建议超声检查。今患者为求进一步复查入我院。病程中患者偶有咳嗽、咳痰，偶有反酸、嗳气，无明显头痛、头晕，无腹痛、腹泻，食纳可，大小便无异常，夜寐尚安，近期体重无明显变化。",神志清晰，精神尚可，形体适中，语言清晰，口唇红润；皮肤正常，无斑疹。头颅大小形态正常，无目窼下陷，白睛无黄染，耳轮正常，无耳瘘及生疮；颈部对称，无青筋暴露，无瘿瘤瘰疬，胸部对称，虚里搏动正常，腹部平坦，无癥瘕痞块，爪甲色泽苍白，双下肢无浮肿，舌淡红，苔白，脉细。,1,0,0,0,0,0,0,0,0,0,1,气虚
420761,train,湿热蕴结证,auto,粘液脓血便间作八年，加重一周,患者八年前无明显诱因下出现粘液脓血便，大便基本成形，每日次数不等，便前多伴左下腹隐痛，便后腹痛可减轻，无发热、呕吐，时有里急后重感，发病后曾于徐州四院查电子结肠镜示溃疡性结肠炎（直肠-乙状结肠型），病理示乙状结肠粘膜慢性炎伴局部浅表溃疡，予SASP口服、灌肠等对症治疗后症状好转。八年来病情反复，多次于外院及外院对症治疗，效果一般，一周前患者自觉病情加重、灌肠及口服药物对症治疗效果欠佳，为求进一步检查及治疗来我院就诊，遂拟“溃疡性结肠炎”收入我科系统诊治。病程中患者解脓血黏液便，7-8次/日，左下腹隐痛不适，无发热、黄疸，无胸痛、咳痰，无呕血、黑便，食纳、睡眠一般，小便正常，近期无明显消瘦。,神志清晰，精神尚可，形体适中，语言清晰，口唇红润；皮肤正常，无斑疹。头颅大小形态正常，无目窼下陷，无白睛，耳轮正常，无耳瘘及生疮；颈部对称，无青筋暴露，无瘿瘤瘰疬，胸部对称，虚里搏动正常，腹部平坦，无癥瘕痞块，爪甲色泽红润，双下肢无浮肿，舌淡红，苔黄腻，脉弦。,0,0,0,0,0,0,0,1,0,0,1,湿热
444156,train,气滞血瘀证,auto,摔伤致右腕关节肿痛、畸形伴活动受限4小时,患者约4小时前在家不慎从梯子上摔落致右半身着地，右手撑地，当时即感右腕关节肿胀、疼痛明显，不能活动，伴畸形，在家休息后无法缓解，遂至我院门诊就诊。经询问病史及查体后，行右腕关节正侧位X线检查，结果回示：右侧桡骨远端骨折。右侧肱骨未见明确异常。右手骨质未见明确异常。故建议患者住院系统检查治疗，拟“桡骨远端骨折”收治入院。伤后患者一过性头晕干呕，无昏迷，无意识不清，对受伤经过回忆清晰，无胸闷心悸，刻下右腕关节肿胀，疼痛明显，不能活动，上肢末梢血运尚可。,神志清晰，精神尚可，形体适中，语言清晰，口唇红润；皮肤正常，无斑疹。头颅大小形态正常，无目窼下陷，白睛无黄染，耳轮正常，无耳瘘及生疮；颈部对称，无青筋暴露，无瘿瘤瘰疬，胸部对称，虚里搏动正常，腹部平坦，无癥瘕痞块，爪甲色泽红润，双下肢无浮肿，舌淡红，苔白，脉细涩。,0,0,0,0,1,1,0,0,0,0,2,气滞|血瘀
448478,test,肝肾亏虚证,manual_disambiguated,腰痛伴左下肢酸胀半月余，加重2天,患者半月前因劳累出现腰部疼痛伴左下肢酸胀，休息后减轻，症状时轻时重，反复发作，曾于徐州市中医院就诊，予腰椎CT检查示：1.腰4-5椎间盘右侧旁型突出2.腰3-4/5-骶1椎间盘轻度膨出。给予针灸等治疗后，症状好转。2天前患者腰部疼痛再作，伴左下肢外侧酸胀，现为求进一步治疗，由门诊拟“腰椎间盘突出”收住入院。入院时见：患者腰部酸痛不适，牵及左下肢外侧疼痛，俯仰困难，不耐久坐久站，不耐久行，颈肩部酸痛感，自发病以来无头晕头痛，无双下肢乏力、无鞍区麻木、无半身不遂，食纳尚可，夜寐尚安，二便调，近期体重无明显下降。,神志清晰，精神欠佳，形体适中，语言清晰，口唇红润；皮肤正常，无斑疹。头颅大小形态正常，无目窼下陷，白睛无黄染，耳轮正常，无耳瘘及生疮；颈部对称，无青筋暴露，无瘿瘤瘰疬，胸部对称，虚里搏动正常，腹部平坦，无癥瘕痞块，爪甲色泽红润，双下肢无浮肿，舌暗，苔白，脉弦细。,1,1,1,0,0,1,0,0,0,0,4,阴虚|血虚|血瘀|气虚
440851,train,肝胃郁热证,auto,腹痛间作半月余,"患者半月前无明显诱因出现腹痛，疼痛以上腹痛为主，饭后加重，无明显肩背部放射痛，有反酸、嗳气、腹胀及上腹部、胸骨后烧灼感，无恶心、呕吐，无发热，食欲可，间断咳嗽咳痰，大便每日一次，时有大便不成形，无粘液、脓血便，自诉时有胸痛，患者为求进一步诊治，今来我院，由门诊收入我科。病程中患者：无头晕，间断咳嗽咳痰,无心悸胸闷，纳可，睡眠可，小便正常，自诉近期体重轻度下降，进食后感胃脘嘈杂，舌红苔白，脉弦。",神志清晰，精神尚可，形体形体适中，语言清晰，口唇红润；皮肤正常，无斑疹。头颅大小形态正常，无目窼下陷，白睛无黄染，耳轮正常，无耳瘘及生疮；颈部对称，无青筋暴露，无瘿瘤瘰疬，胸部对称，虚里搏动正常，腹部平坦，无癥瘕痞块，爪甲色泽红润，双下肢无浮肿，舌淡红，苔白，脉弦。,0,0,0,0,1,0,0,0,0,1,2,气滞|实热
429332,train,脾肾两虚证,manual_disambiguated,双下肢水肿7月余,患者7月前无明显诱因出现双下肢水肿，遂至铜山茅村镇医院查尿常规：蛋白2+，潜血1+，肾功能：BUN4.68mmol/L，Scr63.5umol/L，UA270.1umol/L，县医院建议上级医院进一步就诊。2018年9月21日患者至徐州第一人民医院查尿常规：蛋白5.0g/L，定量红细胞473.3/ul，管型6.04/ul，建议患者行肾穿刺活检明确病理类型，患者表示拒绝，予螺内酯、百灵胶囊口服对症处理，患者水肿无明显好转。2018年10月22日患者入我科住院治疗，临床表现为血尿、蛋白尿，水肿，高脂血症，入院诊断肾病综合征，2018-10-22经患者及家属同意在彩超引导下行肾穿刺活检，肾脏病理回报：膜性肾病（光镜：12个肾小球，毛细血管袢呈弥漫性、均匀性增厚、僵硬，伴系膜细胞轻度节段性增生、系膜基质增多，Masson染色示嗜复红物沿毛细血管袢分布，PAS染色及银染示基膜增厚伴其外侧少量毛刺样纤细突起。极少数肾小管萎缩，少数小管伴蛋白管型、上皮细胞管型；间质少量淋巴细胞小灶性浸润伴轻度纤维化，血管未见明显病变。免疫荧光：IgG2+，IgA+，IgM+，C1q+，C3+，κ2+，λ2+，PLA2R2+）。治疗予甲强龙30mg静滴qd抗炎+环磷酰胺+他克莫司1片bid抑制免疫，配合利尿对症处理。目前强的松5mg口服qd+他克莫司2mg口服bid+环磷酰胺0.6静滴q2w（累计计量3.6g）。今为评估疾病活动度收住我科，入院时眼睑轻度浮肿，饮食睡眠可，夜寐尚可，夜尿0-1次，无发热，无夜间端坐呼吸，无皮疹，无关节炎，双下肢无水肿。,神志清晰，精神尚可，形体适中，语言清晰，口唇红润；皮肤正常，无斑疹。头颅大小形态正常，无目窼下陷，无白睛，耳轮正常，无耳瘘及生疮；颈部对称，无青筋暴露，无瘿瘤瘰疬，胸部对称，虚里搏动正常，腹部平坦，无癥瘕痞块，爪甲色泽红润，双下肢无浮肿，舌淡红，苔白，脉沉细。,0,0,0,1,0,0,0,0,0,0,1,阳虚
469666,train,气阴两虚证,auto,发现血糖升高10年余，加重半月,"患者10年前体检时发现血糖升高，多次复诊后诊断为2型糖尿病，始口服降糖药物“格列美脲及拜唐苹”治疗。4年前开始胰岛素治疗。目前降糖方案为“长秀霖22u ih qn,诺和龙1片 tid,二甲双胍2片 bid”,血糖波动于空腹血糖 7-10mmol/l，餐后2h血糖 10-11mmol/l；近半月患者血糖渐升高，餐后血糖高达15mmmol/l,2天予我院门诊查糖化血红蛋白9.8%，就诊于我科门诊，今患者为求进一步系统治疗，由门诊收入住院。病程中患者口干不明显,多饮，间作夜间感心慌胸闷伴饥饿感,进食后好转,查血糖11mmol/l左右，无四肢麻木疼痛，纳食可，大便不干，小便量正常，小便有泡沫。",神志清晰，精神尚可，形体偏胖，语言清晰，患者口唇红润；皮肤正常，无斑疹。头颅大小形态正常，无目窼下陷，白睛无黄染，耳轮正常，无耳瘘及生疮；颈部对称，无青筋暴露，无瘿瘤瘰疬，胸部对称，虚里搏动正常，腹部平坦，无癥瘕痞块，爪甲色泽苍白，双下肢无浮肿，舌红体胖，有齿痕，苔少，脉沉。,1,0,1,0,0,0,0,0,0,0,2,阴虚|气虚
454814,train,肝阳上亢证,auto,右侧肢体无力9月余,患者于9月前无明显诱因出现右侧肢体无力，遂至外院诊为脑出血，予介入及伽马刀治疗后，患者病情好转，遗有右侧肢体无力，现为求中西医结合治疗，由门诊收住入院，入院症状：神志清晰，精神尚可，右侧肢体无力，右上肢较重，能独自缓慢行走，食纳尚可，夜寐安，二便畅。,7.中医四诊摘要：神志清晰，精神尚可，形体适中，口唇红润；皮肤正常，无斑疹。头颅大小形态正常，无目窼下陷，无白睛黄染，耳轮色素脱失，无耳瘘及生疮；颈部对称，无青筋暴露，无瘿瘤瘰疬，胸部对称，虚里搏动正常，腹部膨隆，无癥瘕痞块，爪甲色泽红润，双下肢无浮肿，舌淡红，苔白，脉弦。,0,0,1,0,0,0,0,0,0,0,1,阴虚
441779,train,正虚瘀结证,auto,结肠癌3年余，肺转移8月，拟化疗。,"患者2016年因“结肠癌”行根治性手术，术后辅助化疗6周期。定期复查。2018-12发现双肺多发占位，未行特殊治疗。患者2019-1出现腰骶部疼痛，2019-4来我院骨科就诊。门诊查腰椎MRI示：L4椎体骨髓水肿；L1椎体陈旧性压缩骨折（未见腰椎骨质破坏）。收入骨科住院治疗，入院后查CA125 42.31U/ml↑,CA19-9 454.36U/ml↑,CEA 607.89ng/ml↑。腰椎CT：1、腰1-5椎间盘膨出；2、腰5-骶1椎间盘中央型突出；3、腰椎退行性变，L1椎体压缩性改变；4、L4椎体左部骨质密度减低。胸部CT：1、两肺多发转移瘤，较前增多、增大；2、右前上胸膜见丘样隆起，较前增大。2019.04.08腰椎MR：1.T10左侧上关节突骨质增生继发骨性椎管稍狭窄；2.胸部椎间盘变性；3.胸椎退行性变。2019.04.10上腹部增强CT：左侧输尿管上段占位，肾盂积液，建议：输尿管镜检查及中下腹部增强CT；右肾多发囊肿；两肺多发结节。明确诊断：结肠癌肺转移。2019-04-19、5-10、6-1、6-22、7-13行卡培他滨1.5 Bid单药化疗5周期。4周期化疗后复查CEA 251.33ng/ml↑。2019-07-12胸部CT：与2019-05-31本院胸部CT比较：1、两肺及右侧胸膜多发转移瘤，较前片变化不明显；2、气管隆突下多发淋巴结，较前未见明显变化。全腹CT：脂肪肝；左输尿管上段壁略厚，较前片（2019-05-31）变化不明显；右肾多发小囊肿可能，大致同前；左肾上腺增粗，较前片明显；直肠Ca术后改变。腰4椎体右侧致密影，大致同前；右侧坐骨、右髋臼前缘及右髂骨后部致密影，较前片（2019-05-31）变化不明显。评价疗效SD。患者出院后腰痛逐渐缓解，已停服镇痛药。现患者偶有腰痛，无腹痛、腹泻，无便秘、腹胀，无发热，胃纳可，小便正常，无消瘦，为求下一周期化疗由门诊收入我科。",神志清晰，精神尚可，形体适中，语言清晰，口唇红润；皮肤正常，无斑疹。头颅大小形态正常，无目窼下陷，白睛无黄染，耳轮正常，无耳瘘及生疮；颈部对称，无青筋暴露，无瘿瘤瘰疬，胸部对称，虚里搏动正常，腹部平坦，无癥瘕痞块，爪甲色泽红润，双下肢无浮肿，舌淡红，苔白，脉滑。,1,0,0,0,0,1,0,0,0,0,2,血瘀|气虚
473565,train,湿热下注证,auto,坏死性筋膜炎术后1月余,"患者于入院前1月，因“坏死性筋膜炎”于外院行坏死性筋膜炎清创术,术后创面不愈合,转至我院后再次感染，行清创手术治疗，术后常规换药治疗，创面暂未愈合。刻下：肛旁肿痛伴脓液外溢，坐卧不宁，行走不利。大便1日/行，日行1次，质软，排出畅，无便血，无排便不尽及肛门坠胀感，无粘液便，小溲畅，无发热恶寒。纳食可，夜寐尚可，舌淡红，苔黄，脉弦滑。",神志清晰，精神尚可，形体形体适中，语言清晰，口唇红润；皮肤正常，无斑疹。头颅大小形态正常，无目窼下陷，白睛无黄染，耳轮正常，无耳瘘及生疮；颈部对称，无青筋暴露，无瘿瘤瘰疬，胸部对称，虚里搏动正常，腹部平坦，无癥瘕痞块，爪甲色泽红润，双下肢无浮肿，舌淡红，苔白，脉弦滑。,0,0,0,0,0,0,0,1,0,0,1,湿热
454839,train,阴虚血瘀证,auto,发现血糖升高15年，伴双下肢刺痛1月,患者15年前体检时发现血糖升高，空腹血糖7.2mmol/l，多次复诊后诊断为“2型糖尿病”，予“二甲双胍片0.5g po tid”，血糖控制尚可。3年前患者因血糖控制欠佳，餐前血糖达9mmol/l，餐后血糖达11mmol/l，调整降糖方案为“拜唐苹50mg  po tid、格列美脲2mg po qd”，始血糖控制尚可，近1月加重，空腹血糖11mmol/l左右，餐后2h血糖14mmol/l左右，患者觉双下肢刺痛，伴下肢皮肤瘙痒，无麻木，为求进一步系统治疗收住我院。病程中患者口干多饮不明显，视物模糊，无心慌胸闷，无头晕纳食可，二便调，睡眠一般。近期体重无明显变化。,神志清晰，精神尚可，形体适中，语言清晰，口唇红润；皮肤正常，无斑疹。头颅大小形态正常，无目窼下陷，白睛无黄染，耳轮正常，无耳瘘及生疮；颈部对称，无青筋暴露，无瘿瘤瘰疬，胸部对称，虚里搏动正常，腹部平坦，无癥瘕痞块，爪甲色泽红润，双下肢无浮肿，舌质红，苔薄黄，脉沉细。,0,0,1,0,0,1,0,0,0,0,2,阴虚|血瘀
423794,test,风痰上扰证,auto,头昏伴行走欠稳1年余，加重伴腹泻7天,患者1年余前无明显诱因出现头昏伴行走欠稳，当时于当地医院诊断为脑梗死，经治疗后好转，此后症情时好时坏，7天前患者症情较前加重伴腹泻，当时门诊查头颅CT示：多发性脑梗死，现患者为求进一步明确诊疗遂由门诊收住入院，入院时：患者神情，精神尚可，头昏伴行走欠稳，腹泻，乏力时作，无头晕头痛，无恶心呕吐，咳嗽咯痰偶作，无胸闷胸痛，无腹痛，纳食尚可，夜寐尚安，腹泻，水样泻，次数不定，小便尚可，舌质黯，苔厚腻，脉弦细。,神志清晰，精神尚可，形体适中，语言清晰，口唇淡紫；皮肤正常，无斑疹。头颅大小形态正常，无目窼下陷，无白睛，耳轮正常，无耳瘘及生疮；颈部对称，无青筋暴露，无瘿瘤瘰疬，胸部对称，虚里搏动正常，腹部平坦，无癥瘕痞块，爪甲色泽：淡紫，双下肢对称，舌质黯，苔厚腻，脉弦细。,0,0,0,0,0,0,1,0,1,0,2,内风|痰湿
420140,train,气虚血瘀证,auto,反复头晕半月，加重伴右侧肢体麻木1天。,半月前患者无明显诱因出现头晕不适，突发晕厥，无口中怪叫，无二便失禁，无四肢抽搐，数十秒后自行苏醒，醒后出现恶心呕吐，胸闷心慌，汗出，未予重视，病程中反复出现头晕不适，1天前出现右侧肢体麻木，晨起、活动时及改变体位时明显，亦未予重视，休息后上述症状改善不理想，且出现头晕及右侧肢体麻木加重情况，遂今日至我院就诊，为进一步治疗收入我科。入院时：患者头晕不适，右侧肢体麻木，稍有胸闷心慌，双下肢无力，无头目胀痛，无视物模糊，行走不稳，轻微耳鸣，无恶心呕吐，纳可，夜寐欠安，二便正常。,神志清晰，精神萎靡，形体适中，语言清晰，口唇发绀；皮肤正常，无斑疹。头颅大小形态正常，无目窼下陷，白睛无黄染，耳轮正常，无耳瘘及生疮；颈部对称，无青筋暴露，无瘿瘤瘰疬，胸部对称，虚里搏动异常，腹部平坦，无癥瘕痞块，爪甲色泽红润，双下肢无浮肿。舌淡紫，苔薄白，脉涩。,1,0,0,0,0,1,0,0,0,0,2,血瘀|气虚
442595,train,正虚瘀结证,auto,右肺癌术后1年余，化疗后9月。,"患者2018年7月因肛周脓肿至我院肛肠科就诊，住院期间行胸部CT平扫示：1.右肺下叶蜂窝状高密度影，占位不除外。2.两肺间质性改变，右肺上叶小结节。3.前上纵隔（胸骨后）内占位，建议增强CT。胸部CT增强： 1.右肺下叶蜂窝状高密度影，考虑新生物。建议穿刺活检。2.两肺间质性改变，两肺多枚小结节。3.前上纵隔（胸骨后）内占位，考虑良性病变。患者右肺新生物，与家属协商后转至我院心胸外科，查无手术禁忌后，与2018-07-28在全麻下行“胸腔镜右下肺占位楔形切除+右下肺癌根治术”，术程顺利，术中快速病理回示：右下肺浸润性癌。术后病理：右下肺癌肺叶切除术：肿块大小约4*2*2cm。切面未见新的癌灶，带钉切缘及支气管切缘未见癌累及，肺门淋巴结未见癌累及（0/4），术中取（第七组、第十组、第十一组淋巴结）未见癌累及（0/7,0/1,0/3）。（右下肺）浸润性癌，组织学类型待免疫组化检测，肺膜及切缘未见癌累及。免疫组化结果示：符合浸润性腺癌。后患者外送病理组织行基因检测，EGFR（-）。排除化疗禁忌后，于2018-09-05、09-26、10-21、11-18行培美曲塞+顺铂方案术后辅助化疗4周期，具体方案：培美曲塞800mg d1+顺铂60mg d1-2，q3w，末次化疗时间2018-11-18，第3、4周期化疗后患者出现II度骨髓抑制，予对症处理后好转，后长期口服中医中药抗癌治疗，现患者为求进一步治疗收入我科。入院时：患者一般状况尚可，未诉特殊不适，无明显咳嗽、咳痰，无胸痛、胸闷，无恶寒发热，食欲尚可，无腹痛腹泻，二便尚调，夜寐欠安，近期体重无明显下降。",神志清晰，精神尚可，形体形体适中，语言清晰，口唇红润；皮肤正常，无斑疹。头颅大小形态正常，无目窼下陷，白睛无黄染，耳轮正常，无耳瘘及生疮；颈部对称，无青筋暴露，无瘿瘤瘰疬，胸部对称，虚里搏动正常，腹部平坦，无癥瘕痞块，爪甲色泽红润，双下肢无浮肿，舌红，苔白，脉弦细。,1,0,0,0,0,1,0,0,0,0,2,血瘀|气虚
439446,train,气滞血瘀证,auto,右膝关节疼痛伴活动受限5年加重半年余,患者5年前无明显诱因出现右膝关节疼痛伴活动受限，休息后减轻，活动后加重，反复发作，发作程度较重时伴活动受限，未予特殊治疗。近半年来患者右膝关节疼痛再次加重，伴伸曲活动受限，行走后疼痛加重，来我院门诊就诊，门诊拟“右膝关节骨性关节炎”收住我科。刻下患者神清，精神可。右膝部疼痛不适伴行走受限，无四肢疼痛麻木，一般情况可。,神志清晰，精神尚可，形体适中，语言清晰，口唇红润；皮肤正常，无斑疹。头颅大小形态正常，无目窼下陷，白睛无黄染，耳轮正常，无耳瘘及生疮；颈部对称，无青筋暴露，无瘿瘤瘰疬，胸部对称，虚里搏动正常，腹部平坦，无癥瘕痞块，爪甲色泽红润，双下肢无浮肿，舌淡红，苔白，脉弦。,0,0,0,0,1,1,0,0,0,0,2,气滞|血瘀
486312,train,气滞血瘀证,auto,摔伤致左髋部肿痛畸形5天余,"患者5天前在家不慎摔倒，左髋部着地，当即感局部疼痛剧烈，活动不能，稍后局部轻度肿胀，疼痛无减轻，仍无法活动，站立行走不能，翻身转侧困难，患肢拒绝搬动。家人发现后送附近医院就诊，急诊查X线片示：左侧股骨粗隆间骨折；左侧髋臼骨皮质稍毛糙；骨盆退行性病变。胸部CT示：老年肺改变，右肺下叶少许间质性改变；两肺多发微小结节、小结节；主动脉及冠脉硬化。于当地医院行输液、活血化瘀、消炎镇痛、抗凝等对症治疗后出院。建议转入上级医院进一步治疗。今患者及家属为进一步治疗，急来我院,排除新冠感染后拟“左侧股骨粗隆间骨折”收入住院。现患者神清，精神可，左髋部疼痛，活动受限依然，无头晕头痛，无恶心呕吐，无胸闷胸痛，无腹胀腹痛，平素饮食及睡眠良好，二便调。",神志清晰，精神尚可，形体适中，语言清晰，口唇红润；皮肤正常，无斑疹。头颅大小形态正常，无目窼下陷，白睛无黄染，耳轮正常，无耳瘘及生疮；颈部对称，无青筋暴露，无瘿瘤瘰疬，胸部对称，虚里搏动正常，腹部平坦，无癥瘕痞块，爪甲色泽红润，双下肢无浮肿，舌青紫，苔黄，脉沉细。,0,0,0,0,1,1,0,0,0,0,2,气滞|血瘀
474921,train,风痰上扰证,auto,头晕1天,患者1天前无明显诱因出现头晕，恶心干呕，无视物旋转，未予重视，今晨起后上述症状较前加重，为明确诊治，至我院，门诊以“眩晕”收入我科。入院时症状：神志清，精神欠佳，头晕，无视物旋转，右肩疼痛，恶心干呕，无视物旋转，行走尚可，二便可，饮食可，夜寐欠佳。舌质暗，苔白腻，脉弦。,神志清晰，精神欠佳，形体适中，语言清晰，口唇红润；皮肤正常，无斑疹。头颅大小形态正常，无目窼下陷，白睛无黄染，耳轮正常，无耳瘘及生疮；颈部对称，无青筋暴露，无瘿瘤瘰疬，胸部对称，虚里搏动正常，腹部平坦，无癥瘕痞块，爪甲色泽红润，双下肢无浮肿，舌质暗，苔白腻，脉弦。,0,0,0,0,0,0,1,0,1,0,2,内风|痰湿
451698,test,气虚血瘀证,auto,头晕伴双下肢行走不稳1年余。,患者有脑梗塞病史多年，1年来患者出现头晕不适，伴双下肢乏力、行走不稳，未予特殊处理。现患者为求进一步系统诊疗，遂来我院门诊就诊，由门诊医师拟“脑梗塞”收入住院。入院时：患者神志清晰，精神尚可，言语尚清晰，头晕不适，伴双下肢乏力、行走不稳，纳食欠佳，夜寐可，二便尚调。,神志清晰，精神欠佳，形体适中，语言清晰，口唇红润；皮肤正常，无斑疹。头颅大小形态正常，无目窼下陷，白睛无黄染，耳轮正常，无耳瘘及生疮；颈部对称，无青筋暴露，无瘿瘤瘰疬，胸部对称，虚里搏动正常，腹部平坦，无癥瘕痞块，爪甲色泽红润，双下肢无浮肿，舌暗，苔白，脉弦涩。,1,0,0,0,0,1,0,0,0,0,2,血瘀|气虚
480469,test,痰湿蕴肺证,auto,反复发作性咳喘18年，加重1周。,患者18年前无明显诱因出现咳嗽、咳痰、喘憋，于当地医院就诊，予以对症治疗后改善。此后18年间，患者咳嗽、咳痰及喘憋症状反复发作，多在受凉及季节交替时加重，每年发作时间超过3个月，多次因病情加重于当地医院就诊，诊断为“慢性阻塞性肺疾病，呼吸衰竭”，予以药物化痰、止喘及消炎等对症治疗后改善。1周前患者因受凉后出气喘加重，动则尤甚，咳嗽、咳中等量黄粘痰，在当地医院使用头孢类药物抗炎治疗后，病情未见明显好转，为求进一步诊治，今来我院就诊，门诊以“慢性阻塞性肺疾病急性加重”收入我区住院系统治疗。病程中，无恶心呕吐，无咳血胸痛，无双下肢水肿，饮食少，睡眠一般，二便正常。,神志清楚，精神尚可，形体偏瘦，语言清晰，口唇红润；皮肤正常，无斑疹。头颅大小形态正常，无目窼下陷，无白睛，耳轮正常，无耳瘘及生疮；颈部对称，无青筋暴露，无瘿瘤瘰疬，胸部对称，虚里搏动正常，腹部平坦，无癥瘕痞块，爪甲色泽红润，双下肢对称，舌淡红，苔白，脉滑。,0,0,0,0,0,0,1,0,0,0,1,痰湿
440790,train,气虚血瘀证,auto,反复胸闷隐痛6年，加重3天。,患者6年余前无明显诱因反复出现胸闷隐痛，持续数分钟，活动时加重，休息后可缓解，至徐州市中心医院就诊行冠脉造影示：LM无明显狭窄；LAD近段50%狭窄；LCX40%狭窄，RCA未见明显狭窄，给予抗血小板、调脂稳斑等治疗。2019.04患者再次出现胸闷胸痛，查冠脉CTA示：左前降支多发斑片状钙化继发管腔狭窄（局部大于70%狭窄），回旋支轻度狭窄，右冠脉轻度狭窄。长期服用拜阿司匹林、瑞舒伐他汀钙等药物治疗，病情尚平稳。3天前患者因劳累及情绪不畅自觉胸闷隐痛较前加重，乏力，偶有后背沉重感，服用上述药物无明显缓解，遂今日至我院就诊，为进一步治疗收入我科。入院时：患者心胸疼痛，痛有定处，时作时休，甚则心痛彻背，背痛彻心。心悸气短，动则益甚，倦怠乏力，声息低微，面色晄白，易汗出，纳可，二便尚调，夜寐尚可。,神志清晰，精神尚可，形体适中，语言清晰，口唇红润；皮肤正常，无斑疹。头颅大小形态正常，无目窼下陷，白睛无黄染，耳轮正常，无耳瘘及生疮；颈部对称，无青筋暴露，无瘿瘤瘰疬，胸部对称，虚里搏动正常，腹部平坦，无癥瘕痞块，爪甲色泽红润，双下肢无浮肿，舌质淡紫，苔薄白，脉虚细涩。,1,0,0,0,0,1,0,0,0,0,2,血瘀|气虚
449188,train,心血瘀阻证,auto,反复胸闷痛7余年，加重3小时,患者7余年前开始反复出现胸闷痛不适，劳累时明显加重，每次持续约10分钟，舌下含服硝酸甘油后可缓解。2018年至徐州市矿山医院行冠脉造影：LM粗短无狭窄，LAD管腔不规则，DE开口狭窄70%，LCX管腔不规则，RCA第二弯狭窄70-75%，TIMI血流3级；予药物保守治疗。患者平素不规则口服阿司匹林、倍他乐克、瑞舒伐他汀钙片等药物，上述症状控制一般。患者近3小时感胸闷痛明显加重，无放射痛，时有心慌乏力，含服硝酸甘油未缓解，遂至我院急诊就诊，故而收住入院。入院时：患者胸闷痛，时有心慌乏力，如刺如绞，痛有定处，入夜为甚，甚则心痛彻背，背痛彻心。偶有头晕，时有反酸，纳一般，大小便尚调，夜寐欠佳。,神志清晰，精神尚可，形体适中，语言清晰，口唇发绀；皮肤正常，无斑疹。头颅大小形态正常，无目窼下陷，白睛无黄染，耳轮正常，无耳瘘及生疮；颈部对称，无青筋暴露，无瘿瘤瘰疬，胸部对称，虚里搏动异常，腹部平坦，无癥瘕痞块，爪甲色泽发绀，双下肢无浮肿。舌质紫暗，有瘀斑，舌下瘀筋，苔薄，脉弦涩。,0,0,0,0,0,1,0,0,0,0,1,血瘀
466852,train,肝肾不足证,manual_disambiguated,腰痛3年,患者3年前无明显诱因出现腰及右髋关节疼痛，未予重视，2019-5在我院查骨密度：骨质疏松（颈部骨密度0.510，T-3.0，Wards骨密度0.312，T-3.5），考虑重度骨质疏松，予唑来磷酸100ml静滴抗骨质疏松治疗，今为再次唑来磷酸治疗入院，入院时：腰痛，右髋关节疼痛，活动后加重，乏力，无口眼干燥，无腹痛腹泻，无头晕头痛，纳寐可，小便失禁，无明显尿频尿痛，大便溏。,神志清晰，精神尚可，形体消瘦，语言清晰，口唇红润；皮肤正常，无斑疹。头颅大小形态正常，无目窼下陷，无白睛，耳轮正常，无耳瘘及生疮；颈部对称，无青筋暴露，无瘿瘤瘰疬，胸部对称，虚里搏动正常，腹部平坦，无癥瘕痞块，爪甲色泽正常，右舌淡紫，苔白，脉沉细。,1,1,0,1,0,1,0,0,0,0,4,阳虚|血虚|血瘀|气虚
456705,train,气滞血瘀证,auto,摔伤致左肩锁部肿痛活动受限1小时,患者1小时前因其骑电车不慎摔倒致左肩锁部肿痛畸形，活动受限，患者受伤时未昏迷，神智欠佳，对受伤过程记忆不清。未行特殊治疗，休息后未见明显缓解。今日为求进一步治疗，前来我院就诊，我科检查后，门诊以“左侧锁骨骨折”收入住院，入院时患者神志清，精神可，一般情况可，现患者左肩锁部疼痛肿胀，活动受限依然，受伤以来，无头晕头痛，无胸闷胸痛，无腹胀腹痛。,神志清晰，精神尚可，形体适中，语言清晰，口唇红润；皮肤正常，无斑疹。头颅大小形态正常，无目窼下陷，白睛无黄染，耳轮正常，无耳瘘及生疮；颈部对称，无青筋暴露，无瘿瘤瘰疬，胸部对称，虚里搏动正常，腹部平坦，无癥瘕痞块，爪甲色泽红润，双下肢无浮肿，舌淡红，苔白，脉弦。,0,0,0,0,1,1,0,0,0,0,2,气滞|血瘀
474766,val,气滞血瘀证,auto,腰部疼痛半年，进行性加重半月,患者半年前无明显诱因出现腰部疼痛，未予重视，症状逐渐缓解，半月前腰部疼痛复现，同时感右手麻木，背部游离性疼痛，未予治疗，半月来上述症状进行性加重，现为求进一步治疗，今来我院门诊诊治，门诊为进一步治疗，拟“腰椎间盘突出”收住入院，入院时，患者精神可，神志清，无心慌胸闷，无恶心呕吐，上述症状依旧，饮食尚可，夜寐欠佳，二便调。,神志清晰，精神尚可，形体适中，语言清晰，口唇红润；皮肤正常，无斑疹。头颅大小形态正常，无目窼下陷，白睛无黄染，耳轮正常，无耳瘘及生疮；颈部对称，无青筋暴露，无瘿瘤瘰疬，胸部对称，虚里搏动正常，腹部平坦，无癥瘕痞块，爪甲色泽红润，双下肢无浮肿，舌淡红，苔白，脉弦滑。,0,0,0,0,1,1,0,0,0,0,2,气滞|血瘀
451075,train,气虚血瘀证,auto,双下肢无力约2年加重1周,患者2017年突发脑梗塞，经对症治疗后无明显后遗症。约2年前无明显诱因下突发双下肢无力、行走不利，外院查头颅MRI：两侧额顶叶、基底节区、右侧颞枕叶散在梗塞灶；右侧枕叶少许急性梗塞灶；老年性脑萎缩，脑白质变性；左侧顶区小结节。经治疗，仍有双下肢无力，近1周来加重，今为进一步诊治，予收入住院，入院时患者神志清晰，精神一般，反应迟钝，言语清晰，左侧口角歪斜，双下肢无力、行走不利，缓慢，纳食可，夜寐可，大便通畅，小便尚可。,神志清晰，精神尚可，形体适中，语言清晰，口唇红润；皮肤正常，无斑疹。头颅大小形态正常，无目窼下陷，白睛无黄染，耳轮正常，无耳瘘及生疮；颈部对称，无青筋暴露，无瘿瘤瘰疬，胸部对称，虚里搏动正常，腹部平坦，无癥瘕痞块，爪甲色泽红润，双下肢无浮肿，舌淡紫，苔白，脉弦涩。,1,0,0,0,0,1,0,0,0,0,2,血瘀|气虚
481157,train,痰湿蕴肺证,auto,反复咳嗽气喘10年，加重3天,"患者10余年来，每于感寒受凉后出现咳嗽、咳痰，伴气喘明显，多于秋冬季发病，每年总病程超过三个月，反复发病，间断求治，未规律治疗，曾诊断为""支气管炎""，近年来出现活动后气喘，查肺功能提示阻塞性通气功能障碍，诊断为“慢阻肺”。曾因为呼吸衰竭,加用无创辅助通气治疗,呼吸机压力15/6mmHg,出院后长期家庭呼吸机治疗，3天前受凉后出现咳嗽气喘加重，咳少许白粘痰，逐渐加重，动则喘促，伴有下肢水肿,遂至我院门诊求治，查胸部CT：1.慢支伴陈旧性病灶、肺气肿、多发肺大泡。 2.冠状动脉钙化。 3.纵隔内肿大淋巴结影。血常规未示明显异常，新冠抗体阴性，收入院进一步治疗。病中，患者无咳黄脓痰,无畏寒发热、无胸痛咯血，饮食、睡眠欠佳，二便正常。",神志清晰，精神尚可，形体适中，语言清晰，口唇红润；皮肤正常，无斑疹。头颅大小形态正常，无目窼下陷，无白睛，耳轮正常，无耳瘘及生疮；颈部对称，无青筋暴露，无瘿瘤瘰疬，胸部对称，虚里搏动正常，腹部平坦，无癥瘕痞块，爪甲色泽：红润，双下肢对称，舌淡红，苔白，脉滑。,0,0,0,0,0,0,1,0,0,0,1,痰湿
455853,train,血热证,auto,全身皮肤反复起红斑鳞屑30年，复发加重半月。,患者30年前头皮部出现多数大小不等的鳞屑性红斑，伴有轻度瘙痒，且皮疹逐渐增多扩展至全身，曾多次就诊于徐州市各大医院，诊断“寻常型银屑病”，给予药物（具体不详）口服及外用，窄谱紫外线照射治疗等，病情时好时坏，且冬重夏轻，反复发作。近3年来患者全身仍不断有新发红斑鳞屑，瘙痒明显，患者未就医治疗。半月前患者头皮部、躯干、四肢部红斑鳞屑连成大片状，瘙痒剧烈，自行口服头孢类药物，外用恩肤霜治疗，病情好转不明显，遂来我科住院治疗。入院时患者无发热不适，无关节疼痛，精神及纳食可，睡眠欠安，二便自调。,神志清晰，精神尚可，形体适中，语言清晰，口唇红润；皮肤同前，有斑疹。头颅大小形态正常，无目窼下陷，白睛无黄染，耳轮正常，无耳瘘及生疮；颈部对称，无青筋暴露，无瘿瘤瘰疬，胸部对称，虚里搏动正常，腹部平坦，无癥瘕痞块，爪甲色泽红润，双下肢无浮肿，舌质暗红，苔黄腻，脉弦数。,0,0,0,0,0,0,0,0,0,1,1,实热
442301,train,气滞血瘀证,auto,摔伤致右腕部肿痛活动受限2小时,患者2小时前在楼下走路时不慎摔倒，右手部着地，致右腕部肿痛畸形，活动受限。遂到当地医院行X线示：右侧桡骨远端粉碎性骨折，右侧尺骨茎突撕脱性骨折。为求进一步治疗，前来我院就诊，我科检查后，门诊以“右侧桡骨远端骨折；右尺骨茎突撕脱性骨折”收入住院，入院时患者右腕部轻度肿胀畸形，疼痛，活动受限。受伤以来无意识障碍，无胸闷胸痛，无腹胀腹痛。,神志清晰，精神尚可，形体适中，语言清晰，口唇红润；皮肤正常，无斑疹。头颅大小形态正常，无目窼下陷，白睛无黄染，耳轮正常，无耳瘘及生疮；颈部对称，无青筋暴露，无瘿瘤瘰疬，胸部对称，虚里搏动正常，腹部平坦，无癥瘕痞块，爪甲色泽红润，双下肢无浮肿，舌紫暗，苔白，脉弦涩。,0,0,0,0,1,1,0,0,0,0,2,气滞|血瘀
466499,train,湿热下注证,auto,肛内肿物外脱伴肿痛1年,"患者于入院1年前劳累后出现肛内肿物外脱伴肿痛,未予治疗，症情反复发作渐加重，遂来本院求治。刻下：肛内肿物脱出伴肿缘疼痛，坐卧不宁，行走不利。大便日行2-3次，质软，排出畅，无便血，无排便不尽及肛门坠胀感，无粘液便，小溲畅，无发热恶寒。纳食可，夜寐尚可，舌红，苔黄，脉滑数。",神志清晰，精神尚可，形体适中，语言清晰，口唇红润；皮肤正常，无斑疹。头颅大小形态正常，无目窼下陷，白睛无黄染，耳轮正常，无耳瘘及生疮；颈部对称，无青筋暴露，无瘿瘤瘰疬，胸部对称，虚里搏动正常，腹部平坦，无癥瘕痞块，爪甲色泽红润，双下肢无浮肿，舌淡红，苔白，脉数。,0,0,0,0,0,0,0,1,0,0,1,湿热
467059,train,气虚血瘀证,auto,反复胸闷12年，再发伴憋喘1周。,12年前患者无明显诱因下出现胸闷不适，无心慌汗出，无憋喘气促，患者至外院就诊，自述行CAG术提示小血管狭窄（不详），未服用药物治疗。2年前患者无明显诱因下出现胸闷伴憋喘不适，伴心慌汗出，患者至外院就诊，查心脏彩超示：左室增大，射血分数下降，诊断为心衰，长期口服利尿、改善心功能药物治疗，2年来患者多次住院治疗。1周前患者自觉胸闷憋喘不适，与活动无关，夜间尚可平卧，无心慌汗出，今日患者至我院门诊就诊，为进一步诊治，遂收住入院。入院时：患者胸闷憋喘间作，与活动无关，无心慌汗出，偶有胸痛，夜间尚可平卧，腹胀，无头晕头痛，无恶心呕吐，无视物旋转，无黑曚晕厥，无意识障碍，无畏寒发热，无咳嗽咳痰，纳食尚可，小便频繁，大便调，夜寐尚安。,神志清晰，精神尚可，形体适中，语言清晰，口唇红润；皮肤正常，无斑疹。头颅大小形态正常，无目窼下陷，白睛无黄染，耳轮正常，无耳瘘及生疮；颈部对称，无青筋暴露，无瘿瘤瘰疬，胸部对称，虚里搏动正常，腹部平坦，无癥瘕痞块，爪甲色泽红润，双下肢无浮肿，舌质淡紫，可见舌体胖且边有齿痕，苔薄白，脉虚细涩。,1,0,0,0,0,1,0,0,0,0,2,血瘀|气虚
433566,train,痰湿蕴肺证,auto,发现右下肺腺癌3月，入院第4次化疗,患者于2019-01-30因受凉感冒，出现发热38.5°，咳嗽，胸闷憋喘，活动后加重，休息后可自行缓解，遂至当地医院就诊，予以对症治疗，输液13天，未见明显效果，在当地医院治疗效差，为进一步治疗，2019-02-12遂由家人送至萧县黄口镇中心医院查胸部CT:1.慢性支气管炎伴肺气肿2.右肺下叶占位伴两肺多发大小不等结节，建议胸部增强CT。2019-02-12萧县第二人民医院查心电图示：窦性心律，ST段改变。2019年02-12徐医附院肺功能：中度阻塞性通气功能障碍；残总比增高；弥散功能降低；可逆试验阴性，（11%）。至我院行右肺穿刺示：活检病理：（右肺下叶）穿刺图片：见到癌细胞。（右肺下叶）肺癌。免疫组化检测：CK7+；TTF-1+；NapsinA +；P40+/-；CK5/6 -；SY+/-；CgA-；P63 -；P53 +++；Ki67热点区 40%+。免疫组化结果符合（右肺下叶）肺腺癌。确诊为肺腺癌。遂予予PC方案化疗3周期，今日来我院要求入院行第4次化疗，门诊遂于今日收住入院，入院症见：患者胸闷憋喘，咳嗽，痰少色白，无痰中带血，无胸痛，无恶寒发热，无恶心呕吐，无腹胀腹痛，纳食可，二便调，夜寐欠安。,神志清晰，精神尚可，形体适中，语言清晰，口唇红润；皮肤正常，无斑疹。头颅大小形态正常，无目窼下陷，白睛无黄染，耳轮正常，无耳瘘及生疮；颈部对称，无青筋暴露，无瘿瘤瘰疬，胸部对称，虚里搏动正常，腹部平坦，无癥瘕痞块，爪甲色泽红润，双下肢无浮肿，舌淡红，苔白，脉细。,0,0,0,0,0,0,1,0,0,0,1,痰湿
476300,train,风痰阻络证,auto,言语不清伴右侧肢体无力10天,患者于10天前无明显诱因出现言语不清，伴右侧肢体无力，于外院行溶栓治疗后症状缓解不明显，今为进一步中西医综合治疗及康复治疗，收入我科，入院症状：神志清晰，精神欠佳，言语不清，右侧肢体完全瘫痪，无饮水呛咳，偶有咳嗽咳痰，右膝关节肿胀，无肢体抽搐，无烦躁不安，无头痛头晕，无恶心呕吐，夜寐尚可，饮食尚可，大便干燥，小便如常。体力体重近期无明显变化，舌红，苔白微腻，脉细。,神志清晰，精神欠佳，形体适中，语言清晰，口唇红润；皮肤正常，无斑疹。头颅大小形态正常，无目窼下陷，白睛无黄染，耳轮正常，无耳瘘及生疮；颈部对称，无青筋暴露，无瘿瘤瘰疬，胸部对称，虚里搏动正常，腹部平坦，无癥瘕痞块，爪甲色泽红润，双下肢无浮肿，舌红，苔白微腻，脉细。,0,0,0,0,0,0,1,0,1,0,2,内风|痰湿
422798,test,气虚血瘀证,auto,言语模糊伴左侧肢体无力2天。,患者2天前无明显诱因出现言语稍模糊，伴左侧肢体无力，行走尚平稳，未予以重视，后症状逐渐加重，行走稍欠稳，遂至我院门诊就诊，为求进一步中西医结合治疗，收入院。刻下：患者神清，精神欠佳，言语模糊，左侧肢体无力，行走稍欠稳，无饮水呛咳，伴头部昏沉不适，无视物旋转，无恶心呕吐等不适，间断性胸闷心慌，无胸痛、咳嗽咳痰，无发热寒战，进行性记忆力、计算力下降，以近期记忆为主，情绪低落，双眼流泪增多，视物模糊，盗汗、口干不苦，睡眠差，饮食欠佳，小便夜尿频，大便正常，体力较前稍降低，体重近期无明显下降，舌红，苔薄白，脉细涩。,神志清晰，精神尚可，形体适中，语言清晰，口唇红润；皮肤正常，无斑疹。头颅大小形态正常，无目窼下陷，白睛无黄染，耳轮正常，无耳瘘及生疮；颈部对称，无青筋暴露，无瘿瘤瘰疬，胸部对称，虚里搏动正常，腹部平坦，无癥瘕痞块，爪甲色泽红润，双下肢无浮肿，舌红，苔薄白，脉细涩。,1,0,0,0,0,1,0,0,0,0,2,血瘀|气虚
473583,train,湿热下注证,auto,肛内肿物外脱伴肿痛2年。,"患者于入院前2年，出现因食辛辣醇厚且劳累后出现肛缘肿痛伴肛内肿物脱出,未予治疗，症情反复发作渐加重，遂来本院求治。刻下：肛内肿物脱出伴肿缘疼痛，坐卧不宁，行走不利。大便日行4-5次，质稀，排出不畅，无便血，伴排便不尽及肛门坠胀感，偶伴腹痛，有粘液便，小溲畅，无发热恶寒。纳食可，夜寐尚可，舌红，苔黄，脉滑数。",神志清晰，精神尚可，形体形体适中，语言清晰，口唇红润；皮肤正常，无斑疹。头颅大小形态正常，无目窼下陷，白睛无黄染，耳轮正常，无耳瘘及生疮；颈部对称，无青筋暴露，无瘿瘤瘰疬，胸部对称，虚里搏动正常，腹部平坦，无癥瘕痞块，爪甲色泽红润，双下肢无浮肿，舌红，苔黄，脉滑数。,0,0,0,0,0,0,0,1,0,0,1,湿热
430939,train,肝肾不足证,manual_disambiguated,"反复多关节肿痛10年,伴乏力咳嗽气喘半月",患者于10年前无明显诱因出现多关节肿痛，主要累及双手近端指间关节、双腕、双肘、双膝、双肩等关节，晨僵大于1小时，诊断为类风湿关节炎、间质性肺病、骨关节炎；曾以激素、抗类风湿、保护软骨及对症类药物治疗（具体不详），病情反复发作，后每年多次于我科住院治疗，经对症治疗后好转，现服用来氟米特、雷公藤多苷、白芍总苷、硫酸氨基葡萄糖等药物。近半月来出现多关节疼痛较前加重，伴活动后胸闷气喘，咳嗽咳少量白粘痰，乏力倦怠。现为求进一步治疗由门诊收入我科，入院症见：双肩关节疼痛，上举困难，活动后胸闷气喘间作，时有咳嗽咳痰，为白粘痰，乏力倦怠，无头晕头痛，纳眠尚可，二便调。否认发热。,神志清晰，精神尚可，形体适中，语言清晰，口唇红润；皮肤正常，无斑疹。头颅大小形态正常，无目窼下陷，无白睛，耳轮正常，无耳瘘及生疮；颈部对称，无青筋暴露，无瘿瘤瘰疬，胸部对称，虚里搏动正常，腹部平坦，无癥瘕痞块，爪甲色泽红润，双下肢无浮肿，舌淡红，苔白腻，脉沉细。,1,1,0,1,0,0,1,0,0,0,4,阳虚|血虚|气虚|痰湿
419856,train,瘀血阻络证,auto,记忆力减退逐渐加重6年余。,患者6年前无明显诱因突然出现记忆力减退，近期记忆力减退明显，并出现病情逐渐加重，时有不识家人，今为求中西医结合治疗来我院求治，病程中患者无意识障碍，无黑曚，无头晕头痛，无胸闷心慌，无肢体不自主颤抖，无肢体活动障碍。现患者神清，精神欠佳，痴呆貌，反应迟钝，言语含糊、对答部分切题，记忆力减退，近期记忆力减退明显，时有不识家人，不知居住地，四肢活动可，纳谷量可，吞咽无呛咳，大便干燥，小便时有失禁，夜寐尚安。,神志清晰，精神欠佳，形体适中，语言清晰，口唇红润；皮肤正常，无斑疹。头颅大小形态正常，无目窼下陷，白睛无黄染，耳轮正常，无耳瘘及生疮；颈部对称，无青筋暴露，无瘿瘤瘰疬，胸部对称，虚里搏动正常，腹部平坦，无癥瘕痞块，爪甲色泽红润，双下肢无浮肿，舌暗，白，脉弦。,0,0,0,0,0,1,0,0,0,0,1,血瘀
479862,train,肝胃郁热证,auto,上腹痛6天,患者自诉6天前外出游玩后出现上腹痛，疼痛以剑下及右上腹为主，伴有恶心、呕吐，呕吐物为胃内容物及水，否认肩背以及腰背部放射痛，曾有发热，具体体温不详，自诉在当地医院输液治疗后体温恢复正常，但患者仍诉上腹痛，患者为求进一步诊治，今来我院，门诊查新冠核酸：未检出；胸部CT：两肺间质性改变。所见胰腺颈部、体部体积增大，周边脂肪间隙模糊合并多发淋巴结，胰腺炎可能性大，建议上腹部CT平扫+实验室检查。胃窦部后壁处混杂密度影。建议胃充盈后，腹部CT平扫+增强；有门诊手术我院。病程中患者有发热，现患者体温正常，无寒战，无心悸、胸闷，无咳嗽、咳痰，无尿黄、呕血、便血等，小便量可。患者自诉近2年体重下降20余斤。,神志清晰，精神尚可，形体消瘦，语言清晰，口唇红润；皮肤正常，无斑疹。头颅大小形态正常，无目窼下陷，白睛无黄染，耳轮正常，无耳瘘及生疮；颈部对称，无青筋暴露，无瘿瘤瘰疬，胸部对称，虚里搏动正常，腹部平坦，无癥瘕痞块，爪甲色泽红润，双下肢无浮肿，舌淡红，苔白，脉弦。,0,0,0,0,1,0,0,0,0,1,2,气滞|实热
453511,train,肝胃不和证,auto,上腹部不适一个月，头昏、头晕一天,患者一个月前无明显诱因出现上腹部不适，以右胁部及剑下为主，伴有嗳气、反酸、口苦、口干，未予重视，一天前患者出现头晕、头昏，血压170/88mmHg，无一过性黑懵，无视物旋转，无恶心呕吐，无腹痛腹泻，纳眠欠佳，门诊遂拟肝硬化、胆囊炎收入我科进一步诊治。发病来，患者上腹部不适，伴有头晕、头昏，纳眠欠佳、乏力，活动后胸闷、气短，双下肢疼痛，无发热，无咳嗽，咳痰，无黑便、咯血，无嗳气、反酸、无腹痛、腹胀，无呕血、便血，饮食一般，睡眠尚可，大便正常，小便发黄，无明显消瘦。,神志清晰，精神尚可，形体形体适中，语言清晰，口唇红润；皮肤正常，无斑疹。头颅大小形态正常，无目窼下陷，无白睛，耳轮正常，无耳瘘及生疮；颈部对称，无青筋暴露，无瘿瘤瘰疬，胸部对称，虚里搏动正常，腹部平坦，无癥瘕痞块，爪甲色泽红润，双下肢无浮肿，舌淡红，苔白，脉弦。,0,0,0,0,1,0,0,0,0,0,1,气滞
452580,train,气滞血瘀证,auto,摔伤致左腕部肿痛畸形活动受限1小时,患者1小时前在楼下走路时不慎摔倒，左手部着地，致左腕部肿痛畸形，活动受限。遂至我院就诊，行X线示：左桡骨远端骨折；左尺骨茎突撕脱性骨折。我科检查后，门诊以“左桡骨远端粉碎性骨折、左尺骨茎突撕脱性骨折”收入住院，入院时患者右腕部轻度肿胀畸形，疼痛，活动受限。受伤以来无意识障碍，无胸闷胸痛，无腹胀腹痛，,神志清晰，精神尚可，形体适中，语言清晰，口唇红润；皮肤正常，无斑疹。头颅大小形态正常，无目窼下陷，白睛无黄染，耳轮正常，无耳瘘及生疮；颈部对称，无青筋暴露，无瘿瘤瘰疬，胸部对称，虚里搏动正常，腹部平坦，无癥瘕痞块，爪甲色泽红润，双下肢无浮肿，舌紫暗，苔白，脉弦涩。,0,0,0,0,1,1,0,0,0,0,2,气滞|血瘀
436106,val,肝肾亏损证,manual_disambiguated,发作性眩晕2天,患者2天前出现起夜时突发眩晕，伴视物旋转，甚者恶心欲吐，持续数分钟后可自行缓解。患者2天内眩晕反复发作，遂于今日至我院门诊就诊，现为求进一步治疗，由门诊拟“混合型颈椎病”收住入院。入院时见：患者一般情况尚可，颈项部略有不适，无头痛，无双下肢踩棉感，无胸闷心慌，食纳可，夜寐安，二便调。,神志清晰，精神尚可，形体适中，语言清晰，口唇红润；皮肤正常，无斑疹。头颅大小形态正常，无目窼下陷，白睛无黄染，耳轮正常，无耳瘘及生疮；颈部对称，无青筋暴露，无瘿瘤瘰疬，胸部对称，虚里搏动正常，腹部平坦，无癥瘕痞块，爪甲色泽红润，双下肢无浮肿，舌淡红，苔白，脉弦细。,0,0,1,0,0,0,0,0,0,0,1,阴虚
442339,train,肝胃不和证,auto,大便不调间作五年余,患者五年前胆囊切除术后出现大便干稀不调，日行一次，夹有粘液，无脓血，无大便不尽感，无里急后重，腹痛偶作，排便后缓解，无腰背部及双下肢放射痛，反酸、嗳气、腹胀偶作，无烧心，恶心干呕，无心悸胸闷，食纳尚可，夜寐尚安，小便调，遂至我院门诊就诊，予中药（具体用药不详）口服后症状稍好转。五年间患者大便干稀不调症状间断发作，现为求进一步诊治，来我院就诊，由门诊收入我科。入院时患者：大便干稀不调，日行一次，夹有粘液，无脓血，无大便不尽感，无里急后重，腹痛偶作，排便后缓解，无腰背部及双下肢放射痛， 反酸、嗳气、腹胀偶作，无烧心，恶心干呕，无头晕、心慌、胸闷，面色萎黄，食纳尚可，夜寐安，小便调，舌淡苔白，脉细弦，近期体重无明显变化。,神志清晰，精神尚可，形体形体适中，语言清晰，口唇红润；皮肤正常，无斑疹。头颅大小形态正常，无目窼下陷，白睛无黄染，耳轮正常，无耳瘘及生疮；颈部对称，无青筋暴露，无瘿瘤瘰疬，胸部对称，虚里搏动正常，腹部平坦，无癥瘕痞块，爪甲色泽红润，双下肢无浮肿，舌淡白，苔白，脉细弦。,0,0,0,0,1,0,0,0,0,0,1,气滞
483580,train,湿热下注证,auto,肛旁肿痛3天,患者于入院前3天，出现因食辛辣醇厚且劳累后出现肛旁肿胀疼痛，症情反复发作渐加重，遂来本院求治。刻下：肛旁肿胀疼痛剧烈，坐卧不宁，行走不利。大便，日行1次，质软，排出畅，无便血，无排便不尽及肛门坠胀感，无粘液便，小溲畅，无发热恶寒。纳食可，夜寐尚可，舌红，苔黄，脉滑数。,神志清晰，精神尚可，形体适中，语言清晰，口唇红润；皮肤正常，无斑疹。头颅大小形态正常，无目窼下陷，白睛无黄染，耳轮正常，无耳瘘及生疮；颈部对称，无青筋暴露，无瘿瘤瘰疬，胸部对称，虚里搏动正常，腹部平坦，无癥瘕痞块，爪甲色泽红润，双下肢无浮肿，舌淡红，苔白，脉滑数。,0,0,0,0,0,0,0,1,0,0,1,湿热
449871,train,湿热瘀阻证,auto,检查发现盆腔粘连1月。,患者平素月经周期欠规则，30-60天一行，6-7天净，量中等偏少，色黯红，有血块，轻度痛经，偶尔需服用止痛药。G0P0，患者有生育要求，2018年08月曾就诊于我院，妇科彩超提示卵巢多囊样改变，间断口服药物调理，患者夫妻同居，有正常性生活，未避孕未孕半年，2019-09-19至我院门诊就诊HSG：1.双侧输卵管炎，右侧远端梗阻不通，2.盆腔炎？，建议下次月经干净后住院手术治疗。患者LMP：2019-10-13，量色质如常，行经6天，现经净第1天，现为行进一步手术治疗，由门诊收入我科，刻下：患者神清，精神可，偶腰部酸痛，无阴道异常出血，无明显下腹疼痛，无寒热往来，纳眠可，二便调畅，舌红，苔黄腻，脉弦数。,神志清晰，精神尚可，形体适中，语言清晰，口唇红润；皮肤正常，无斑疹。头颅大小形态正常，无目窼下陷，白睛无黄染，耳轮正常，无耳瘘及生疮；颈部对称，无青筋暴露，无瘿瘤瘰疬，胸部对称，虚里搏动正常，腹部平坦，无癥瘕痞块，爪甲色泽红润，双下肢无浮肿，舌红，苔黄腻，脉弦数。,0,0,0,0,0,0,0,1,0,0,1,湿热
435228,train,气虚血瘀证,auto,右下肢无力伴行走欠稳半年，加重伴咳喘1周。,患者自诉半年前患脑梗塞住院，治疗好转后出院，右侧肢体稍有不利，1周前开始，出现右下肢无力伴行走欠稳，后症状持续未缓解，咳嗽，咳黄白粘痰，气喘，动则尤甚你，今为求中西医治疗入院，病程中无意识模糊、无肢体抽搐，刻下患者神清，精神可，右下肢无力，行走欠稳，食纳可，夜寐安，二便正常。舌淡紫，苔白，脉弦。,神志清晰，精神尚可，形体适中，语言清晰，口唇红润；皮肤正常，无斑疹。头颅大小形态正常，无目窼下陷，白睛无黄染，耳轮正常，无耳瘘及生疮；颈部对称，无青筋暴露，无瘿瘤瘰疬，胸部对称，虚里搏动正常，腹部平坦，无癥瘕痞块，爪甲色泽红润，双下肢无浮肿，舌淡红，苔白，脉滑。,1,0,0,0,0,1,0,0,0,0,2,血瘀|气虚
419563,train,肝胃郁热证,auto,上腹疼痛间作二月余,患者二月前无明显诱因出现上腹疼痛，疼痛以剑下及右上腹为主，呈间断性隐痛，晨起明显，无肩背部放射痛，无明显反酸、嗳气及胸骨后烧灼感，无明显腹胀，无恶心呕吐，无发热，食纳尚可，夜寐尚安，小便尚调，大便日行一次，无粘液脓血，当时未予重视，未行相关检查或治疗。二月来患者上腹疼痛症状间断发作，期间于我院行全腹彩超、电子胃、肠镜（详见辅助检查），见“胆囊结石、胃溃疡、结肠息肉”，现患者为求进一步诊治，今来我院，由门诊收入我科。入院时患者：上腹疼痛间作，无肩背部放射痛，无反酸、嗳气及胸骨后烧灼感，无腹胀，无恶心呕吐，无头晕，无心悸胸闷，食纳一般，夜寐安，小便调，大便日行一次，无粘液脓血，近期体重无明显变化，舌红苔黄，脉弦。,神志清晰，精神尚可，形体形体适中，语言清晰，口唇红润；皮肤正常，无斑疹。头颅大小形态正常，无目窼下陷，白睛无黄染，耳轮正常，无耳瘘及生疮；颈部对称，无青筋暴露，无瘿瘤瘰疬，胸部对称，虚里搏动正常，腹部平坦，无癥瘕痞块，爪甲色泽红润，双下肢无浮肿，舌红，苔黄，脉弦。,0,0,0,0,1,0,0,0,0,1,2,气滞|实热
472643,train,湿热下注证,auto,肛门肿胀疼痛1周,"患者于入院前1周，出现因过食辛辣之品而致大便干结，努挣而下后感肛门疼痛，便血，色鲜红，量少，疼痛呈间歇性发作，无肿物脱出,未予治疗，症情反复发作渐加重，遂来本院求治。刻下：肛门疼痛，便后尤甚，便后尤甚，坐卧不宁，行走不利。大便1日/行，日行1次，质硬，排出不畅，无便血，伴排便不尽及肛门坠胀感，无粘液便，小溲畅，无发热恶寒。纳谷不馨，夜寐尚可，舌红，苔黄，脉弦滑。",神志清晰，精神尚可，形体形体适中，语言清晰，口唇红润；皮肤正常，无斑疹。头颅大小形态正常，无目窼下陷，无白睛，耳轮正常，无耳瘘及生疮；颈部对称，无青筋暴露，无瘿瘤瘰疬，胸部对称，虚里搏动正常，腹部平坦，无癥瘕痞块，爪甲色泽红润，双下肢无浮肿，舌红，苔黄，脉弦滑。,0,0,0,0,0,0,0,1,0,0,1,湿热
453955,train,气血瘀滞证,auto,诊断肺腺癌IV期半年余，胸痛加重3天,患者2019年04月因胸闷入我科住院治疗，查胸部CT示1.右胸上部包裹性积液，予以胸腔穿刺引流，胸水生化及肿瘤标志物，提示为恶性胸水，胸水引流后行CT引导下肺穿刺。病理提示肺腺癌。病理切片行多项基因检测提示EGFR 为野生型，CDK4 拷贝数扩增，可能从帕博西尼，瑞博西尼中获益。免疫治疗评估可能不能从PD-1抑制剂中获益，经讨论后于2019-05-16至2019-9-30先后行六次培美曲塞联合顺铂化疗，化疗过程中无明显恶心呕吐等消化道反应，复查白细胞下降，予以口服利可君升白治疗后好转，2019-10-16、11-09行培美曲塞单药化疗，唑来磷酸骨转移对症治疗。3天前患者右侧胸痛加重，自服止痛药物效果不佳，遂来我院就诊，收入我区系统治疗，病程中，患者右侧胸痛，间断咳嗽咳痰，无气喘，胸部疼痛不适，无畏寒发热，无咯血，无晕厥，食纳一般，大小便正常。,神志清晰，精神尚可，形体适中，语言清晰，口唇红润；皮肤正常，无斑疹。头颅大小形态正常，无目窼下陷，白睛无黄染，耳轮正常，无耳瘘及生疮；颈部对称，无青筋暴露，无瘿瘤瘰疬，胸部对称，虚里搏动正常，腹部平坦，无癥瘕痞块，爪甲色泽红润，双下肢无浮肿，舌淡红，苔白，脉涩。,1,0,0,0,0,1,0,0,0,0,2,血瘀|气虚
460416,train,气滞血瘀证,auto,盆腔肿物（腺癌晚期)化疗后，要求复查。,患者月经周期尚规则，28-30日一行，3天净，量少，色暗红，无痛经，现已结扎。半年前患者无明显诱因出现下腹隐痛，伴大便频、肛门坠胀感，后检查发现盆腔肿物。2019年12月7日于我院住院详细检查与治疗，2019年12月10日行超声引导下经后穹窿盆腔肿物穿刺活检术，病理回示：盆腔包块穿刺涂片：查到恶性肿瘤细胞，考虑为腺癌细胞，徐州市中心医院病理会诊：涂片见癌细胞，提示腺癌细胞，12月13日予紫杉醇210mg+洛铂40mg化疗治疗，经治后好转出院。2020年1月3日同方案行第二周期化疗治疗。患者为求复查及进一步治疗，今日至我院门诊就诊，由门诊收治入院。刻下：患者神清，精神好，无下腹胀痛，无肛门下坠感，无头晕，纳可，夜寐安，二便调畅。舌黯，苔薄，脉沉涩。,神志清晰，精神尚可，形体适中，语言清晰，口唇红润；皮肤正常，无斑疹。头颅大小形态正常，无目窼下陷，白睛无黄染，耳轮正常，无耳瘘及生疮；颈部对称，无青筋暴露，无瘿瘤瘰疬，胸部对称，虚里搏动正常，腹部平坦，无癥瘕痞块，爪甲色泽红润，双下肢无浮肿，舌黯，苔薄，脉沉涩。,0,0,0,0,1,1,0,0,0,0,2,气滞|血瘀
459742,train,气虚血瘀证,auto,反复胸闷40余年。,患者40年余前开始反复出现胸闷，持续数分钟，活动时加重，休息后可缓解，在我院诊断为“冠心病、稳定型心绞痛”，平素口服麝香保心丸2粒 tid、波立维75mg qd等药物治疗，病情控制一般，多次在我科住院治疗。昨日患者睡眠欠佳，口服4片安定片，今日晨起乏力，活动时再发胸闷不适，遂至我院就诊，为求进一步诊治收治入院。入院时：患者胸闷不适，时作时休，四肢乏力，头晕，无头痛，无晕厥黑矇，无恶心呕吐，无咳嗽咳痰，纳欠佳，小便频多，大便干燥难解，夜寐欠安。,神志清晰，精神欠佳，形体适中，语言清晰，口唇红润；皮肤色素沉着，无斑疹。头颅大小形态正常，无目窼下陷，白睛无黄染，耳轮正常，无耳瘘及生疮；颈部对称，无青筋暴露，无瘿瘤瘰疬，胸部对称，虚里搏动正常，腹部平坦，无癥瘕痞块，爪甲色泽红润，双下肢无浮肿，舌质淡紫，可见舌体胖且边有齿痕，苔薄白，脉细涩。,1,0,0,0,0,1,0,0,0,0,2,血瘀|气虚
418635,train,痰瘀滞络证,auto,头晕头痛1年，加重伴左侧肢体麻木2天,"患者近1年偶感头晕头痛，未予重视，四天前因上腹部不适于我院外科住院治疗，检查发现两侧基底节区腔隙性梗塞，近2天感头晕头痛加重伴左侧肢体麻木，遂来我科就诊，病程中患者口干多饮多尿不明显，无发热，无咳嗽咯痰，偶有胸闷，无脘腹痞满，无胸胁胀闷，无腹部胀大，无心烦易怒，饮食尚可，无消瘦，无视物模糊，双下肢无浮肿，小便无泡沫，大便正常,睡眠佳。","神清，精神尚可，口干多饮，左侧肢体麻木，无发热，无咳嗽咯痰，偶有胸闷，无脘腹痞满，无胸胁胀闷，无腹部胀大，无心烦易怒，饮食尚可，无消瘦，无视物模糊，双下肢无浮肿，小便无泡沫，大便正常,睡眠差。舌质淡红，苔黄，脉弦。",0,0,0,0,0,0,1,0,0,0,1,痰湿
486353,train,气滞血瘀证,auto,右锁骨骨折术后1年要求取除骨折内固定装置,患者1年前不慎摔伤，致右锁骨骨折，于我院行手术治疗，术后病情稳定后出院，积极功能锻炼，定期门诊复查。近期复查X线片，见骨折愈合。故患者为行手术治疗取除骨折内固定物，今日来我院门诊就诊。经询问病史、查体及阅片后，遂经门诊拟“取除骨折内固定装置”收治入院。今日患者无发热，无胸闷憋喘，无咳嗽咳痰，无潮热盗汗，无腹胀不适，睡眠及食纳尚可，二便自调，现右肩关节活动度尚可，外展稍受限。,神志清晰，精神尚可，形体适中，语言清晰，口唇红润；皮肤正常，无斑疹。头颅大小形态正常，无目窼下陷，白睛无黄染，耳轮正常，无耳瘘及生疮；颈部对称，无青筋暴露，无瘿瘤瘰疬，胸部对称，虚里搏动正常，腹部平坦，无癥瘕痞块，爪甲色泽红润，双下肢无浮肿，舌淡红，苔白，脉弦滑。,0,0,0,0,1,1,0,0,0,0,2,气滞|血瘀
447898,train,气滞血瘀证,auto,右足趾发现黑色皮疹2月余。,患者2月前发现右足第3趾内侧有一粟粒大小黑色皮疹，境界清楚，时因摩擦破溃、出血、渗出，反复红肿，偶有瘙痒、轻度疼痛，增长较缓。近来因担心恶变，为求进一步治疗，遂来我科住院，拟手术切除治疗。入院时患者无发热，精神及纳食尚可，夜寐安，二便自调。,"神志清晰，精神尚可，形体适中，语言清晰，口唇红润；皮肤同前，有斑疹。头颅大小形态正常，无目窼下陷，白睛无黄染，耳轮正常，无耳瘘及生疮；颈部对称，无青筋暴露，无瘿瘤瘰疬，胸部对称，虚里搏动正常，腹部平坦，无癥瘕痞块，爪甲色泽红润，双下肢无浮肿，舌质暗红,苔薄白,脉涩。",0,0,0,0,1,1,0,0,0,0,2,气滞|血瘀
452398,train,气虚血瘀证,auto,反复胸闷憋喘1年余，加重1天,患者1年余前开始反复出现胸闷憋喘不适，活动后明显，时有夜间憋醒，端坐位缓解，2019-06月至本院就诊，查胸部CT：右肺下叶背段及后底段磨玻璃结节。右肺下叶病灶新生物可能性大，右肺中叶钙化灶、慢性炎症。冠状动脉钙化。肝脏多发囊性密度影。予对症处理后好转出院，后未服药治疗。2019.09.03患者行右下肺背段切除术，术中病理示腺癌，术后患者时有胸闷憋喘不适，未予特殊处理，1天前患者无明显诱因突然感胸闷憋喘较前明显加重，伴气短乏力，呼吸困难，端坐呼吸，休息后症状无明显好转，遂今日至我院就诊，为进一步诊治收治入院。入院时：患者胸闷憋喘，呼吸困难，端坐呼吸，心慌，气短乏力，右侧肢体酸软乏力，无胸痛放射痛，无晕厥黑曚，纳欠佳，二便尚调，夜寐差。,神志清晰，精神欠佳，形体适中，语言清晰，口唇发绀；皮肤正常，无斑疹。头颅大小形态正常，无目窼下陷，白睛无黄染，耳轮正常，无耳瘘及生疮；颈部对称，无青筋暴露，无瘿瘤瘰疬，胸部对称，虚里搏动正常，腹部平坦，无癥瘕痞块，爪甲色泽红润，双下肢有浮肿，舌淡紫，苔薄白，中有裂纹，脉细涩。,1,0,0,0,0,1,0,0,0,0,2,血瘀|气虚
482566,test,气虚血瘀证,auto,反复胸闷痛2年，加重伴乏力、汗出2天。,"患者2年前无明显诱因下心前区出现胸闷痛，持续约5分钟后症状好转，乏力，汗出，口服“速效救心丸后”缓解，2018-05行冠脉造影示：LM未见明显狭窄,RCA近中段有20-30%狭窄，LAD、LCX未见明显狭窄。予抗血小板聚集、调脂稳斑等药物服用，患者胸闷痛好转，病情稳定。2天前，患者无明显诱因感心前区胸闷痛较前加重，伴乏力、汗出，于今日来我院就诊，为进一步诊治，遂收住入院。入院时：患者心前区胸闷痛，乏力，汗出，夜间多发，无咽部紧缩感，无头晕头痛，无黑朦晕厥，无视物旋转，纳食可，二便尚调，夜寐欠安。",神志清晰，精神尚可，形体适中，语言清晰，口唇红润；皮肤正常，无斑疹。头颅大小形态正常，无目窼下陷，白睛无黄染，耳轮正常，无耳瘘及生疮；颈部对称，无青筋暴露，无瘿瘤瘰疬，胸部对称，虚里搏动正常，腹部平坦，无癥瘕痞块，爪甲色泽红润，双下肢无浮肿，舌质淡紫，可见舌体胖且边有齿痕，苔薄白，脉虚细涩。,1,0,0,0,0,1,0,0,0,0,2,血瘀|气虚
444941,train,气虚血瘀证,auto,阵发性胸闷心慌4月余，加重1天。,患者2年前开始出现胸闷、喘憋，活动后加重，休息后可缓解，夜间不能平卧，无心慌、胸痛、汗出，多次反复住院治疗。1天前患者无明显诱因下胸闷、喘憋再发，部位、性质同前，程度较前加重，伴双下肢水肿，夜间强迫坐位，患者自觉休息后症状缓解不明显，遂今来我院门诊就诊，为求系统诊治，今收入住院。入院时：患者胸闷、喘憋，不能平卧，双下肢水肿，倦怠乏力，无心慌自汗，无胸痛及其他部位放射痛，无头晕、黑矇，无咳嗽、咳痰，无畏寒、发热，无腹胀腹泻，纳差，偶感恶心欲呕，夜寐欠安，二便正常。,神志清晰，精神欠佳，形体适中，语言清晰，口唇红润；皮肤正常，无斑疹。头颅大小形态正常，无目窼下陷，白睛无黄染，耳轮正常，无耳瘘及生疮；颈部对称，无青筋暴露，无瘿瘤瘰疬，胸部对称，虚里搏动正常，腹部平坦，无癥瘕痞块，爪甲色泽红润，双下肢浮肿。舌淡紫，苔薄白，脉涩。,1,0,0,0,0,1,0,0,0,0,2,血瘀|气虚
449737,train,气滞血瘀证,auto,右手中指指甲发现黑褐色斑2年余。,患者自2年前发现右手中指指甲处发现1条褐色斑块，曾于萧县县医院、徐医附医院就诊，诊断为“甲母痣”，未做特殊处理。近年来患者发现趾甲斑片逐渐增宽，颜色不均，为求进一步治疗，遂来我科住院拟手术切除治疗。入院时患者精神及纳食尚可，夜寐安，二便自调。,神志清晰，精神尚可，形体适中，语言清晰，口唇红润；皮肤正常，无斑疹。头颅大小形态正常，无目窼下陷，白睛无黄染，耳轮正常，无耳瘘及生疮；颈部对称，无青筋暴露，无瘿瘤瘰疬，胸部对称，虚里搏动正常，腹部平坦，无癥瘕痞块，爪甲色泽红润，双下肢无浮肿，舌质暗红，苔薄黄，脉弦滑。,0,0,0,0,1,1,0,0,0,0,2,气滞|血瘀
477082,val,湿热阻络证,auto,四肢起红斑、结节伴疼痛4天。,"患者4天前上呼吸道感染后出现双足疼痛不适，出现少量红斑、结节，未予重视，后踝关节出现肿胀，并感疼痛加重，红斑、结节逐渐增多，扩展至双下肢，局部肤温升高，19日凌晨患者出现发热不适，T 38.6℃，至徐州医科大学第一附属医院就诊，予头孢硫脒静滴，后至皮肤科会诊,诊断为“结节性红斑”，为求系统治疗，患者遂至我院就诊,以“结节性红斑”收入我科住院治疗。患者否认近14天湖北疫区及本地发病区接触史，否认近14天新冠肺炎病人接触史，否认近14天接触过来自武汉市及周边或境内、境外疫情严重地区发热有呼吸道症状的患者，否认近14天腹泻，排除新冠肺炎，遂收入院。入院时患者体温38.6℃，干咳，精神及饮食尚可，睡眠一般，二便正常。",神志清晰，精神尚可，形体适中，语言清晰，口唇红润；皮肤同前，有斑疹。头颅大小形态正常，无目窼下陷，白睛无黄染，耳轮正常，无耳瘘及生疮；颈部对称，无青筋暴露，无瘿瘤瘰疬，胸部对称，虚里搏动正常，腹部平坦，无癥瘕痞块，爪甲色泽红润，双下肢有浮肿，舌质红，苔白腻，舌体胖大，边见齿痕，脉滑数。,0,0,0,0,0,0,0,1,0,0,1,湿热
476387,train,气滞血瘀证,auto,经行量多半年，检查发现子宫内膜息肉1月余。,患者平素既往月经规则，7天/28-30天，量中，色红，夹少许血块，轻度痛经，G2P0，工具避孕；患者半年前无明显诱因出现经行量多，约平素月经倍量，色暗红有血块，7日干净净，至我院门诊就诊予中药调经治疗后量明显减少，07-20日至我院门诊就诊查妇科三维彩超提示：子宫内膜回声不均、宫腔三维示：成像不均；内膜息肉样病变？内膜瘢痕样改变不排除可能 双侧卵巢未见明显异常（子宫后位，内膜厚 11.6 mm，回声不均匀，隐见6*2mm稍高回声区，宫腔线不清晰。宫腔三维成像：内膜成像不均，呈倒三角形，形态正常，双侧宫角可显示尖锐，宫腔内见6*3mm稍高回声区），建议行宫腔镜检查拒绝，患者末次月经：09-06日，7天干净，量偏多，色质同平素月经，轻度痛经，昨日至我院门诊就诊，患者为求进一步诊治，门诊查血常规、新型冠状病毒核酸及胸部CT未见明显异常，拟“1.子宫内膜息肉 2.女性盆腔炎”入住我院。入院时：患者神清，精神好，无阴道流血，轻度下腹疼痛痛，无腰酸，无咳嗽发热，无头晕头痛，无恶心呕吐，纳可，寐安，二便调畅，舌暗红有瘀斑，苔薄白，脉弦涩。,神志清晰，精神尚可，形体适中，语言清晰，口唇红润；皮肤正常，无斑疹。头颅大小形态正常，无目窼下陷，白睛无黄染，耳轮正常，无耳瘘及生疮；颈部对称，无青筋暴露，无瘿瘤瘰疬，胸部对称，虚里搏动正常，腹部平坦，无癥瘕痞块，爪甲色泽红润，双下肢无浮肿，舌暗红有瘀斑，苔薄白，脉弦涩。,0,0,0,0,1,1,0,0,0,0,2,气滞|血瘀
473394,train,痰瘀痹阻证,auto,头晕1年加重一周,患者2012年发现“高血压”，未规律诊治，1年前出现血压突然升高，最高220/130-140mmHg，伴头晕不适，自服“尼福达1粒 qd、倍他乐克25mg qd”，血压仍控制欠佳，未予重视，一周期出现头晕明显加重，无头痛，伴头昏不适，偶有心慌胸闷，伴头汗出，08-07至我院门诊就诊，查血压（右）170/135mmHg，（左）160/125mmHg，建议其住院治疗，拟“高血压急症”收住入院。入院时：患者头晕头昏，无头痛，偶有心悸，无视物旋转，无恶心干呕，无耳鸣耳聋，头重昏蒙，形体肥胖，纳可，二便尚调，夜寐一般，时有打鼾。,神志清晰，精神欠佳，形体适中，语言清晰，口唇发绀；皮肤正常，无斑疹。头颅大小形态正常，无目窼下陷，白睛无黄染，耳轮正常，无耳瘘及生疮；颈部对称，无青筋暴露，无瘿瘤瘰疬，胸部对称，虚里搏动正常，腹部平坦，无癥瘕痞块，爪甲色泽青紫，双下肢无浮肿，舌紫暗有瘀斑，苔白腻，脉弦滑。,0,0,0,0,0,1,1,0,0,0,2,痰湿|血瘀
418452,train,热毒蕴结证,auto,肛旁肿痛2月,"患者于入院前2月，出现因食辛辣醇厚且劳累后出现肛旁肿胀疼痛,初未重视，症情反复发作渐加重，遂来本院求治。刻下：肛旁肿胀疼痛剧烈，大便日行1次，质软，排出畅，偶伴便血，量少，色鲜红，无排便不尽及肛门坠胀感，无粘液便，小溲畅，无发热恶寒。纳食可，夜寐尚可，舌红，苔黄，脉滑数。",神志清晰，精神尚可，形体适中，语言清晰，口唇红润；皮肤正常，无斑疹。头颅大小形态正常，无目窼下陷，白睛无黄染，耳轮正常，无耳瘘及生疮；颈部对称，无青筋暴露，无瘿瘤瘰疬，胸部对称，虚里搏动正常，腹部平坦，无癥瘕痞块，爪甲色泽红润，双下肢无浮肿，舌淡红，苔白，脉滑数。,0,0,0,0,0,0,0,0,0,1,1,实热
441834,train,气虚血瘀证,auto,右侧肢体无力10年、不欲进食2日,患者2009年6月30日自觉右侧肢体麻木，遂至外院诊治，7月4日症状加重突然出现右侧肢体瘫痪，查头颅CT示：脑梗塞，予抗血小板、营养神经等治疗后病情稳定，遗留右侧肢体无力、言语不清。近2日患者进食不知吞咽，双下肢明显乏力、不能站立。今为进一步治疗收入住院。入院时患者神志清，精神欠佳，饮水及进食稍呛咳，右侧口角歪斜流涎，右上肢、双下肢无力，觉腹部不适，进食时不知吞咽，夜寐安，小便频急，大便秘。,神志清晰，精神欠佳，形体偏瘦，语言含糊，口唇红润；皮肤正常，无斑疹。头颅大小形态正常，无目窼下陷，白睛无黄染，耳轮正常，无耳瘘及生疮；颈部对称，无青筋暴露，无瘿瘤瘰疬，胸部对称，虚里搏动正常，腹部平坦，无癥瘕痞块，爪甲色泽红润，双下肢无浮肿，舌青紫边有齿痕，苔白，脉涩。,1,0,0,0,0,1,0,0,0,0,2,血瘀|气虚
437603,train,湿热下注证,auto,肛旁间作流脓液伴肛内肿物外脱1月,患者1月来无明显诱因下出现肛旁间作流脓液伴肛内肿物外脱，未予治疗，大便3-4日1次，大便质硬，排出欠畅，偶伴便血，鲜红，量少，无粘液便，无里急后重及排便不尽感，小溲畅，无发热恶寒。纳食可，夜寐尚可。舌淡红，苔白，脉数。,神志清晰，精神尚可，形体适中，语言清晰，口唇红润；皮肤正常，无斑疹。头颅大小形态正常，无目窼下陷，白睛无黄染，耳轮正常，无耳瘘及生疮；颈部对称，无青筋暴露，无瘿瘤瘰疬，胸部对称，虚里搏动正常，腹部平坦，无癥瘕痞块，爪甲色泽红润，双下肢无浮肿，舌淡红，苔白，脉数。,0,0,0,0,0,0,0,1,0,0,1,湿热
465543,val,脾肾阳虚证,auto,颜面及四肢浮肿间作3年余，加重3天,患者2017年无明显诱因出现双眼睑水肿，继及全身，于徐医附院住院查大量蛋白尿、低蛋白血症（具体值不详），激素治疗有效，停药后病情复发，2018年3月于徐医附院行肾穿刺病理活检，提示微小病变型肾病，予激素治疗，病情控制稳定，2019年激素停药3月后，2020年4月再次出现大量蛋白尿伴低蛋白血症，予以激素6#qd联合他克莫司2mgqd+1mgqn治疗至今，3天前患者自觉颜面及四肢再次浮肿，小便量少，尿中泡沫增多，腹胀，近3天体重增加约5kg，无恶心呕吐，无胸闷憋喘，今至我院就诊，门诊以“肾病综合征、微小病变性肾病”收入我病区。入院时：患者颜面及四肢浮肿，小便量少，尿中多泡沫且不易消失，腹胀，无明显腹痛腹泻，无尿频尿急尿痛，无发热，无咳嗽，无咽痛，无胸闷憋喘，无胃脘部疼痛，纳食可，夜寐一般，大便调。,神志清晰，精神尚可，形体偏胖，语言清晰，口唇红润；皮肤正常，无斑疹。头颅大小形态正常，无目窼下陷，无白睛，耳轮正常，无耳瘘及生疮；颈部对称，无青筋暴露，无瘿瘤瘰疬，胸部对称，虚里搏动正常，腹部平坦，无癥瘕痞块，爪甲色泽红润，双下肢有浮肿，舌淡红，苔白腻，脉沉细。,0,0,0,1,0,0,0,0,0,0,1,阳虚
451695,train,湿热下注证,auto,肛内肿物外脱伴肿痛3天,"患者于入院3天前劳累后出肛内肿物外脱伴肿痛,未予治疗，症情反复发作渐加重，遂来本院求治。刻下：肛内肿物脱出伴肿缘疼痛，坐卧不宁，行走不利。大便日行1-2次，质软，排出畅，无便血，无排便不尽及肛门坠胀感，无粘液便，小溲畅，无发热恶寒。纳食可，夜寐尚可，舌红，苔黄，脉滑数。",神志清晰，精神尚可，形体适中，语言清晰，口唇红润；皮肤正常，无斑疹。头颅大小形态正常，无目窼下陷，白睛无黄染，耳轮正常，无耳瘘及生疮；颈部对称，无青筋暴露，无瘿瘤瘰疬，胸部对称，虚里搏动正常，腹部平坦，无癥瘕痞块，爪甲色泽红润，双下肢无浮肿，舌淡红，苔白，脉数。,0,0,0,0,0,0,0,1,0,0,1,湿热
464853,train,寒凝血瘀证,auto,右上肢麻木半月余,"患者半月前无明显诱因出现右上肢麻木，受寒劳累后加重，时有头晕头痛症状，无恶心欲吐，无吞咽困难及饮水呛咳，遂至我院就诊，入院时：患者神清、精神可，右上肢麻木时作，右下肢酸痛时作，头痛时作，无吞咽困难及饮水呛咳,纳可，寐差，二便调。",神志清晰，精神尚可，形体适中，语言清晰，口唇红润；皮肤正常，无斑疹。头颅大小形态正常，无目窼下陷，白睛无黄染，耳轮正常，无耳瘘及生疮；颈部对称，无青筋暴露，无瘿瘤瘰疬，胸部对称，虚里搏动正常，腹部平坦，无癥瘕痞块，爪甲色泽红润，双下肢无浮肿，舌淡红，苔白，脉弦。,0,0,0,0,0,1,0,0,0,0,1,血瘀
490852,train,湿热下注证,auto,便血伴肛内肿物脱出半月余，加重3天,"患者半月余前因劳累感会阴部坠胀明显，而致便后肛内肿物脱出，不能回复，大便带血，自行休息后症状未见明显缓解，3天来症状明显加重，肛门疼痛，行走不便，便血量多，遂于今日由门诊拟“混合痔”，收入我区。刻下：无发热咳嗽，便后肛内肿物脱出，不能还纳，持续疼痛，活动受限，肛门坠胀不适,大便排出困难，纳寐欠安。",神志清晰，精神尚可，形体形体适中，语言清晰，口唇红润；皮肤正常，无斑疹。头颅大小形态正常，无目窼下陷，无白睛，耳轮正常，无耳瘘及生疮；颈部对称，无青筋暴露，无瘿瘤瘰疬，胸部对称，虚里搏动正常，腹部平坦，无癥瘕痞块，爪甲色泽红润，双下肢无浮肿，舌红，苔黄，脉平和。,0,0,0,0,0,0,0,1,0,0,1,湿热
478273,train,肾虚证,auto,停经37天，阴道少量出血伴下腹隐痛1周。,患者平素月经欠规律，6/30-45天，月经量中，色红，有血块，经行腹痛，偶需服用止痛药止痛，G0P0。患者末次月经2020-09-01，量色同平素，6天净。2020年09月30日患者阴道少量出血，色鲜红，下腹隐痛不适，无腰酸，10月03日自测尿妊娠试验阳性，10月04日查血HCG：58.1mIU/ml，P：10.11ng/ml，胰岛素：12.38mU/L，予地屈孕酮片、固肾安胎丸口服、黄体酮注射液肌注保胎治疗，治疗后阴道出血及腹痛未见明显好转，10月05日复查血HCG：155.1mIU/ml，P：12.56ng/ml，患者保胎意愿强烈，建议住院保胎治疗；今日为求进一步综合保胎治疗，遂由门诊拟“先兆流产？异位妊娠？”收入院。刻下：患者小腹隐痛，阴道少量淡红色出血，无腰酸，无肛门下坠感，无寒热往来，无恶心呕吐，纳食可，寐安，二便调畅，舌淡红，苔白，脉沉滑尺脉弱。,神志清晰，精神尚可，形体适中，语言清晰，口唇红润；皮肤正常，无斑疹。头颅大小形态正常，无目窼下陷，白睛无黄染，耳轮正常，无耳瘘及生疮；颈部对称，无青筋暴露，无瘿瘤瘰疬，胸部对称，虚里搏动正常，腹部平坦，无癥瘕痞块，爪甲色泽红润，双下肢无浮肿，舌淡红，苔白，脉沉滑尺脉弱。,1,0,0,1,0,0,0,0,0,0,2,阳虚|气虚
458615,train,风痰阻络证,auto,左侧肢体无力10月余，加重1天。,患者于今年2月21日突发左侧肢体无力，至当地微山县医院就诊，查头颅CT示：脑出血，出血量27mm左右，予去颅骨瓣及血肿清除术后，症状好转出院，仍遗留左侧肢体无力，后多次外院康复治疗，经治后好转出院。今日晨起，患者自觉症状较前加重，今为求进一步中西医结合治疗，前来我院门诊，予收入我科。刻下：神清，精神欠佳，反应可，左侧肢体无力，搀扶可缓慢行走，饮食可，夜寐一般，小便正常，大便正常，舌质暗淡，苔黄腻，脉弦细。,神志清晰，精神欠佳，形体适中，语言清晰，口唇红润；皮肤正常，无斑疹。头颅大小形态正常，无目窼下陷，白睛无黄染，耳轮正常，无耳瘘及生疮；颈部对称，无青筋暴露，无瘿瘤瘰疬，胸部对称，虚里搏动正常，腹部平坦，无癥瘕痞块，爪甲色泽红润，双下肢无浮肿，舌质暗淡，苔黄腻，脉弦细。,0,0,0,0,0,0,1,0,1,0,2,内风|痰湿
425542,train,肝经湿热证,auto,全身浮肿1年余,"患者1年前因受凉出现鼻塞流涕、咳嗽咳黄粘痰，自服感冒冲剂及头孢后，感冒症状未见明显好转，2017年12月5日出现颜面部水肿，2天后遍及四肢，遂入住徐州三院肾病科，查尿蛋白3+，血白蛋白25.4g/L，CHOL10.29mmol/L，TG3.88mmol/L,LDL6.74mmol/L，24h尿蛋白定量：4.934g，肾功能：Scr：63.5umol/l，BUN：4.11mmol/L，UA：346.9umol/L，建议肾脏穿刺活检术明确诊断，患者拒绝，予强的松（60mg po qd）、肾康、黄葵、百灵胶囊、青霉素等治疗，2018年1月9日至我院查尿常规：蛋白3+，潜血1+，颗粒管型4个，尿蛋白/尿肌酐：4.5/19980，肝功能：Alb 25.1g/l，GLO 24.6g/l，TP 49.7g/l，ALT 84.6u/l，AST 23.5u/l；肾功能：Scr 73.8umol/l，BUN 3.10mmol/l，UA 257.0umol/l，于2018-1-12行肾穿刺活检检查，肾脏病理诊断：微小病变肾病，IgA肾病；治疗予强的松20mg+他克莫司3mg/d；2018年2月8日复查尿常规：蛋白3+，颗粒管型3个，尿蛋白/尿肌酐：3.02/16411.4，肝功能：Alb 36.8g/l，GLO 24.7g/l，TP 61.5g/l，ALT 42.7u/l，AST 10u/l；肾功能：Scr 67.6umol/l，BUN 4.9mmol/l，他克莫司浓度2.9ng/ml；加用福辛普利、卡维地洛；激素于半年前停用；患者2018年06月24小时尿蛋白 1.97g/24h，予加用雷公藤多甙片，1月后查尿蛋白定量 0.64g/24h，患者2018年9月复查24h尿蛋白定量1.52g，他克莫司浓度6.32ng/ml；2018年11月查生化：白蛋白 33.6g/L↓,尿素氮 3.00mmol/L↓,肌酐 56.90umol/L,低密度脂蛋白 7.26mmol/L↑,甘油三酯 1.89mmol/L↑,尿酸 337.0umol/L。尿常规：蛋白3+；24小时尿蛋白 1.32g/24h；他克莫司浓度1.74ng/ml，予加用降脂药物，患者1月前因劳累再次出现全身水肿，查白蛋白 23.7g/L↓,24小时尿蛋白 18.57g/24h↑，于甲强龙60mg×14d+环磷酰胺+他克莫司治疗，其后复查24小时尿蛋白 1.83g/24h出院，患者半月前住院查白蛋白 41.0g/L，尿蛋白1g/d；现为再次行环磷酰胺治疗而入院，入院时：眼睑及双下肢轻度水肿，口干，口苦，牙龈肿痛，外阴及足部皮肤瘙痒，纳食尚可，夜寐安，小便偏黄，大便正常，舌淡红，苔黄腻，脉沉细。",神志清晰，精神尚可，形体适中，语言清晰，口唇红润；皮肤正常，无斑疹。头颅大小形态正常，无目窼下陷，无白睛，耳轮正常，无耳瘘及生疮；颈部对称，无青筋暴露，无瘿瘤瘰疬，胸部对称，虚里搏动正常，腹部平坦，无癥瘕痞块，爪甲色泽红润，双下肢有浮肿，舌红，苔黄，脉弦滑。,0,0,0,0,0,0,0,1,0,0,1,湿热
418895,train,气虚血瘀证,auto,头晕头昏反复发作半月余,患者半月前无明显诱因突然出现头晕头昏，胸闷心悸，咳嗽咯白痰，异常汗出，无肢体麻木，患者未引起重视，半月来患者头晕头昏情况未见明显缓解，且心悸心慌情况逐渐加重，现患者为求进一步系统诊疗，至我科门诊就诊，考虑患者素有“脑梗死”病史，现暂拟“脑梗死”收住入院。现患者神清，精神可，对答切题，头晕头昏，心慌心悸，咳嗽咯白痰，异常汗出，自觉胃部寒凉，无腹痛反酸等情况，二便调，夜寐可。,神志清晰，精神尚可，形体适中，语言清晰，皮肤正常，无斑疹。头颅大小形态正常，无目窼下陷，无白睛，耳轮正常，无耳瘘及生疮；颈部对称，无青筋暴露，无瘿瘤瘰疬，胸部对称，虚里搏动正常，腹部平坦，无癥瘕痞块，爪甲色泽红润，双下肢对称，舌淡暗，苔薄，脉弦细。,1,0,0,0,0,1,0,0,0,0,2,血瘀|气虚
451384,train,气虚血瘀证,auto,间作性口干多饮15年，伴双下肢麻木1周,"患者15年前因口干多饮多尿，多次查血糖较高，明确2型糖尿病的诊断，2010年始注射胰岛素降糖。目前降糖方案：“优泌林50 早15u午8u晚7u 餐前5分钟皮下注射”，“消渴康颗粒1包 tid”,平素血糖控制不佳，血糖波动于：空腹7-8mmol/l，餐后2小时10-11mmol/l。1周前患者发现双下肢麻木，双下肢酸软，体倦乏力。为求进一步治疗入住我科。病程中有双眼视物模糊，头晕，阵发性咳嗽，无痰，心慌，无呕吐，有口干多饮多尿，体倦乏力，纳食一般，夜寐尚安，小便有泡沫，大便可。",神志清晰，精神尚可，形体偏胖，语言清晰，口唇淡暗；皮肤正常，无斑疹。头颅大小形态正常，无目窼下陷，白睛无黄染，耳轮正常，无耳瘘及生疮；颈部对称，无青筋暴露，无瘿瘤瘰疬，胸部对称，虚里搏动正常，腹部平坦，无癥瘕痞块，爪甲色泽红润，双下肢轻度水肿，舌淡紫，苔薄白，脉细涩。,1,0,0,0,0,1,0,0,0,0,2,血瘀|气虚
436475,test,正虚瘀结证,auto,胰腺癌术后1年余，化疗后5月余，胸闷1月余。,患者2018年2月因“反复上腹不适”就诊于徐州医科大学附属医院，彩超示（2018-02-27 徐州医科大学）：“胰体尾部主胰管轻度扩张 胰头部无回声区”，MRCP示（2018-03 徐州医科大学）：胰头部囊性病灶，与主胰管相通，胰管稍扩张，考虑IPMT可能大。建议病理检查，肝右叶囊肿。于2018-03-19行全麻下胰体尾部切除+脾切除术，术后病理示(中段胰腺)腺癌（中分化），部分为粘液腺癌，符合胰腺导管来源，部分胰腺导管内见上皮乳头状增生伴非典型增生，肿瘤大小：2.2*1.8*0.8cm，侵犯神经，肿瘤局部侵犯周围脂肪组织，胰腺断面未见肿瘤累及。“胰腺上缘”淋巴结见癌转移（2/4）。（胰尾、胰体）送检胰腺组织，未见癌。胰腺周围淋巴结未见癌转移（0/1）。脾脏未见癌累及。2018-05-30复查CT示：肠系膜结节，肺结节（具体不详），患者排除化疗禁忌，于2018-06-01行Gem 2.2，d1、8+卡培他滨 1.5g po bid d1-14 q3w。2018-06-28行Gem 1.2，d1、8+卡培他滨 1.5g po bid d1-14 q3w，疗程顺利，未见明显不适。胸部+全腹CT示（2018-07-31）：两肺少许慢性炎性病灶；两肺多发小结节，较2018-05-30左肺胸膜下结节变小。“胰体尾+脾切除术后/前列腺Ca术后、左肾切除术后”改变。评效：SD。2018-08-01继行第3周期化疗时因出现血小板水平降低而中断，予升血小板治疗后好转，未予重复Gem d8治疗。2018年9月患者于我科住院治疗，复查胸腹部CT提示病情稳定，遂于2018-10-06、10-27、11-20、12-29行第4、5、6、7周期吉西他滨联合卡培他滨化疗，具体方案：Gem 1.2，d1、8+卡培他滨 1.5g po bid d1-14 q3w，化疗期间再次出现血小板降低，予中医中药治疗后好转，化疗期间复查胸腹部CT提示病情稳定，评估疗效为SD。2019年3月患者复查胸腹部CT增强提示两肺叶及胸膜多发点状小结节，较前稍增大，考虑转移可能，予加强中药、中成药抗肿瘤作用。2019-05复查CT提示病情稳定。1月余前患者自觉胸闷，活动后稍感憋喘，现患者为求进一步诊治收入我科，刻下：活动后胸闷不畅，休息后及平卧时好转，轻微乏力，时嗳气，偶感头晕不适，无恶寒、发热，无咳嗽、咳痰，无腹痛、腹泻，胃纳尚可，大小便正常，夜寐一般，近期消瘦5kg。,神志清晰，精神尚可，形体适中，语言清晰，口唇红润；皮肤正常，无斑疹。头颅大小形态正常，无目窼下陷，白睛无黄染，耳轮正常，无耳瘘及生疮；颈部对称，无青筋暴露，无瘿瘤瘰疬，胸部对称，虚里搏动正常，腹部平坦，无癥瘕痞块，爪甲色泽红润，双下肢无浮肿，舌淡红，苔白，脉弦细。,1,0,0,0,0,1,0,0,0,0,2,血瘀|气虚
426137,train,气虚血瘀证,auto,右侧肢体无力半月余,患者半月余前无明显诱因突然出现右侧肢体无力，口角歪斜，言语欠利，予外院住院治疗，诊断“脑梗死”，予溶栓、活血化瘀等治疗，好转后出院，目前遗留右侧肢体无力，言语欠利，为求进一步中西医结合治疗，即来我院门诊就诊，遂收住入院。入院时患者精神欠佳，言语欠流利尚清晰，右侧肢体无力，头晕头昏，头重如裹，无胸闷心慌，无胸痛放射痛，无恶寒发热，无四肢抽搐，夜寐一般，大便尚调，尿频。,神志清晰，精神差，形体适中，语言清晰，口唇发绀；皮肤正常，无斑疹。头颅大小形态正常，无目窼下陷，无白睛，耳轮正常，无耳瘘及生疮；颈部对称，无青筋暴露，无瘿瘤瘰疬，胸部对称，虚里搏动正常，腹部膨隆，无癥瘕痞块，爪甲色泽：淡红，双下肢对称，舌淡紫，苔白，脉弦。,1,0,0,0,0,1,0,0,0,0,2,血瘀|气虚
445685,train,气虚血瘀证,auto,头晕行走不稳1月,患者自诉1月前无明显诱因突发头晕，伴行走不稳，就诊予外院查头颅CT提示脑梗死，经治疗后症状改善，仍遗留轻度头晕、头昏沉，行走不稳，为求进一步治疗入院，病程中无意识模糊、无肢体抽搐，刻下患者神清，精神差，头晕，行走不稳，偶有活动后心慌胸闷，食纳可，夜寐安，小便频数，大便正常。,神志清晰，精神尚可，形体适中，语言清晰，口唇红润；皮肤正常，无斑疹。头颅大小形态正常，无目窼下陷，白睛无黄染，耳轮正常，无耳瘘及生疮；颈部对称，无青筋暴露，无瘿瘤瘰疬，胸部对称，虚里搏动正常，腹部平坦，无癥瘕痞块，爪甲色泽红润，双下肢无浮肿，舌淡红，苔白，脉细。,1,0,0,0,0,1,0,0,0,0,2,血瘀|气虚
440277,train,饮食积滞证,auto,大便干伴排便困难间作一年,患者一年来无明显诱因出现大便干，伴排便困难，4-5天/次，伴腹胀间作，无粘液脓血便，无腹痛，排气减少，未予重视，未系统治疗，三个月前患者口服肾衰宁片后出现大便不成形，伴肠鸣音亢进，仍觉排便困难，3-5天/次，今为求中西医结合进一步诊治再来我院，门诊遂以便秘收住入我科。病程中患者排便困难，无发热、黄疸，无恶心呕吐，无黄疸，无吞咽困难，无咳痰、咯血，无呕血、黑便，食纳、睡眠一般，大便未解，小便正常，近期无明显消瘦。,神志清晰，精神尚可，形体偏胖，语言清晰，口唇红润；皮肤正常，无斑疹。头颅大小形态正常，无目窼下陷，无白睛，耳轮正常，无耳瘘级生疮；颈部对称，无青筋暴露，无瘿瘤瘰疬，胸部对称，虚里搏动正常，腹部膨隆，无癥瘕痞块，爪甲色泽红润，双下肢对称，舌淡红，苔白，脉细。,0,0,0,0,1,0,1,0,0,0,2,气滞|痰湿
434171,val,阳虚水泛证,auto,反复胸闷憋喘1月，加重伴双下肢水肿1天。,"患者1月前反复出现胸闷不适，稍有憋喘，活动后明显，伴气短乏力，纳食减少，夜间尚可平卧，眼睑浮肿,夜寐差，未正规治疗。1天前，患者诉上述症状反复发作，且呈加重趋势，伴有双下肢水肿，遂今日至我院就诊，为进一步诊治，拟“急性心力衰竭 心功能IV级 冠心病”收住入院。入院时：患者憋喘、呼吸困难，端坐呼吸，不能平卧，夜间发作性呼吸困难，咯吐白色泡沫痰，心悸怔忡，双下肢浮肿，面色青灰，纳食较前减少，大小便尚调，夜寐欠佳。",神志清晰，精神尚可，形体适中，语言清晰，口唇发绀；皮肤正常，无斑疹。头颅大小形态正常，无目窼下陷，白睛无黄染，耳轮正常，无耳瘘及生疮；颈部对称，无青筋暴露，无瘿瘤瘰疬，胸部对称，虚里搏动正常，腹部平坦，无癥瘕痞块，爪甲色泽青紫，双下肢有浮肿，舌暗淡，苔白厚腻，脉沉迟。,0,0,0,1,0,0,0,0,0,0,1,阳虚
452620,train,肾虚证,auto,停经59天，下腹疼痛1天。,患者平素月经周期规律，7/30天，月经量中，色暗红，血块少许，无痛经，G0P0。患者末次月经2019-09-14，7天净，量色质如常，10-26日患者月经逾期未至测尿妊娠阳性，至我院门诊查血HCG：46.9mIU/ml，P：10.23ng/ml，E2：226.37pg/ml，10-29日复查血E2：326.42pg/ml；HCG：228.0mIU/ml，P：13.55ng/ml，TSH:2.70uIU/ml，嘱其一周后复查；10-31日患者至徐州市第一人民医院查血HCG：871mIU/ml；P：8.71ng/ml，患者要求保胎治疗，予签字后予黄体酮20mg肌注健黄体治疗；11-05日患者因阴道少量出血至我院门诊查血HCG：6682.5mIU/ml，P：13.58ng/ml，E2：240.41pg/ml，彩超示：宫腔偏右侧见6*2mm疑似孕囊；后门诊予HCG2000IU qd肌注3天，黄体酮40mg肌注、达芙通10mg bid口服及中药煎剂口服益肾安胎；今至我院门诊复查血HCG：24746.9mIU/ml，P：7.68ng/ml，E2：347.35pg/ml，INS：23.77mu/L，彩超示：宫内见20*10mm孕囊，可见卵黄囊、胚芽及原始心管搏动；现为求进一步综合治疗，遂由门诊收入院。刻下：偶有小腹疼痛及腰酸，无阴道流血，无肛门下坠感，无寒热往来，无恶心不适，无呕吐，纳食可，寐安，二便调畅，舌淡红，苔白，脉沉滑尺脉弱。,神志清晰，精神尚可，形体适中，语言清晰，口唇红润；皮肤正常，无斑疹。头颅大小形态正常，无目窼下陷，白睛无黄染，耳轮正常，无耳瘘及生疮；颈部对称，无青筋暴露，无瘿瘤瘰疬，胸部对称，虚里搏动正常，腹部平坦，无癥瘕痞块，爪甲色泽红润，双下肢无浮肿，舌淡红，苔白，脉沉滑尺脉弱。,1,0,0,1,0,0,0,0,0,0,2,阳虚|气虚
442790,train,风痰阻络证,auto,头晕、行走不稳1月,患者自诉1月前无明显诱因突发头晕，伴行走不稳，尚能行走未予重视，后症状逐渐加重，外院就诊查示脑梗死，经治疗后症状缓解，仍遗留轻度头晕，行走不稳，为求进一步治疗入院，病程中无意识模糊、无肢体抽搐，刻下患者神清，精神差，头晕，行走不稳，左上肢不自主抖动，双膝关节行走后疼痛，多关节肿痛，无活动后心慌胸闷，食纳可，夜寐安，二便畅。,神志清晰，精神尚可，形体适中，语言清晰，口唇红润；皮肤正常，无斑疹。头颅大小形态正常，无目窼下陷，白睛无黄染，耳轮正常，无耳瘘及生疮；颈部对称，无青筋暴露，无瘿瘤瘰疬，胸部对称，虚里搏动正常，腹部平坦，无癥瘕痞块，爪甲色泽红润，双下肢无浮肿，舌淡红，苔白，脉细。,0,0,0,0,0,0,1,0,1,0,2,内风|痰湿
424651,train,湿热蕴结证,auto,腹泻间作七年，加重十天,患者七年前无明显诱因下出现腹泻症状，2-3次/日，不成形，伴里急后重，无肉眼脓血，曾行电子结肠镜示结肠息肉，予内镜下切除对症治疗（具体经过不详），七年来腹泻症状反复，伴下腹部疼痛，口服黄连素、复方苯乙哌啶药物对症治疗，效果尚可。十天前患者自觉症状反复，大便不成形，量少，色深，1-2次/天，伴肠鸣音亢进，伴里急后重感，无肉眼脓血，口服黄连素、复方苯乙哌啶无明显缓解，今为求进一步诊治而来我院，门诊遂以结肠炎收入我科。发病来，患者大便不成形，伴里急后重，无发热、黄疸，无头痛，无胸痛、咳痰、咯血，无呕血、黑便，食纳、睡眠尚可，无尿频、尿急，无肉眼血尿，近期无明显消瘦。,神志清晰，精神尚可，形体适中，语言清晰，口唇红润；皮肤正常，无斑疹。头颅大小形态正常，无目窼下陷，无白睛，耳轮正常，无耳瘘及生疮；颈部对称，无青筋暴露，无瘿瘤瘰疬，胸部对称，虚里搏动正常，腹部平坦，无癥瘕痞块，爪甲色泽红润，双下肢无浮肿，舌红，苔黄腻，脉弦。,0,0,0,0,0,0,0,1,0,0,1,湿热
486735,test,血虚风燥证,auto,全身反复起鳞屑性红斑30余年，加重4月余。,患者30余年前头皮外伤后局部出现少量鳞屑性红斑，伴瘙痒不适，未予重视，皮疹渐增多，至徐州市中心医院就诊，诊断为“银屑病”，予乐肤液外用治疗，症状好转，皮疹见消退，后30余年间皮疹时有反复，偶有少量皮疹出现，间断至至二院、中心医院、市立医院、京城皮肤病医院就诊，外用恩肤霜、乐肤液等治疗，症状控制尚可，4月余前患者病情反复，见新发皮疹，散在分布于躯干及四肢部位，自觉瘙痒不适，自行外用恩肤霜后症状未见明显好转，遂今日来诊，门诊查新冠肺炎核酸未见异常，排除新冠肺炎，以“寻常型银屑病”收治入院。入院时患者无发热不适，精神及饮食可，睡眠一般，二便自调。,神志清晰，精神尚可，形体适中，语言清晰，口唇红润；皮肤正常，无斑疹。头颅大小形态正常，无目窼下陷，白睛无黄染，耳轮正常，无耳瘘及生疮；颈部对称，无青筋暴露，无瘿瘤瘰疬，胸部对称，虚里搏动正常，腹部平坦，无癥瘕痞块，爪甲色泽红润，双下肢无浮肿，舌质红，少苔，舌体见裂纹，脉沉。,0,1,0,0,0,0,0,0,1,0,2,血虚|内风
446032,train,肝气犯胃证,auto,胃痛胃胀1年余，加重3天,患者1年多前开始出现胃部嘈杂不适、胃痛间作，时嗳气，食欲一般，平时因家庭事务易生气易烦躁，时感口干口苦，晨起口苦较重，喝水不多，2016年8月外院查胃镜示：慢性浅表性胃炎伴糜烂。HP阴性。自汗、盗汗10余年，近1年加重，夜间难以入睡，无胁肋部疼痛，无头晕头痛，食欲一般，无发热，无消瘦，时感四肢关节畏寒疼痛，间断口服抑酸药物等治疗，效果欠佳，近3天，患者胃痛胃胀加重，为行系统检查治疗住入我科，患者现时感胃痛，进食后腹胀，纳差，乏力，偶有黑便，小便尚可，夜寐欠安。,神志清晰，精神尚可，形体适中，语言清晰，口唇红润；皮肤正常，无斑疹。头颅大小形态正常，无目窼下陷，白睛无黄染，耳轮正常，无耳瘘及生疮；颈部对称，无青筋暴露，无瘿瘤瘰疬，胸部对称，虚里搏动正常，腹部平坦，无癥瘕痞块，爪甲色泽红润，双下肢无浮肿，舌红，苔白腻，脉弦。,0,0,0,0,1,0,0,0,0,0,1,气滞
451425,train,气滞血瘀证,auto,腰部疼痛伴活动受限1月余，加重4天,患者1月前无明显诱因出现腰部疼痛，活动受限，休息后症状无明显缓解，4天前出现腰部疼痛及左下肢放射痛，活动障碍。严重影响患者正常生活，现为求进一步治疗，来我院门诊就诊，经询问病史及查体后，建议患者住院系系统检查治疗，遂经门诊拟“腰椎间盘突出”收治入院。刻下患者一般情况可，精神状态良好，诉腰背部疼痛，伴活动受限，无头晕头痛，无发热咳嗽，饮食二便未诉异常。,神志清晰，精神尚可，形体适中，语言清晰，口唇红润；皮肤正常，无斑疹。头颅大小形态正常，无目窼下陷，白睛无黄染，耳轮正常，无耳瘘及生疮；颈部对称，无青筋暴露，无瘿瘤瘰疬，胸部对称，虚里搏动正常，腹部平坦，无癥瘕痞块，爪甲色泽红润，双下肢无浮肿，舌淡红，苔白，脉细涩。,0,0,0,0,1,1,0,0,0,0,2,气滞|血瘀
446710,train,阳虚血瘀证,auto,反复胸闷憋喘10年，加重伴头晕3天,患者于10年前始感反复胸闷憋喘，气短，活动后加重，多次在我科住院治疗，2019-03在我科住院查：头颅CT：1.两侧额叶及基底节区腔隙性脑梗塞。2.侧脑室旁脑白质变性。3.脑萎缩。胸部CT：1.右肺上叶后段、中叶陈旧性病灶。2.右肺胸膜下结节。建议：半年复查。心脏超声 检查结论 左心房增大 二尖瓣退行性变 室间隔明显增厚 不对称性肥厚型心肌病待排？升主动脉增宽 左室舒张功能减退（仅供参考，请结合临床）EF 61%。24小时动态心电图示：窦性心律，房性早搏（47个），ST-T改变，SDNN-24小时：62。冠脉CTA：右冠脉近中段错层，局部显示模糊，远侧血管未示异常。左前降支起始部小点片钙化，管腔稍窄；前降支近段软斑块影，局部管腔约30%狭窄；余冠脉未示明显异常。予抗血小板、改善心肌供血、改善心功能等治疗后症状缓解。平素服用“阿司匹林、立普妥、倍他乐克、卡托普利”等药物，病情尚平稳。3天前患者出现胸闷憋喘症状加重，不能平卧，伴头晕，黑矇，视物旋转，无恶心呕吐，今至我院就诊，为求进一步诊治，收住入院。入院时：患者胸闷憋喘，不能平卧，头晕不适，伴视物旋转，不敢睁眼，无恶心呕吐，双下肢无水肿，纳谷少，大便干，夜寐欠安。,神志清晰，精神尚可，形体适中，语言清晰，口唇红润；皮肤正常，无斑疹。头颅大小形态正常，无目窼下陷，白睛无黄染，耳轮正常，无耳瘘及生疮；颈部对称，无青筋暴露，无瘿瘤瘰疬，胸部对称，虚里搏动正常，腹部平坦，无癥瘕痞块，爪甲色泽红润，双下肢无浮肿，舌淡暗，舌体胖，苔白腻，脉沉细。,0,0,0,1,0,1,0,0,0,0,2,阳虚|血瘀
458541,train,肝肾不足证,manual_disambiguated,"多关节肿痛间作15年余,加重1月",患者双膝关节疼痛间作15年，自行口服布洛芬等止疼药治疗10余年，2016年10月于徐州市强华骨科医院行“膝关节置换术”，2017年1月于徐州市强华医院住院期间出现双手、双腕关节肿痛，继及双足、双踝，伴晨僵，持续时间＞1小时，检查结果不详，诊断为“类风湿性关节炎”，予扶他林口服，症状略有缓解，停药后发作。2017年2月起患者多关节肿痛逐渐加重，多次于当地医院静滴药物治疗（具体不详），症状未见明显缓解。2017年6月，患者就诊予徐州市矿总医院，自诉查RF阳性，血沉加快（未见报告），予塞来昔布、雷公藤2# bid、甲氨蝶呤4# qw、强的松（疼痛明显时口服）治疗，并规律应用云克治疗5个疗程，病情控制稳定。近两年来患者规律应用塞来昔布、甲氨蝶呤治疗。1月前患者左手掌指关节肿痛加重，遂于我院门诊就诊，建议住院治疗，患者暂拒，予停用塞来昔布。今患者为求系统中西医结合诊疗遂入院。入院时：患者左手MCPJ2-3肿胀疼痛，双腕活动度下降，双手尺偏畸形，双足趾尺偏畸形，无胸闷憋喘，无咳嗽咳痰，无口干眼干，无口腔溃疡，纳食一般，夜寐尚可，二便尚调。,神志清晰，精神尚可，形体适中，语言清晰，口唇红润；皮肤正常，无斑疹。头颅大小形态正常，无目窼下陷，无白睛，耳轮正常，无耳瘘及生疮；颈部对称，无青筋暴露，无瘿瘤瘰疬，胸部对称，虚里搏动正常，腹部平坦，无癥瘕痞块，爪甲色泽红润，双下肢无水肿，舌淡红，苔薄白，脉细数。,0,1,1,0,0,0,1,0,0,0,3,阴虚|血虚|痰湿
462942,test,风痰阻络证,auto,意识欠清、瘫卧在床3月余,患者3月余前突然出现意识欠清，昏迷瘫卧在床，遂至徐州市二院诊断为“脑出血”，行“颅内血肿应通道穿刺引流术”后，术后入ICU监护治疗，行气管切开术后，经抗感染、营养神经、补液等综合治疗，遗留有意识不清、肢体无力后遗症，现为求中西医结合康复治疗来我院就诊，经门诊收治入院，入院时：患者昏睡，精神差，呼之不应，查体不合作，右上肢可抬离床面，气管切开，咳嗽、咳痰，痰量中、色白，无肢体抽搐、无发热，尿管、胃管在位，大便干。,神志清晰，精神尚可，形体适中，语言清晰，口唇红润；皮肤正常，无斑疹。头颅大小形态正常，无目窼下陷，白睛无黄染，耳轮正常，无耳瘘及生疮；颈部对称，无青筋暴露，无瘿瘤瘰疬，胸部对称，虚里搏动正常，腹部平坦，无癥瘕痞块，爪甲色泽红润，双下肢无浮肿，舌淡红，苔白，脉白腻。,0,0,0,0,0,0,1,0,1,0,2,内风|痰湿
479667,train,气虚血瘀证,auto,发现血糖升高2年，加重伴四肢末梢麻木1月,患者2型糖尿病病史2年，未规律服用降糖药物，未监测血糖，1月前患者血糖升高，空腹血糖达10mmol/l，伴四肢末梢麻木，无疼痛，病程中患者乏力倦怠，口干多饮，视物模糊，泡沫尿。今来我院门诊，为进一步诊疗，收入我病区，现症：四肢末梢麻木，乏力倦怠，口干多饮，视物模糊，泡沫尿，大便调，夜寐安，舌淡暗，舌下瘀络，苔薄黄，脉细涩。近期体重无变化。,神志清晰，精神尚可，形体适中，语言清晰，口唇红润；皮肤正常，无斑疹。头颅大小形态正常，无目窼下陷，无白睛，耳轮正常，无耳瘘及生疮；颈部对称，无青筋暴露，无瘿瘤瘰疬，胸部对称，虚里搏动正常，腹部平坦，无癥瘕痞块，爪甲色泽红润，双下肢无浮肿，四肢末梢麻木，乏力倦怠，口干多饮，视物模糊，泡沫尿，大便调，夜寐安，舌淡暗，舌下瘀络，苔薄黄，脉细涩。,1,0,0,0,0,1,0,0,0,0,2,血瘀|气虚
427081,train,湿热下注证,auto,肛内肿物外脱伴肿痛20年,"患者于入院前20年，出现因食辛辣醇厚且劳累后出现肛缘肿痛伴肛内肿物脱出,未予治疗，症情反复发作渐加重，遂来本院求治。刻下：肛内肿物脱出伴肿缘疼痛，坐卧不宁，行走不利。大便日行1次，质软，排出畅，无便血，伴排便不尽及肛门坠胀感，无粘液便，小溲畅，无发热恶寒。纳食可，夜寐尚可，舌红，苔黄，脉滑数。",神志清晰，精神尚可，形体适中，语言清晰，口唇红润；皮肤正常，无斑疹。头颅大小形态正常，无目窼下陷，白睛无黄染，耳轮正常，无耳瘘及生疮；颈部对称，无青筋暴露，无瘿瘤瘰疬，胸部对称，虚里搏动正常，腹部平坦，无癥瘕痞块，爪甲色泽红润，双下肢无浮肿，舌淡红，苔白，脉滑数。,0,0,0,0,0,0,0,1,0,0,1,湿热
424860,train,气滞血瘀证,auto,下腹部胀痛不适1月余。,患者既往月经周期规则，50岁绝经。绝经后未使用激素替代治疗，无异常出血。G2P1。既往盆腔炎病史。近1月余患者无明显诱因出现下腹部胀痛不适，腰酸痛，外阴痒，无阴道出血，无阴道异常排液，曾口服抗生素、阴道用药后外阴痒好转，但仍腹痛、腰酸痛无明显好转，遂于今日就诊于我院，查妇科检查：宫体压痛、双附件区增厚压痛、右侧明显，建议住院治疗。患者为行进一步治疗入住我院。刻下：患者神清，精神可，下腹部胀痛不适，腰部酸痛明显，无寒热往来，无头晕头痛，无肛门下坠感，纳可，寐差，二便调。,神志清晰，精神尚可，形体适中，语言清晰，口唇红润；皮肤正常，无斑疹。头颅大小形态正常，无目窼下陷，白睛无黄染，耳轮正常，无耳瘘及生疮；颈部对称，无青筋暴露，无瘿瘤瘰疬，胸部对称，虚里搏动正常，腹部平坦，无癥瘕痞块，爪甲色泽红润，双下肢无浮肿，舌淡红，苔白，脉弦涩。,0,0,0,0,1,1,0,0,0,0,2,气滞|血瘀
474147,train,气滞血瘀证,auto,绝经4年，发现子宫内膜增厚8天。,患者既往月经规则，3-7/30天，52岁绝经，绝经后无异常阴道出血及排液，否认口服保健品及行激素替代治疗。患者2020-08-10因阴道灼热疼痛不适、带下量多至我院妇科门诊就诊，诊为老年萎缩性阴道炎，查妇科彩超示绝经后子宫，形态正常，肌层回声均匀，内膜厚约4.5 mm，回声不均匀，内可见数枚无回声区，较大约4*4mm，宫颈可见一枚直径6mm无回声区，双侧卵巢萎缩，附件区未见明显囊实性包块，子宫直肠窝可见少量液性暗区，提示绝经后子宫，子宫内膜回声不均伴囊性结节，宫颈囊肿。于门诊予阴道局部用药治疗阴道炎，现阴道不适症状好转，昨日来我院复诊，复查白带常规未见明显异常，建议患者住院进一步诊疗宫腔内疾病。患者现为求系统治疗，由门诊排除新冠肺炎后，诊拟“绝经后子宫内膜增厚”收治入院。刻下：患者神清，精神可，无阴道出血，无腹胀腹痛，无腰酸不适，无寒热往来，无头晕头痛，无肛门下坠感，纳可，寐安，小便调，大便秘结，舌紫黯，苔薄，脉沉涩。,神志清晰，精神尚可，形体适中，语言清晰，口唇红润；皮肤正常，无斑疹。头颅大小形态正常，无目窼下陷，白睛无黄染，耳轮正常，无耳瘘及生疮；颈部对称，无青筋暴露，无瘿瘤瘰疬，胸部对称，虚里搏动正常，腹部平坦，无癥瘕痞块，爪甲色泽红润，双下肢无浮肿，舌紫黯，苔薄，脉沉涩。,0,0,0,0,1,1,0,0,0,0,2,气滞|血瘀
435848,train,气虚血瘀证,auto,反复胸闷痛10余年 ，加重1天,患者于10余年前开始反复出现胸闷痛不适，偶感心慌，2017年于徐州医科大学附属医院行PCI，植入一枚支架，术后患者症状改善出院，出院后患者不规律服用药物治疗，上述症状时有发作。患者凌晨突然出现胸闷痛，上腹部灼热感，无恶心、呕吐，无腹胀、腹泻，未作任何治疗，症状一直未见缓解，今至我院就诊，为进一步治疗收入我科。入院时：患者胸闷痛不适，时有心慌乏力，上腹部灼热感，无恶寒发热，无腹胀呕吐，无腹泻腹痛，纳可，二便尚调，夜寐欠安。,神志清晰，精神尚可，形体偏胖，语言清晰，口唇红润；皮肤正常，无斑疹。头颅大小形态正常，无目窼下陷，白睛无黄染，耳轮正常，无耳瘘及生疮；颈部对称，无青筋暴露，无瘿瘤瘰疬，胸部对称，虚里搏动正常，腹部平坦，无癥瘕痞块，爪甲色泽红润，双下肢有浮肿，舌淡有紫气，苔白，脉细涩。,1,0,0,0,0,1,0,0,0,0,2,血瘀|气虚
452033,train,气虚血瘀证,auto,"反复头晕头昏3年余,加重伴恶心1周",患者3年余前无明显诱因头晕头昏，头重如裹，予外院就诊，诊断“脑梗塞”，予输液治疗，症状反复发作，1周前患者受凉后感头晕频作，头昏，头重如裹，肢体乏力，双下肢为著，行走欠平稳，恶心时作，无呕吐，胃脘部烧灼感，疼痛阵作，胸闷偶作，心慌阵作，无胸痛放射痛，伴气短，全身乏力，动则为著，予口服药物治疗，症状未见明显改善，遂至我院门诊就诊，今为进一步检查治疗收住入院。病程中患者无恶寒发热，无晕厥黑朦，无夜间憋醒，无四肢抽搐，腹胀，纳食欠佳，不欲饮食，夜寐一般，大便干结难解，尿频。,神志清晰，精神差，形体偏胖，语言清晰，口唇发绀；皮肤正常，无斑疹。头颅大小形态正常，无目窼下陷，白睛无黄染，耳轮正常，无耳瘘及生疮；颈部对称，无青筋暴露，无瘿瘤瘰疬，胸部对称，虚里搏动正常，腹部膨隆，无癥瘕痞块，爪甲色泽红润，双下肢有浮肿，舌淡紫，苔白，脉细。,1,0,0,0,0,1,0,0,0,0,2,血瘀|气虚
424487,train,风痰阻络证,auto,突发右侧肢体麻木、无力1周,患者1周前无明显诱因下突然出现右侧肢体麻木、无力，无视物旋转，无恶心呕吐，未予特殊重视，症状持续。今为求进一步治疗，遂来我院就诊，入院时：患者神志清，精神尚可，右侧肢体麻木、无力，右上肢抬举受限，行走欠稳，偶有胸闷、心慌，无意识障碍，无头痛，无视物旋转，无恶心呕吐，无腹痛腹泻，纳可，寐尚可，二便尚调。,神志清晰，精神尚可，形体适中，语言清晰，口唇红润；皮肤正常，无斑疹。头颅大小形态正常，无目窼下陷，白睛无黄染，耳轮正常，无耳瘘及生疮；颈部对称，无青筋暴露，无瘿瘤瘰疬，胸部对称，虚里搏动正常，腹部平坦，无癥瘕痞块，爪甲色泽红润，双下肢无浮肿，舌暗红，苔薄腻，脉涩。,0,0,0,0,0,0,1,0,1,0,2,内风|痰湿
417808,train,阳虚水泛证,auto,反复胸闷、憋喘8年余，加重1天。,患者8年余前开始反复出现胸闷、憋喘不适，多次住院治疗，诊断为冠状动脉粥样硬化性心脏病，慢性心力衰竭，平时服用华法林、倍他乐克、螺内酯、盐酸曲美他嗪等药物治疗，上述症状时有发作，多次于我院门诊及住院就诊治疗。此次入院前1天无明显诱因出现胸闷、喘憋症状再发加重，遂至我院就诊，为求进一步治疗收入我科。入院时：患者胸闷憋喘，伴心慌，乏力气短，咳嗽，咯少量白粘痰，无黑矇、晕厥，无畏寒、发热，饮食睡眠一般，小便量少，大便正常。,神志嗜睡，精神差，形体适中，语言清晰，口唇发绀；皮肤正常，无斑疹。头颅大小形态正常，无目窼下陷，白睛无黄染，耳轮正常，无耳瘘及生疮；颈部对称，无青筋暴露，无瘿瘤瘰疬，胸部对称，虚里搏动异常，腹部平坦，无癥瘕痞块，爪甲色泽苍白，双下肢无浮肿，舌淡体胖，苔白厚，脉结代。,0,0,0,1,0,0,0,0,0,0,1,阳虚
429529,train,湿热瘀阻证,auto,检查发现盆腔粘连1月余。,患者平素月经周期规则，28天一行，4天净，量中，色暗红，偶有小血块，无痛经，G1P0，2016年“孕40天胚胎停止发育”行清宫术。患者未避孕未孕3年余，2019-03-25至徐州市中心医院门诊查HSG提示:1.双侧输卵管通而欠畅，输卵管远端粘连，盆腔粘连可能，2.盆腔炎可能，建议患者进一步手术治疗。患者LMP：2019-04-13，4天净，量色质如常，现经净第4天，现为行进一步手术治疗，由门诊拟以“盆腔粘连”收入我科，刻下：患者神清，精神可，下腹隐痛偶作，无阴道异常出血，无寒热往来，纳眠可，二便调畅，舌暗红，苔黄腻，脉滑数。,神志清晰，精神尚可，形体适中，语言清晰，口唇红润；皮肤正常，无斑疹。头颅大小形态正常，无目窼下陷，白睛无黄染，耳轮正常，无耳瘘及生疮；颈部对称，无青筋暴露，无瘿瘤瘰疬，胸部对称，虚里搏动正常，腹部平坦，无癥瘕痞块，爪甲色泽红润，双下肢无浮肿，舌暗红，苔黄腻，脉滑数。,0,0,0,0,0,0,0,1,0,0,1,湿热
469213,train,肾虚寒凝证,auto,颈腰部及臀区疼痛间作8年,患者2012年前无明显诱因出现颈椎、胸腰段、腰骶部、双侧臀区疼痛，偶有夜间痛，活动后疼痛减轻，劳累时疼痛加重，至徐医附院门诊就诊，查HLA-B27阳性，诊断为“强直性脊柱炎”，2013年因胆囊息肉至徐医附院行胆囊切除术，后转至内分泌科就诊，诊断为“强直性脊柱炎”，间断服用美洛昔康治疗，2015年12月有右眼虹膜炎，2016年1月因腰骶部疼痛加重至徐医附院风湿科住院治疗，查骶髂关节CT示关节面稍硬化，无破坏，诊断为脊柱关节病、右眼葡萄膜炎，予沙利度胺75mgqn、扶他林75mgq12h治疗，患者出院后停药；同年10月因自觉脊柱及臀区疼痛加重，至我院住院治疗，诊为脊柱关节病，予沙利度胺2粒1/晚，塞来昔布1粒2/日口服后症状改善，后患者未规律服药，自诉疼痛加重时口服扶他林对症治疗；2016-2018年每年右眼虹膜炎发作一次；现患者自觉周身关节疼痛，为求进一步中西医结合治疗收住我科。入院时：腰部及胸腰段、腰骶部、臀区疼痛，有夜间痛，晨僵，活动后能有缓解，服用扶他林有效，周身关节疼痛，休息可改善，乏力倦怠，纳眠差，二便调。否认复发性口腔溃疡，无皮疹，无尿频尿急。,神志清晰，精神尚可，形体适中，语言清晰，口唇红润；皮肤正常，无斑疹。头颅大小形态正常，无目窼下陷，无白睛，耳轮正常，无耳瘘及生疮；颈部对称，无青筋暴露，无瘿瘤瘰疬，胸部对称，虚里搏动正常，腹部平坦，无癥瘕痞块，爪甲色泽红润，双下肢无浮肿，舌淡红，苔白，脉弦。,0,0,0,1,0,0,0,0,0,0,1,阳虚
433588,train,湿热下注证,auto,肛内肿物外脱伴便血1月余。,患者1月前无明显诱因下出现肛内肿物外脱，难以回纳，肿痛，行走不利，伴便血，自用痔疮膏治疗，未见疗效，遂来我院就诊。刻下：肛周肿物外脱，肿痛，便血，无脓液便，行走不利，坐卧不宁，无肛门坠胀不适。小便可，夜寐可。,神志清晰，精神尚可，形体适中，语言清晰，口唇红润；皮肤正常，无斑疹。头颅大小形态正常，无目窼下陷，白睛无黄染，耳轮正常，无耳瘘及生疮；颈部对称，无青筋暴露，无瘿瘤瘰疬，胸部对称，虚里搏动正常，腹部平坦，无癥瘕痞块，爪甲色泽红润，双下肢无浮肿，舌淡红，苔白，脉弦。,0,0,0,0,0,0,0,1,0,0,1,湿热
444650,train,气滞血瘀证,auto,左肱骨骨折术后1年余骨折不愈合,患者1年前不慎从高处跌落，致左肱骨开放性骨折，于我院行手术治疗，术后病情稳定后出院，积极功能锻炼，定期门诊复查，现骨折仍未完全愈合。故患者为行手术进一步治疗，今日来我院门诊就诊。经询问病史、查体及阅片后，遂经门诊拟“左肱骨开放骨折术后骨折不连接”收治入院。近日患者无发热，无胸闷憋喘，无咳嗽咳痰，无潮热盗汗，无腹胀不适，睡眠及食纳尚可，二便自调，现左肩、左肘关节活动度尚可，末梢血运良好。,神志清晰，精神尚可，形体适中，语言清晰，口唇红润；皮肤正常，无斑疹。头颅大小形态正常，无目窼下陷，白睛无黄染，耳轮正常，无耳瘘及生疮；颈部对称，无青筋暴露，无瘿瘤瘰疬，胸部对称，虚里搏动正常，腹部平坦，无癥瘕痞块，爪甲色泽红润，双下肢无浮肿，舌淡红，苔白，脉弦。,0,0,0,0,1,1,0,0,0,0,2,气滞|血瘀
481222,train,湿热下注证,auto,便后肛内肿物脱出8月余，加重1月,"患者8月余前因劳累感会阴部坠胀明显，而致便后肛内肿物脱出，不能回复，大便带血，自行休息后症状未见明显缓解，近1月来症状明显加重，肛门疼痛剧烈，瘙痒难忍，行走不便，便血量多，遂于今日由门诊拟“混合痔嵌顿”，收入我区。刻下：无发热咳嗽，便后肛内肿物脱出，不能还纳，持续疼痛，活动受限，肛门坠胀不适,大便排出困难，纳寐欠安。",神志清晰，精神尚可，形体形体适中，语言清晰，口唇红润；皮肤正常，无斑疹。头颅大小形态正常，无目窼下陷，无白睛，耳轮正常，无耳瘘及生疮；颈部对称，无青筋暴露，无瘿瘤瘰疬，胸部对称，虚里搏动正常，腹部平坦，无癥瘕痞块，爪甲色泽红润，双下肢无浮肿，舌淡红，苔白，脉平和。,0,0,0,0,0,0,0,1,0,0,1,湿热
485423,train,气虚血瘀证,auto,左半身无力4月余,患者自诉约4月前无明显诱因突发左半身无力，就诊予外院查头颅CT提示脑干梗死，经治疗后症状改善，仍遗留左半身无力，为求进一步治疗入院，病程中无意识模糊、无肢体抽搐，刻下患者神清，精神差，左半身无力，饮水呛咳，左膝关节活动后疼痛明显，无活动后心慌胸闷，食纳欠佳，夜寐安，小便畅，大便干燥。,神志清晰，精神欠佳，形体适中，语言清晰，口唇红润；皮肤正常，无斑疹。头颅大小形态正常，无目窼下陷，白睛无黄染，耳轮正常，无耳瘘及生疮；颈部对称，无青筋暴露，无瘿瘤瘰疬，胸部对称，虚里搏动正常，腹部平坦，无癥瘕痞块，爪甲色泽红润，双下肢无浮肿，舌暗，苔白，脉细。,1,0,0,0,0,1,0,0,0,0,2,血瘀|气虚
485916,test,气滞血瘀证,auto,腰部疼痛伴左下肢麻木3月,患者3月前无明显原因出现腰部疼痛伴左下肢麻木，至徐州市中心医院行相关影像学检查及冲击疗法等处理，症状未见明显好转，伴有活动不利，影响日常生活，现患者及为求进一步治疗，遂至我院门诊就诊，门诊经询问病史及相关检查后，予以排除新冠肺炎病毒感染后，拟“腰椎间盘突出”收入院。入院时患者腰部疼痛及左下肢麻木不适，活动欠利依然，神志清，精神可，无发热畏寒，无咳嗽咳痰，无呼吸困难，无胸闷气喘，无腹痛腹泻，平素饮食睡眠可，二便如常。,神志清晰，精神尚可，形体适中，语言清晰，口唇红润；皮肤正常，无斑疹。头颅大小形态正常，无目窼下陷，白睛无黄染，耳轮正常，无耳瘘及生疮；颈部对称，无青筋暴露，无瘿瘤瘰疬，胸部对称，虚里搏动正常，腹部平坦，无癥瘕痞块，爪甲色泽红润，双下肢无浮肿，舌淡红，苔白，脉弦细。,0,0,0,0,1,1,0,0,0,0,2,气滞|血瘀
470625,train,气滞血瘀证,auto,停经45天，间断下腹疼痛10天。,患者平素月经24-25天一行，3-4天净，量中等，色红，夹少许血块，经行腹痛明显，LMP：2020-05-25（停经8月，服用黄体酮胶囊7天撤退性出血），4天净。G4P1，未避孕。患者06月26日自测尿妊娠试验阳性，06月29日阴道少量出血1次，伴下腹隐痛，未予重视，07月07日患者要求终止妊娠就诊于我院，查宫腔内可见范围36×33mm不均质混合回声区，遂于07月08日查血HCG：109690.2mIU/ml，P：48.11ng/ml，结合患者彩超、停经天数、HCG等情况，考虑葡萄胎可能，建议住院治疗。今日患者为行进一步手术治疗，由门诊完善检查排除新冠肺炎后以“葡萄胎待查”收入院，入院时：患者无明显腹痛，无明显阴道出血，恶心不适，无呕吐，纳可，寐安，二便调，舌紫黯、脉弦涩。,神志清晰，精神尚可，形体适中，语言清晰，口唇红润；皮肤正常，无斑疹。头颅大小形态正常，无目窼下陷，白睛无黄染，耳轮正常，无耳瘘及生疮；颈部对称，无青筋暴露，无瘿瘤瘰疬，胸部对称，虚里搏动正常，腹部平坦，无癥瘕痞块，爪甲色泽红润，双下肢无浮肿，舌紫黯、脉弦涩。,0,0,0,0,1,1,0,0,0,0,2,气滞|血瘀
482740,train,气虚血瘀证,auto,反复胸闷憋喘6年余，加重1天,患者6年前开始反复出现胸闷憋喘不适，活动后加重，在我院就诊，明确冠心病、急性心肌梗死等诊断，并于2013-07-05造影示：LM未见狭窄，LAD中段至远段弥漫性长病变，最重95%狭窄，最狭窄处血管细小，无法植入支架，TIMI3级血流， LCX中段OM1以远狭窄远段弥漫性长病变，最重95%狭窄，OM1近段90%狭窄， RCA近段95%狭窄，中段85%狭窄，PDA近段70%狭窄。2013-07-10造影示：LM未见狭窄，LAD中段至远段弥漫性长病变，最重95%狭窄，最狭窄处血管细小，无法植入支架，TIMI3级血流， LCX中段OM1以远狭窄远段弥漫性长病变，最重95%狭窄，OM1近段90%狭窄， RCA近段95%狭窄，中段85%狭窄，PDA近段70%狭窄。与家属商议后，对RCA行PCI术并植入支架2枚。2013-11-27造影示：LM未见狭窄，LAD近段至远段弥漫性长病变，最重95%狭窄，LCX中段OM1以远狭窄远段弥漫性长病变，最重95%狭窄，血管细小，OM1近段90%狭窄；RCA支架内通畅无再狭窄。与家属商议后，对LAD行PCI术并植入支架3枚。术后规律服用阿司匹林、波立维、倍他乐克缓释片、坎地沙坦，病情一度平稳。后间断出现劳累时胸闷憋喘，多次住院治疗。患者昨日上述症状加重，并伴有头晕症状，遂于今日急来我院就诊。为进一步诊疗，收住入院。入院时：发病以来无发热，胸闷憋喘，心悸间作，有时感右侧胸痛，活动时加重。颜面青黑，纳欠佳，二便尚调，夜寐差。,神志清晰，精神尚可，形体适中，语言清晰，口唇发绀；皮肤正常，无斑疹。头颅大小形态正常，无目窼下陷，白睛无黄染，耳轮正常，无耳瘘及生疮；颈部对称，无青筋暴露，无瘿瘤瘰疬，胸部对称，虚里搏动正常，腹部平坦，无癥瘕痞块，爪甲色泽红润，双下肢有浮肿，舌淡紫，苔薄白，脉细涩。,1,0,0,0,0,1,0,0,0,0,2,血瘀|气虚
430557,train,痰瘀互结证,auto,突发一过性头晕伴黑蒙半天,患者晨起突发头晕伴黑蒙，与体位无明显关系，发作5-6次，每次持续数分钟后缓解，无肢体麻木、无力，今为进一步中西医结合治疗，前来我院就诊，门诊拟“眩晕病”收住入院。入院时：患者神清，精神一般，头晕阵作，无黑蒙，行走尚可，无头痛，胸闷胸痛阵作，休息后好转，无腹痛腹泻，无咳嗽咯痰，无恶寒发热，饮食一般，夜寐欠佳，二便可，舌质淡紫，苔白滑，脉沉。,神志清晰，精神尚可，形体适中，语言清晰，口唇发绀；皮肤正常，无斑疹。头颅大小形态正常，无目窼下陷，无白睛，耳轮正常，无耳瘘及生疮；颈部对称，无青筋暴露，无瘿瘤瘰疬，胸部对称，虚里搏动正常，腹部平坦，无癥瘕痞块，爪甲色泽红润，双下肢对称，舌质淡紫，苔白滑，脉沉。,0,0,0,0,0,1,1,0,0,0,2,痰湿|血瘀
490524,test,正虚瘀结证,auto,左肺小细胞癌2年余，化疗后1月，胸闷、憋喘1周。,患者2018年11月因胸闷查胸部CT提示左肺部占位，行支气管镜检查提示小细胞肺癌（未见病理报告），排除禁忌后行化疗5周期（具体不详）。后予以放疗1疗程。2019-08自觉胸闷、憋喘，就诊于邳州市人民医院，查CT提示病情进展，遂予以间断化疗14周期（具体不详），末次化疗时间为2021-01。患者外院检查提示心包积液，近1周胸闷、憋喘症状加重，遂为行进一步治疗收入我科。入院时：患者时有胸闷、气短，轻微乏力，偶有咳嗽、咳痰，白黏痰，无痰中带血，气短，无畏寒、发热，无恶心、呕吐，无腹痛、腹泻，大小便正常，近期体重未有明显减轻。舌淡红，苔白，脉弦细。,神志清晰，精神尚可，形体适中，语言清晰，口唇红润；皮肤正常，无斑疹。头颅大小形态正常，无目窼下陷，白睛无黄染，耳轮正常，无耳瘘及生疮；颈部对称，无青筋暴露，无瘿瘤瘰疬，胸部对称，虚里搏动正常，腹部平坦，无癥瘕痞块，爪甲色泽红润，双下肢无浮肿，舌淡红，苔白，脉弦细。,1,0,0,0,0,1,0,0,0,0,2,血瘀|气虚
485197,train,气滞血瘀证,auto,反复头昏半年余，黑朦3次,患者半年前无明显诱因下出现头昏时作，头重如裹，时黑朦，无晕厥，偶有视物旋转，无恶心呕吐，无耳鸣，症状反复发作，1周前无明显诱因下出现头昏时作，黑朦又作，无晕厥，无视物旋转，无恶心呕吐，无耳鸣，行走欠稳，心慌胸闷偶作，无胸痛、放射痛，无憋喘，无夜间憋醒，全身乏力，即来我院门诊就诊，为进一步检查治疗收住入院。入院时头昏时作，无黑朦晕厥，无恶心呕吐，无耳鸣，行走欠稳，无心慌胸闷，无视物旋转，无胸痛、放射痛，无憋喘，无夜间憋醒，全身乏力，无咳嗽咳痰，无恶寒发热，无气喘，纳食可，睡眠一般，二便如常。,神志嗜睡，精神欠佳，形体偏瘦，语言含糊，口唇发绀；皮肤正常，无斑疹。头颅大小形态正常，无目窼下陷，白睛无黄染，耳轮正常，无耳瘘及生疮；颈部对称，无青筋暴露，无瘿瘤瘰疬，胸部对称，虚里搏动正常，腹部平坦，无癥瘕痞块，爪甲色泽红润，双下肢无浮肿，舌淡红，无苔，脉细弱。,0,0,0,0,1,1,0,0,0,0,2,气滞|血瘀
424420,test,风痰阻络证,auto,突发头痛伴右侧肢体无力4天。,患者于4日前无明显诱因出现头痛伴右侧肢体无力，未重视，后症状反复发作，遂至我院门诊，予收入我科。入院时症状：神志清，精神欠佳，左侧头痛不适，呈跳痛，右侧肢体无力，右手时有麻木，行走欠利，颈项部时有酸痛不适，无意识障碍，无肢体抽搐、痉挛等，饮食欠佳，二便可，夜寐尚可。舌质红，苔黄腻，脉弦。,神志清晰，精神欠佳，形体适中，语言清晰，口唇红润；皮肤正常，无斑疹。头颅大小形态正常，无目窼下陷，白睛无黄染，耳轮正常，无耳瘘及生疮；颈部对称，无青筋暴露，无瘿瘤瘰疬，胸部对称，虚里搏动正常，腹部平坦，无癥瘕痞块，爪甲色泽红润，双下肢无浮肿，舌质红，苔黄腻，脉弦。,0,0,0,0,0,0,1,0,1,0,2,内风|痰湿
452342,train,气滞血瘀证,auto,左侧肢体麻木无力半年，加重10天,患者半年前无明显诱因出现左侧肢体麻木无力，于我院就诊，诊断为急性脑梗死，住院治疗后症状稍改善，仍遗留有左侧肢体麻木，10天前自诉麻木症状较前加重，未予以重视，症状持续无缓解，今遂至我院门诊就诊，为求进一步中西医结合治疗，收入院。入院时症状：神志清，精神欠佳，左侧肢体麻木，左下肢较重，无肢体不遂，言语尚清晰，无饮水呛咳，时有咳喘短气，活动后加重，无头晕头痛，无恶心呕吐，无肢体抽搐，纳食一般，二便调，夜寐尚可，舌淡，苔薄白，脉弦细。,神志清晰，精神尚可，形体适中，语言清晰，口唇红润；皮肤正常，无斑疹。头颅大小形态正常，无目窼下陷，白睛无黄染，耳轮正常，无耳瘘及生疮；颈部对称，无青筋暴露，无瘿瘤瘰疬，胸部对称，虚里搏动正常，腹部平坦，无癥瘕痞块，爪甲色泽红润，双下肢无浮肿，舌淡苔白腻，脉弦。,0,0,0,0,1,1,0,0,0,0,2,气滞|血瘀
451366,train,风痰上扰证,auto,发作性头晕、行走欠稳1天,患者昨日无明显诱因出现头晕、行走欠稳，持续约2分钟后完全缓解，现为求中西医结合治疗至我院就诊，经门诊收治入院，入院时：患者神清，精神欠佳，头晕、行走欠稳未作，咳嗽、咳痰，痰量少、色白，无黑懵、无视物成双、无胸闷心慌，食纳尚可，夜寐安，二便调。舌淡紫，苔薄白，脉弦细。,神志清晰，精神欠佳，形体适中，语言清晰，口唇红润；皮肤正常，无斑疹。头颅大小形态正常，无目窼下陷，白睛无黄染，耳轮正常，无耳瘘及生疮；颈部对称，无青筋暴露，无瘿瘤瘰疬，胸部对称，虚里搏动正常，腹部平坦，无癥瘕痞块，爪甲色泽红润，双下肢无浮肿，舌淡紫，苔薄白，脉弦细。,0,0,0,0,0,0,1,0,1,0,2,内风|痰湿
486379,train,风痰阻络证,auto,头晕伴行走不稳1周,患者1周前无明显诱因出现头晕，伴行走不稳，未予重视，症状持续无缓解，今日为求中西医结合诊治，来我院门诊，为进一步诊治予收入院。入院时：神清，精神欠佳，头晕，伴行走不稳，时有左侧头部、左耳疼痛，舌体麻木，有裂纹，无心慌、胸闷，食纳可，夜寐安，大小便可，舌紫，苔白厚腻，有裂纹，脉弦。,神志清晰，精神欠佳，形体适中，语言清晰，口唇红润；皮肤正常，无斑疹。头颅大小形态正常，无目窼下陷，白睛无黄染，耳轮正常，无耳瘘及生疮；颈部对称，无青筋暴露，无瘿瘤瘰疬，胸部对称，虚里搏动正常，腹部平坦，无癥瘕痞块，爪甲色泽红润，双下肢无浮肿，舌紫，苔白厚腻，有裂纹，脉弦。,0,0,0,0,0,0,1,0,1,0,2,内风|痰湿
468452,train,风痰阻络证,auto,头晕伴行走不稳半月,患者半月前无明显诱因出现头晕伴行走不稳，未予重视，症状持续无缓解，今日为求中西医结合诊治，来我院门诊，为进一步诊治予收入院。入院时：神清，精神欠佳，头晕，昏沉，行走不稳，左上肢麻木，腰部酸痛，左足根部麻木，后枕部时有麻木，时有心慌、多汗，眼睛发胀，胃部不适，胃胀，发堵，食纳可，入睡困难，大小便可，舌紫，苔白，脉弦。,神志清晰，精神欠佳，形体适中，语言清晰，口唇红润；皮肤正常，无斑疹。头颅大小形态正常，无目窼下陷，白睛无黄染，耳轮正常，无耳瘘及生疮；颈部对称，无青筋暴露，无瘿瘤瘰疬，胸部对称，虚里搏动正常，腹部平坦，无癥瘕痞块，爪甲色泽红润，双下肢无浮肿，舌紫，苔白，脉弦。,0,0,0,0,0,0,1,0,1,0,2,内风|痰湿
435190,val,气虚血瘀证,auto,头晕、行走不稳3天,3天前无明显诱因，患者突然出现左下肢乏力，伴有头晕，持续不能缓解，我院查头颅CT示颅内多发转移瘤，多次至我院及外院行保守治疗，上述症状无缓解，行走困难，伴有头痛，今为求进一步中西医结合治疗，收治入院。入院时，患者神志清楚，精神萎靡，双下肢乏力，站立及行走不能，头痛，偶有恶心呕吐，食欲欠佳，消瘦，大便偏干，舌淡紫，苔薄白，脉弦滑。,神志清晰，精神尚可，形体适中，语言含糊，口唇红润；皮肤苍白，无斑疹。头颅大小形态正常，无目窼下陷，白睛无黄染，耳轮正常，无耳瘘及生疮；颈部对称，无青筋暴露，无瘿瘤瘰疬，胸部对称，虚里搏动正常，腹部平坦，无癥瘕痞块，爪甲色泽红润，双下肢无浮肿，舌淡红，苔白，脉细。,1,0,0,0,0,1,0,0,0,0,2,血瘀|气虚
462724,train,湿热下注证,auto,肛门坠胀不适伴有肛内肿物脱出10年，加重10天,"患者于入院前10年，出现因食辛辣醇厚且劳累后出现肛缘肿痛伴肛内肿物脱出,偶有便血，量不多、色鲜红，肛门坠胀不适，行走后尤甚，近10日坠胀感症状明显加重，外脱肿物疼痛明显，遂来本院求治。刻下：肛内肿物脱出伴肿缘疼痛，坐卧不宁，行走不利。大便1日/行，日行1次，质硬，排出不畅，伴便血，伴排便不尽及肛门坠胀感，无粘液便，小溲畅，无发热恶寒。纳谷不馨，夜寐尚可，舌红，苔黄，脉弦滑。",神志清晰，精神尚可，形体形体适中，语言清晰，口唇红润；皮肤正常，无斑疹。头颅大小形态正常，无目窼下陷，无白睛，耳轮正常，无耳瘘及生疮；颈部对称，无青筋暴露，无瘿瘤瘰疬，胸部对称，虚里搏动正常，腹部平坦，无癥瘕痞块，爪甲色泽红润，双下肢无浮肿，舌红，苔黄，脉弦滑。,0,0,0,0,0,0,0,1,0,0,1,湿热
469517,val,湿热蕴结证,auto,上腹部疼痛五个小时,患者五个小时前无明显诱因出现上腹部疼痛不适，诉昨日饮酒史，伴食欲减退，伴恶心欲吐，无嗳气反酸，无吞咽困难，既往多次胰腺炎病史，遂致我院急诊，查上腹部CT示1.胰腺炎，胰周渗出、积液。2.左肾低密度灶。血淀粉酶示111U/L，血常规示18.79X109/L，中性细胞值16.65X109/L，今为求中西医结合进一步诊治来我院，急诊遂拟急性胰腺炎收住入院。病程中患者上腹部疼痛，伴口干口苦，食欲欠佳，无发热、黄疸，无吞咽困难，无呕血、黑便，无腹泻，食纳、睡眠欠佳，二便正常，近期无明显消瘦。,神志清晰，精神尚可，形体形体适中，语言清晰，口唇红润；皮肤正常，无斑疹。头颅大小形态正常，无目窼下陷，无白睛，耳轮正常，无耳瘘级生疮；颈部对称，无青筋暴露，无瘿瘤瘰疬，胸部对称，虚里搏动正常，腹部平坦，无癥瘕痞块，爪甲色泽红润，双下肢对称，舌质红，苔薄黄，脉弦。,0,0,0,0,0,0,0,1,0,0,1,湿热
437544,test,气虚血瘀证,auto,口干多饮间作21年，加重伴四肢乏力1月,患者素嗜肥甘，1998年因口渴多饮而查空腹血糖10mmol/L，诊为“2型糖尿病”，一直口服二甲双胍、格列美脲治疗，但饮食未加控制，血糖一直控制不理想。一个月前因“脑出血”于徐医附院脑外科住院，查血糖升高明显，伴四肢乏力。10天前左侧腰部出现带状疱疹，为求进一步中西医结合控制血糖紊乱及检查并发症，入住我区。入院时：口干多饮、多尿，四肢乏力、麻木时作，头晕头昏偶作，左侧腰部带状疱疹，伴疼痛时作，纳谷一般，夜寐欠安，小便偶见泡沫，夜尿多。自发病以来神清，精神可，胃纳、睡眠可，二便调，无发热，近期无明显消瘦及肥胖。,神志清晰，精神尚可，形体适中，语言清晰，口唇红润；皮肤正常，无斑疹。头颅大小形态正常，无目窼下陷，无白睛，耳轮正常，无耳瘘及生疮；颈部对称，无青筋暴露，无瘿瘤瘰疬，胸部对称，虚里搏动正常，腹部平坦，无癥瘕痞块，爪甲色泽红润，双下肢无浮肿，舌暗，苔白，脉弦。,1,0,0,0,0,1,0,0,0,0,2,血瘀|气虚
486503,train,肝郁气滞证,auto,左上腹部外伤后4天伴左上腹部剧烈疼痛3小时,"患者四天前不慎跌倒，当时感左上腹部疼痛不适，能耐受，遂未予以重视，于昨夜9时左右无明显诱因出现左上腹部疼痛，疼痛剧烈，持续性疼痛，伴腹胀，有恶心无呕吐,无发热，无嗳气反酸不适,疼痛未牵及肩背部，遂急至我院急诊科就诊，于急诊查血常规示：中性细胞比率：81.30%，上腹部CT示：胆囊结石，胆囊炎。脾大。胸部CT示：两肺间质性改变,门诊医师行检查后拟""腹痛待查：腹壁外伤、胆囊结石""收入院，患者现左上腹部疼痛明显，稍腹胀，无腹泻酸烧灼不适，无恶心呕吐，舌质红苔薄白，脉弦。",神志清晰，精神尚可，形体适中，语言清晰，口唇红润；皮肤正常，无斑疹。头颅大小形态正常，无目窼下陷，白睛无黄染，耳轮正常，无耳瘘及生疮；颈部对称，无青筋暴露，无瘿瘤瘰疬，胸部对称，虚里搏动正常，腹部平坦，无癥瘕痞块，爪甲色泽红润，双下肢无浮肿，舌淡红，苔白，脉弦。,0,0,0,0,1,0,0,0,0,0,1,气滞
445775,train,气虚血瘀证,auto,头晕行走不稳1月,患者自诉1月前无明显诱因突发头晕，右转时伴有视物旋转、轻度恶心感，症状持续约数秒缓解，偶有行走时头晕，致肢体无力晕倒，症状在数秒即缓解，平素伴行走不稳，就诊予外院查头颅CT提示脑梗死，经治疗后症状改善不显，为求进一步治疗入院，病程中无意识模糊、无肢体抽搐，刻下患者神清，精神差，头晕，行走不稳，无活动后心慌胸闷，食纳可，夜寐安，二便畅。,神志清晰，精神尚可，形体适中，语言清晰，口唇红润；皮肤正常，无斑疹。头颅大小形态正常，无目窼下陷，白睛无黄染，耳轮正常，无耳瘘及生疮；颈部对称，无青筋暴露，无瘿瘤瘰疬，胸部对称，虚里搏动正常，腹部平坦，无癥瘕痞块，爪甲色泽红润，双下肢无浮肿，舌淡红，苔白，脉细。,1,0,0,0,0,1,0,0,0,0,2,血瘀|气虚
430503,train,气虚血瘀证,auto,阵发性胸闷、胸痛10余年，加重3天,患者10余年前无明显诱因出现胸闷、胸痛阵作，活动后加重，休息后及含服速效救心丸后好转，当时予当地医院诊断为冠心病，当时予抗聚、调脂、活血化瘀等治疗后好转，3天前患者症情较前加重。现患者为求进一步明确诊疗遂由门诊收住入院，入院时：胸闷、胸痛阵作，活动后加重，休息后及含服速效救心丸后好转，腰痛，由坐位变为站位时困难，无恶心呕吐，无头晕头痛，胸闷偶作，无咳嗽咯痰，无腹痛腹泻，纳寐尚可，二便尚调，舌质暗红，苔白，脉弦细。,神志清晰，精神尚可，形体适中，语言清晰，口唇发绀；皮肤正常，无斑疹。头颅大小形态正常，无目窼下陷，无白睛，耳轮正常，无耳瘘及生疮；颈部对称，无青筋暴露，无瘿瘤瘰疬，胸部对称，虚里搏动正常，腹部平坦，无癥瘕痞块，爪甲色泽红润，双下肢对称，舌质暗红，苔白，脉弦细。,1,0,0,0,0,1,0,0,0,0,2,血瘀|气虚
457453,train,肝胃不和证,auto,嗳气伴食欲减退间作一月,患者一月前无明显诱因出现嗳气不适，伴食欲减退，进食量较前明显减少，无反酸烧心，无恶心呕吐，觉口干口苦，未予重视，未系统治疗，一月来病情呈进行性加重，无明显好转，今为求中西医结合进一步诊治再来我院，门诊遂拟慢性胃炎收住入院。病程中患者嗳气间作，无腹痛腹胀，无恶心欲吐，口干口苦间作，食欲欠佳，无发热、黄疸，无吞咽困难，无呕血、黑便，无腹泻，食纳、睡眠欠佳，小便正常，大便干，近期较前略消瘦。,神志清晰，精神尚可，形体形体适中，语言清晰，口唇红润；皮肤正常，无斑疹。头颅大小形态正常，无目窼下陷，无白睛，耳轮正常，无耳瘘级生疮；颈部对称，无青筋暴露，无瘿瘤瘰疬，胸部对称，虚里搏动正常，腹部平坦，无癥瘕痞块，爪甲色泽红润，双下肢对称，舌质红，苔薄黄，脉弦。,0,0,0,0,1,0,0,0,0,0,1,气滞
443553,train,湿热下注证,auto,肛内肿物外脱伴肿痛20年，加重伴便血3天,"患者20年来反复出现肛内肿物外脱伴肿痛，近3天加重伴便血,未予治疗，大便一日一行，质硬，排出不畅，伴便血，鲜血，量多，无排便不尽及肛门坠胀感，无粘液便，小溲畅，无发热恶寒。纳食可，夜寐尚可。舌淡红，苔白，脉数。",神志清晰，精神尚可，形体适中，语言清晰，口唇红润；皮肤正常，无斑疹。头颅大小形态正常，无目窼下陷，白睛无黄染，耳轮正常，无耳瘘及生疮；颈部对称，无青筋暴露，无瘿瘤瘰疬，胸部对称，虚里搏动正常，腹部平坦，无癥瘕痞块，爪甲色泽红润，双下肢无浮肿，舌淡红，苔白，脉数。,0,0,0,0,0,0,0,1,0,0,1,湿热
453544,train,血虚风燥证,auto,全身皮肤起红斑丘疹伴瘙痒1年。,患者1年前无明显诱因躯干部出现少量粟粒至豆粒大小不等红斑丘疹，数目不多，散在分布，并感瘙痒不适，曾就诊于徐州市中心医院，诊断为“湿疹”，静滴地塞米松，口服中药，外用地奈德乳膏等治疗，病情稍好，但不久全身又出现多数红斑丘疹，瘙痒不适，遂今日来我科住院治疗。入院时患者神清，精神可，无发热，无腹痛，纳食一般，夜寐欠安，二便自调。,神志清晰，精神尚可，形体形体适中，语言清晰，口唇红润；皮肤同前，有斑疹。头颅大小形态正常，无目窼下陷，无白睛，耳轮正常，无耳瘘及生疮；颈部对称，无青筋暴露，无瘿瘤瘰疬，胸部对称，虚里搏动正常，腹部平坦，无癥瘕痞块，爪甲色泽：红润，双下肢对称，舌淡红，少苔，脉弦细。,0,1,0,0,0,0,0,0,1,0,2,血虚|内风
487523,train,气虚血瘀证,auto,右侧肢体无力伴语言不清50余日。,患者50余日前无明显诱因突发右侧肢体无力、语言不清，于当地医院查头CT示脑梗死，行支架置入术（具体不详），经治症状好转，仍遗留右侧肢体无力、语言不清，为求进一步中西结合诊疗遂来诊，由门诊收治入院，入院时患者神清，精神欠佳，语言不清，右侧肢体无力、肿胀伴疼痛，无肢体抽搐，无饮水呛咳，无头晕头痛、心慌不适，食纳、夜寐尚可，二便尚可，舌暗，苔白，脉弦。,神志清晰，精神尚可，形体适中，语言清晰，口唇暗红；皮肤正常，无斑疹。头颅大小形态正常，无目窼下陷，白睛无黄染，耳轮正常，无耳瘘及生疮；颈部对称，无青筋暴露，无瘿瘤瘰疬，胸部对称，虚里搏动正常，腹部平坦，无癥瘕痞块，爪甲色泽暗红，双下肢无浮肿，舌暗，苔白，脉弦。,1,0,0,0,0,1,0,0,0,0,2,血瘀|气虚
433400,train,肝胃郁热证,auto,解黑便2天,患者二天前无明显诱因出现解黑便，每日约1-2次，每次量约200g，成形，无鲜血便，伴上腹疼痛，进食后腹部不适稍缓解，有反酸、嗳气、腹胀及上腹部、胸骨后烧灼感，无恶心、呕吐，无发热，食欲欠佳，未重视，未至医院治疗，今日出现头晕，心慌，乏力，患者为进一步诊治，今来我院，由门诊收入我科。病程中患者：有头晕，有心悸胸闷，纳少，睡眠欠佳，小便正常，近期体重无明显变化，进食后感胃脘嘈杂，舌红苔白，脉弦。,神志清晰，精神尚可，形体形体适中，语言清晰，口唇红润；皮肤正常，无斑疹。头颅大小形态正常，无目窼下陷，白睛无黄染，耳轮正常，无耳瘘及生疮；颈部对称，无青筋暴露，无瘿瘤瘰疬，胸部对称，虚里搏动正常，腹部平坦，无癥瘕痞块，爪甲色泽红润，双下肢无浮肿，舌淡红，苔白，脉弦。,0,0,0,0,1,0,0,0,0,1,2,气滞|实热
451793,test,痰瘀痹阻证,auto,反复头晕头痛10年，加重1天,患者10年前开始无明显诱因下反复出现头晕头痛不适，伴胸闷心慌间作，乏力，多次测血压高于140/90mmhg，最高血压180/110mmhg，既往服用缬沙坦、倍他乐克、非洛地平等多种降压药物治疗，血压时有波动，曾于外院就诊查肾上腺CT提示肾上腺增粗，建议微创手术切除，患者拒绝。病程中症状时有反复，未予重视。今日患者起床后出现头晕头痛加重，伴视物模糊，胸闷恶心间作，无视物旋转，无意识障碍，无黑曚晕厥，自测血压168/115mmHg，服用上述药物症状未改善，遂今日至我院就诊，现为进一步诊治收住入院。入院时：患者头晕，头痛，头重昏蒙，伴视物模糊，胸闷恶心，咳嗽痰少，无明显恶寒发热，无腹痛腹胀，纳可，二便调，寐差。,神志清晰，精神欠佳，形体适中，语言清晰，口唇发绀；皮肤正常，无斑疹。头颅大小形态正常，无目窼下陷，白睛无黄染，耳轮正常，无耳瘘及生疮；颈部对称，无青筋暴露，无瘿瘤瘰疬，胸部对称，虚里搏动正常，腹部平坦，无癥瘕痞块，爪甲色泽红润，双下肢无浮肿，舌紫暗有瘀斑，苔白腻，脉弦滑。,0,0,0,0,0,1,1,0,0,0,2,痰湿|血瘀
437772,test,肾虚证,auto,孕15W+，小腹疼痛1天。,患者平素月经周期尚正常，7/25天，月经量少，色暗红，无血块，无痛经，G2P0；患者LMP：2019-03-14，7天净，量色质同平素。04-18日无明显诱因出现阴道少量褐色分泌物，自测尿妊娠阳性，后至我院门诊就诊查血E2：623.72pg/ml；HCG：15776.9mIU/ml；P：24.63ng/ml，患者阴道少量褐色分泌物伴腰酸不适于我院住院综合保胎治疗；04-26日复查超声：宫内早孕（宫内见19*13mm孕囊回声，囊内可见明显卵黄囊 胚芽及原始心管搏动双侧卵巢大小、形态如常）；其后病情好转出院。期间定期产检，宫内胎儿发育尚可。昨日患者无明显诱因下出现小腹疼痛，无阴道流血，偶有腰酸，今至我院门诊就诊，予查淋巴细胞亚群示：总T淋巴细胞CD3:55.69%，辅助/诱导T淋巴细胞CD4+：23.78%，CD4+/CD8+：0.85%，NK淋巴细胞CD16+CD56+：33.44%；建议患者住院综合治疗；现患者为求进一步综合治疗，遂由门诊拟“先兆流产”收入院。刻下：患者偶有腰酸不适，偶有小腹疼痛，无阴道流血，无肛门下坠感，无寒热往来，无恶心呕吐，纳食可，寐安，二便调畅，舌淡红，苔白，脉沉滑尺脉弱。,神志清晰，精神尚可，形体适中，语言清晰，口唇红润；皮肤正常，无斑疹。头颅大小形态正常，无目窼下陷，白睛无黄染，耳轮正常，无耳瘘及生疮；颈部对称，无青筋暴露，无瘿瘤瘰疬，胸部对称，虚里搏动正常，腹部平坦，无癥瘕痞块，爪甲色泽红润，双下肢无浮肿，舌淡红，苔白，脉沉滑尺脉弱。,1,0,0,1,0,0,0,0,0,0,2,阳虚|气虚
453618,train,热毒蕴结证,auto,肛旁肿痛1周,"患者于入院前1周，出现因食辛辣醇厚且劳累后出现肛旁肿胀疼痛,初未重视，有抗炎治疗，疗效欠佳，症情反复发作渐加重，遂来本院求治。刻下：肛旁肿胀疼痛剧烈，坐卧不宁，行走不利。大便日行1次，质软，排出畅，无便血，无排便不尽及肛门坠胀感，无粘液便，小溲畅，无发热恶寒。纳食可，夜寐尚可，舌红，苔黄，脉滑数。",神志清晰，精神尚可，形体适中，语言清晰，口唇红润；皮肤正常，无斑疹。头颅大小形态正常，无目窼下陷，白睛无黄染，耳轮正常，无耳瘘及生疮；颈部对称，无青筋暴露，无瘿瘤瘰疬，胸部对称，虚里搏动正常，腹部平坦，无癥瘕痞块，爪甲色泽红润，双下肢无浮肿，舌淡红，苔白，脉滑数。,0,0,0,0,0,0,0,0,0,1,1,实热
419686,train,脾肾两虚证,manual_disambiguated,发现尿检异常伴双下肢浮肿10天,患者于10天前咳嗽咳痰伴双下肢轻度浮肿至四院呼吸科住院，入院后检查发现尿蛋白2+，尿沉渣红细胞42.26HPF，白蛋白34.4g/l，ANA谱、ANCA均阴性，胸部高分辨CT示：两肺内见散在条索状高密度影，边界模糊，两肺散在炎症。予以抗感染、化痰等治疗好转后出院，昨日在四院门诊复查尿常规示：蛋白3+，潜血3+，红细胞377UL，尿沉渣红细胞67.86HPF，一直服用黄葵胶囊治疗至今，病程中：无肉眼血尿，无口腔溃疡，无颜面部红斑，无光敏雷诺现象，无明显脱发，无明显口干眼干。患者今日至我科就诊，为进一步系统诊治，收住我病区，入院时：阵发性咳嗽间作，咳少量粘白痰，无发热，双下肢浮肿、轻度乏力倦怠，小便泡沫多不易消失，纳食可，夜寐安，大便正常；,神志清晰，精神尚可，形体偏胖，语言清晰，口唇红润；皮肤正常，无斑疹。头颅大小形态正常，无目窼下陷，无白睛，耳轮正常，无耳瘘及生疮；颈部对称，无青筋暴露，无瘿瘤瘰疬，胸部对称，虚里搏动正常，腹部平坦，无癥瘕痞块，爪甲色泽红润，双下肢有浮肿，舌淡红，苔薄白，脉沉细。,1,1,1,1,0,0,1,0,0,0,5,阴虚|阳虚|血虚|气虚|痰湿
463061,test,湿热下注证,auto,肛内肿物外脱伴肿痛1周。,"患者于入院前1周，出现因食辛辣醇厚且劳累后出现肛缘肿痛伴肛内肿物脱出,未予治疗，症情反复发作渐加重，遂来本院求治。刻下：肛内肿物脱出伴肿缘疼痛，坐卧不宁，行走不利。大便，日行2-3次，质软，排出畅，伴便血，量少，色鲜红，无排便不尽及肛门坠胀感，无粘液便，小溲畅，无发热恶寒。纳食可，夜寐尚可，舌红，苔黄，脉滑数。",神志清晰，精神尚可，形体形体适中，语言清晰，口唇红润；皮肤正常，无斑疹。头颅大小形态正常，无目窼下陷，白睛无黄染，耳轮正常，无耳瘘及生疮；颈部对称，无青筋暴露，无瘿瘤瘰疬，胸部对称，虚里搏动正常，腹部平坦，无癥瘕痞块，爪甲色泽红润，双下肢无浮肿，舌红，苔黄，脉滑数。,0,0,0,0,0,0,0,1,0,0,1,湿热
488381,train,湿热下注证,auto,肛旁流脓液伴肛内肿物外脱1月,患者1月来无明显诱因下出现肛旁流脓液伴肛内肿物外脱，未予治疗，大便2-3日1次，大便质软，排出畅，无便血，无粘液便，无里急后重及排便不尽感，小溲畅，无发热恶寒。纳食可，夜寐尚可。舌红，苔黄，脉滑数。,神志清晰，精神尚可，形体适中，语言清晰，口唇红润；皮肤正常，无斑疹。头颅大小形态正常，无目窼下陷，白睛无黄染，耳轮正常，无耳瘘及生疮；颈部对称，无青筋暴露，无瘿瘤瘰疬，胸部对称，虚里搏动正常，腹部平坦，无癥瘕痞块，爪甲色泽红润，双下肢无浮肿，舌红，苔黄，脉滑数。,0,0,0,0,0,0,0,1,0,0,1,湿热
451652,test,肝胃郁热证,auto,上腹痛间作一月余。,"患者一月前无明显诱因出现上腹疼痛，疼痛以剑下及右上腹为主，呈持续性隐痛，进食后腹痛稍缓解，空腹及饭前疼痛加重，无明显肩背部放射痛，有反酸、嗳气、腹胀及上腹部、胸骨后烧灼感，无恶心、呕吐，无发热，食欲可，大便每日一次，无粘液、脓血便，患者为求进一步诊治，今来我院，由门诊收入我科。病程中患者：时有乳房疼痛，时有头晕，无咳嗽咳痰,无心悸胸闷，纳可，睡眠可，小便正常，近期体重无明显变化，进食后感胃脘嘈杂，舌红苔白，脉弦，平素易生气。",神志清晰，精神尚可，形体形体适中，语言清晰，口唇红润；皮肤正常，无斑疹。头颅大小形态正常，无目窼下陷，白睛无黄染，耳轮正常，无耳瘘及生疮；颈部对称，无青筋暴露，无瘿瘤瘰疬，胸部对称，虚里搏动正常，腹部平坦，无癥瘕痞块，爪甲色泽红润，双下肢无浮肿，舌淡红，苔白，脉弦。,0,0,0,0,1,0,0,0,0,1,2,气滞|实热
430107,train,湿热下注证,auto,肛内肿物外脱伴肿痛1月,"患者于入院前1月，出现因食辛辣醇厚且劳累后出现肛缘肿痛伴肛内肿物脱出,有予治疗马应龙痔疮栓纳肛，症状未见缓解，症情反复发作渐加重，遂来本院求治。刻下：肛内肿物脱出伴肿缘疼痛，坐卧不宁，行走不利。大便日行1次，质软，排出畅，无便血，伴排便不尽及肛门坠胀感，无粘液便，小溲畅，无发热恶寒。纳食可，夜寐尚可，舌红，苔黄，脉滑数。",神志清晰，精神尚可，形体适中，语言清晰，口唇红润；皮肤正常，无斑疹。头颅大小形态正常，无目窼下陷，白睛无黄染，耳轮正常，无耳瘘及生疮；颈部对称，无青筋暴露，无瘿瘤瘰疬，胸部对称，虚里搏动正常，腹部平坦，无癥瘕痞块，爪甲色泽红润，双下肢无浮肿，舌淡红，苔白，脉滑数。,0,0,0,0,0,0,0,1,0,0,1,湿热
445442,train,风痰阻络证,auto,发作性行走欠稳5天,患者5天前劳累后突然出现头昏头晕，伴有行走欠稳，持续约10秒可自行缓解，无肢体活动不利，无恶心呕吐，无心慌胸痛，无一过性黑曚，遂至徐州二院就诊，查头颅MR示多发性腔隙性脑梗塞。今为求进一步治疗，遂来我院就诊，入院时：患者神志清，精神尚可，头昏头晕间作，伴有行走左偏，无肢体活动不利，无恶心呕吐，无心慌胸痛，无一过性黑曚，无腹痛腹泻，纳寐可，二便尚调。,神志清晰，精神尚可，形体适中，语言清晰，口唇红润；皮肤正常，无斑疹。头颅大小形态正常，无目窼下陷，白睛无黄染，耳轮正常，无耳瘘及生疮；颈部对称，无青筋暴露，无瘿瘤瘰疬，胸部对称，虚里搏动正常，腹部平坦，无癥瘕痞块，爪甲色泽红润，双下肢无浮肿。,0,0,0,0,0,0,1,0,1,0,2,内风|痰湿
438643,train,气滞血瘀证,auto,骑车摔倒致右肩部、右足部肿痛伴活动障碍1天,患者1天前骑车不慎摔倒，致右肩部及右足部外伤，出现右肩、右足肿痛，活动障碍，在当地医院行X片（睢宁县中医院，2019-07-05）示：右肱骨外科颈骨折、右侧第五跖骨基底部骨折。患者既往存在高血压、糖尿病、冠心病（支架植入术后）、腰椎术后等疾病史，当地医院建议转院治疗，患者至我院急诊就诊，急诊拟“右侧肱骨外科颈骨折、右侧第五跖骨基底部骨折”收治入院。伤后患者无昏迷，无意识不清，对受伤经过回忆清晰，无明显头晕头疼，右肩部及右足部症状如上所述，饮食睡眠可，二便正常。,神志清晰，精神尚可，形体适中，语言清晰，口唇红润；皮肤正常，无斑疹。头颅大小形态正常，无目窼下陷，白睛无黄染，耳轮正常，无耳瘘及生疮；颈部对称，无青筋暴露，无瘿瘤瘰疬，胸部对称，虚里搏动正常，腹部平坦，无癥瘕痞块，爪甲色泽红润，双下肢无浮肿，舌淡红，苔白，脉弦细。,0,0,0,0,1,1,0,0,0,0,2,气滞|血瘀
458965,train,阴虚阳亢证,auto,反复头晕头痛3年，加重伴胸闷1天。,患者3年前开始反复出现头晕头痛不适，多次测血压高于140/90mmhg，最高血压160/100mmhg，既往服用压氏达、倍他乐克等多种降压药物治疗，血压控制欠佳。近1天患者感头晕头痛明显加重，伴胸闷不适，每次胸闷持续10分钟左右，休息后可缓解，偶有心慌，无气短乏力，行走欠稳，无胸痛放射痛，无晕厥黑朦，现为进一步诊治收住入院。入院时：患者头晕头痛明显，行走欠稳，偶有心慌，无胸痛放射痛，无恶心呕吐，无咳嗽咳痰，纳欠佳，大小便尚调，夜寐一般。,神志清晰，精神尚可，形体适中，语言清晰，口唇红润；皮肤正常，无斑疹。头颅大小形态正常，无目窼下陷，白睛无黄染，耳轮正常，无耳瘘及生疮；颈部对称，无青筋暴露，无瘿瘤瘰疬，胸部对称，虚里搏动正常，腹部平坦，无癥瘕痞块，爪甲色泽红润，双下肢无浮肿，舌红少苔，脉弦细。,0,0,1,0,0,0,0,0,0,0,1,阴虚
472773,train,气滞血瘀证,auto,清宫术后阴道不规则出血2月余。,"患者平素月经规则,7-10/25,量中,色暗红,无痛经,有血块。G2P1。患者2020-05-25因胚停发育不良，于安徽省立医院行药流+清宫术，术后阴道出血至今未净，时出时止，出血量时多时少。病程期间于当地医院查妇科彩超为提示明显异常，未予治疗，患者2020-07-24至我院门诊就诊，查妇科三维彩超示：子宫前位，宫体形态不规则，表面光滑，肌层回声不均匀，见多枚最大约45*34mm低回声区，CDFI内见点状血流信号，内膜厚7mm，受压变形，形状不规则，回声不均匀，宫腔线不清晰，宫腔三维成像：内膜呈近似倒三角形，形态不规则，内膜成像不均，双侧宫角可显示显示不满意，右卵巢大小位置高，隐见31*14mm，形态正常，内见多枚小卵泡回声，左侧卵巢大小：55*46mm，形态正常，内见46*42mm不纯囊性暗区，壁光，一侧见数个小卵泡回声，子宫直肠窝见少许液性暗区，提示：子宫多发肌瘤、合并腺肌瘤不排除，子宫内膜回声不均（因内膜受压变形部分显示不满意），宫腔三维宫腔受压变形（部分显示不满意），右侧卵巢不纯囊性包块，左侧卵巢未见明显异常。遂于07-28进一步查宫腔镜，提示：宫颈炎、宫腔粘连、子宫粘膜下肌瘤。建议患者进一步行宫腔镜手术治疗。排除新冠后，由门诊拟以“宫腔残留待查、粘膜下子宫肌瘤、子宫内粘连”收入我科，刻下：患者神清，精神可，现无腹痛，阴道出血量中，如平素月经，每天1片卫生巾，偶有下腹疼痛不适，无腰酸，无肛门坠胀感，无发热畏寒，纳食可，夜寐安，二便调，舌暗，苔白，脉沉涩。",神志清晰，精神尚可，形体适中，语言清晰，口唇红润；皮肤正常，无斑疹。头颅大小形态正常，无目窼下陷，白睛无黄染，耳轮正常，无耳瘘及生疮；颈部对称，无青筋暴露，无瘿瘤瘰疬，胸部对称，虚里搏动正常，腹部平坦，无癥瘕痞块，爪甲色泽红润，双下肢无浮肿，舌暗，苔白，脉沉涩。,0,0,0,0,1,1,0,0,0,0,2,气滞|血瘀
484479,train,肝胃郁热证,auto,大便难解一月,患者一月前无明显诱因出现大便难解，无肛周坠胀疼痛感，无粘液、脓血，有腹胀，排便后腹胀较前缓解，无口干，无眼干，伴有反酸、嗳气及上腹部烧灼感，无发热，无嗽、咳痰，胸闷、憋喘，无恶心、呕吐，伴有乏力，纳食减少，2020.12.03于徐州市第一人民医院医疗集团总院行肠镜检查，肠镜诊断：直肠息肉，慢性结肠炎，患者为求进一步诊治，今来我院，由门诊收入我科。发病以来患者无头晕，偶有心慌、胸闷，感脘腹胀满不舒，睡眠欠佳，小便正常，舌红苔黄腻，脉弦滑，近期体重无明显下降。,神志清晰，精神尚可，形体形体适中，语言清晰，口唇红润；皮肤正常，无斑疹。头颅大小形态正常，无目窼下陷，白睛无黄染，耳轮正常，无耳瘘及生疮；颈部对称，无青筋暴露，无瘿瘤瘰疬，胸部对称，虚里搏动正常，腹部平坦，无癥瘕痞块，爪甲色泽红润，双下肢无浮肿，舌淡红，苔白，脉弦。,0,0,0,0,1,0,0,0,0,1,2,气滞|实热
468002,train,气滞血瘀证,auto,月经紊乱12年，阴道不规则出血伴腹痛4月余。,患者2008年以前月经规律，2008年人工流产后月经欠规律，2-4月一行，7天净，月经量略增多，有血块，偶有痛经，未予以重视及诊疗。2019年因月经紊乱且有生育要求就诊当地医院，予以中药调理（具体不详），后月经约40-50天一行，量色质正常。患者2020年02月开始阴道不规则出血，出血量少，时有时无，伴隐约腹痛感，后因月经逾期，口服中药后月经来潮，行经7天，月经干净后阴道不规则出血情况有加重，出血量增多，有血块，量多时如平素经量，未予以重视及诊疗，LMP：2020-05-08，经行腰酸腹痛，7天左右经净，月经干净2天后阴道出血，量少淋漓不净，伴隐约腹痛感，5-26就诊睢宁天虹医院查彩超提示宫腔内探及2.0*1.8cm稍高回声，进一步行宫腔镜手术，术中见子宫内膜广泛性息肉样增生，米粒至黄豆粒大小，色苍白，质脆，易出血，宫腔诊刮病理回示：“宫颈”子宫内膜样腺癌，“宫腔”子宫内膜样腺癌，建议进一步治疗。今日患者为求进一步治疗，由门诊收入院。刻下：患者神清，精神可，阴道黄色分泌物，有血丝，伴腹痛及腰酸，无寒热往来，无肛门下坠感，纳可，寐安，二便调畅，舌紫黯，苔薄，脉沉涩。,神志清晰，精神尚可，形体适中，语言清晰，口唇红润；皮肤正常，无斑疹。头颅大小形态正常，无目窼下陷，白睛无黄染，耳轮正常，无耳瘘及生疮；颈部对称，无青筋暴露，无瘿瘤瘰疬，胸部对称，虚里搏动正常，腹部平坦，无癥瘕痞块，爪甲色泽红润，双下肢无浮肿，舌紫黯，苔薄，脉沉涩。,0,0,0,0,1,1,0,0,0,0,2,气滞|血瘀
450681,val,脾肾两虚证,manual_disambiguated,双下肢浮肿1年，加重3天,"2018年8月患者腰椎间盘突出术后出现双下肢浮肿，有肉眼血尿，查尿蛋白3+,2018.9.11就诊于徐州市中心医院，查血白蛋白26.8g/L、24小时尿蛋白定量3.4g，诊断为“肾病综合征”,未口服激素及免疫抑制剂，未行肾穿明确，予活血化瘀，口服雷公藤多苷20mg tid、百灵胶囊2粒tid、黄葵胶囊5粒tid，病情好转出院。之后分别于2018.9.29、2018.11.23、2019.4.30就诊于徐州市中心医院肾内科，多次输注人血白蛋白纠正低蛋白血症，同时予保肾、抗感染、降尿蛋白、补钾、降压等处理，2019.8.2因双下肢浮肿加重再次入住徐州市中心医院肾内科，查24小时尿蛋白定量14.4g/24小时、AST44U/L、ALT22U/L、ALB26.3g/L、Cr62.4umol/L、K3.03mmol/L，停用雷公藤多苷，予输人血白蛋白10g*13天，同时活血化瘀、改善肾脏微循环、利尿消肿、补钾、降尿酸、降压，2019.8.16病情好转出院。2019.9.20于我科住院治疗，2019.9.25行肾穿刺检查，9.26予甲强龙40mg静滴qd，口服碳酸钙1片qn、阿法骨化醇1片qd补钙，皮下注射低分子肝素钙1支qd抗凝，患者呋塞米3支利尿效果欠佳，尿量无明显增多，体重无明显下降，9.30加用托伐普坦1片qod，呋塞米减量至2支，10.3他克莫司加量至早2mg晚1mg，临时静滴环磷酰胺0.6g治疗，10.11肾穿病理报告示6个肾小球，1个肾小球硬化，其余肾小球毛细血管袢管壁弥漫性、均匀性增厚、僵硬，银染显示基底膜增厚伴其外缘纤细突起形成（钉突）；部分肾小管灶性萎缩（约15-20%），部分近端小管扩张伴有蛋白、颗粒管型，伴少数小管再生；间质轻中度单个核炎症细胞（以淋巴细胞、巨噬细胞为主）小灶性及散在浸润，伴轻度纤维化（约20%），及少量泡沫细胞小灶性浸润；小动脉内膜显著纤维化增厚。临床印象：膜性肾病，病情好转后出院。出院后患者规律服药，3天前患者双下肢浮肿加重，无胸闷憋喘，为进一步中西医结合系统诊治，门诊拟“肾病综合征”收入我科，病程中患者无恶心呕吐，无发热，无咳嗽咯痰，无尿频急痛，无腹痛腹泻，饮食尚可，睡眠差，小便量少，夜尿2-4次，大便未见明显异常。",神志清晰，精神尚可，形体偏胖，语言清晰，口唇红润；皮肤正常，有斑疹。头颅大小形态正常，无目窼下陷，无白睛，耳轮正常，无耳瘘及生疮；颈部对称，无青筋暴露，无瘿瘤瘰疬，胸部对称，虚里搏动正常，腹部膨隆，无癥瘕痞块，爪甲色泽红润，双下肢浮肿，舌淡红，苔黄腻，脉沉细。,0,0,0,1,0,0,1,0,0,0,2,阳虚|痰湿
462194,train,湿热下注证,auto,大便带血，肛内肿物脱出3天,"患者于入院前3天，出现因食辛辣醇厚且劳累后出现肛缘肿痛伴肛内肿物脱出,伴便血，量多、色鲜红，未予治疗，症状逐渐加重，疼痛明显，遂来本院求治。刻下：肛内肿物脱出伴肿缘疼痛，坐卧不宁，行走不利。大便1日/行，日行1次，质硬，排出不畅，伴便血，伴排便不尽及肛门坠胀感，无粘液便，小溲畅，无发热恶寒。纳谷不馨，夜寐尚可，舌红，苔黄，脉弦滑。",神志清晰，精神尚可，形体形体适中，语言清晰，口唇红润；皮肤正常，无斑疹。头颅大小形态正常，无目窼下陷，无白睛，耳轮正常，无耳瘘及生疮；颈部对称，无青筋暴露，无瘿瘤瘰疬，胸部对称，虚里搏动正常，腹部平坦，无癥瘕痞块，爪甲色泽红润，双下肢无浮肿，舌红，苔黄，脉弦滑。,0,0,0,0,0,0,0,1,0,0,1,湿热
483687,train,湿热下注证,auto,肛旁肿痛流脓水伴肛内肿物脱出1年,"患者于入院前1年，出现因食辛辣醇厚且劳累后出现肛旁肿胀疼痛，出现红肿包块，自以为是混合痔,自用痔疮栓剂无效,自服消炎药后症状缓解,后间断反复红肿破溃,无发热，查体见：皮肤表面瘘口红肿，触痛，表面皮温高，压之有脓性分泌物溢出。刻下：肛旁肿痛伴脓液外溢，坐卧不宁，行走不利。大便1日/行，日行1次，质软，排出畅，无便血，无排便不尽及肛门坠胀感，无粘液便，小溲畅，无发热恶寒。纳谷不馨，夜寐尚可，舌红，苔白，脉弦滑。",神志清晰，精神尚可，形体形体适中，语言清晰，口唇红润；皮肤正常，无斑疹。头颅大小形态正常，无目窼下陷，无白睛，耳轮正常，无耳瘘及生疮；颈部对称，无青筋暴露，无瘿瘤瘰疬，胸部对称，虚里搏动正常，腹部平坦，无癥瘕痞块，爪甲色泽红润，双下肢无浮肿，舌红，苔黄，脉弦滑。,0,0,0,0,0,0,0,1,0,0,1,湿热
483770,train,气虚血瘀证,auto,发现血糖升高12年，双足麻木刺痛1月。,患者12年前体检时发现血糖升高，查空腹血糖：14.2mmol/L，经复查后诊断为2型糖尿病，于徐州矿三院住院治疗，住院期间予胰岛素泵强化降糖，出院后不规律皮下注射来得时控制血糖，4年前自行停用。目前降糖方案：“万苏平2mg qn（晚餐前），二甲双胍0.5g bid，阿卡波糖50mg bid”，血糖控制不达标。病程中，因四肢麻木、肌电图异常于我院诊断为2型糖尿病性周围神经病。近1月患者自觉双足麻木明显，有刺痛感，遂至我院门诊就诊，查HbAlC：7.2%；血生化：谷丙转氨酶：113.0U/L，谷草转氨酶：92.0U/L，葡萄糖：9.08mmol/L，甘油三酯：2.70mmol/L，总胆固醇：6.32mmol/L，低密度脂蛋白：4.07mmol/L，予甘草酸二铵肠溶胶囊、血脂康口服保肝降酶、降脂治疗，今为求进一步中西医结合系统诊治收入我区。目前：患者神清，精神可，体倦乏力，双下肢酸软，双足麻木刺痛，视物模糊，迎风流泪，头昏沉，手足发凉，偶有心慌胸闷，纳食可，夜寐安和，小便有泡沫，大便调。无恶寒发热，无咳嗽咳痰，无腹痛腹泻，无恶心呕吐，双下肢无浮肿，近期体重无明显改变。,神志清晰，精神可，形体偏胖，语言清晰，口唇红润；皮肤正常，无斑疹。头颅大小形态正常，无目窼下陷，白睛无黄染，耳轮正常，无耳瘘及生疮；颈部对称，无青筋暴露，无瘿瘤瘰疬，胸部对称，虚里搏动正常，腹部平坦，无癥瘕痞块，爪甲色泽红润，双下肢无浮肿，舌暗红，苔薄白，脉细涩。,1,0,0,0,0,1,0,0,0,0,2,血瘀|气虚
436236,train,痰湿蕴肺证,auto,反复咳喘20年余，加重1周,患者20年前无明显诱因出现咳嗽、咳痰、喘憋，于当地医院就诊，予以对症治疗后改善。此后3年间，患者咳嗽、咳痰及喘憋症状反复发作，多在受凉及季节交替时加重，每年发作时间超过3个月，多次因病情加重于当地医院就诊，诊断为“慢性阻塞性肺疾病”，予以药物化痰、止喘及消炎等对症治疗后改善。1周前因受凉后出现气喘加重，活动后加重，咳嗽、咳少量白粘痰，轻度心前区不适，自服止咳化痰药物疗效不佳，咳嗽、咳痰仍间断发作，现为求进一步诊治，来我院就诊，门诊以“慢性阻塞性肺疾病急性加重”收入我区住院系统治疗。病程中，患者无恶寒发热，无恶心呕吐，无咳血胸痛，饮食少，睡眠一般，二便正常。。,神志清晰，精神尚可，形体适中，语言清晰，口唇红润；皮肤正常，无斑疹。头颅大小形态正常，无目窼下陷，白睛无黄染，耳轮正常，无耳瘘及生疮；颈部对称，无青筋暴露，无瘿瘤瘰疬，胸部对称，虚里搏动正常，腹部平坦，无癥瘕痞块，爪甲色泽红润，双下肢无浮肿，舌淡红，苔白，脉弦。,0,0,0,0,0,0,1,0,0,0,1,痰湿
460144,train,风痰阻络证,auto,头晕昏沉、左下肢无力10日,患者于10日前无明显诱因出现头晕不适，偶有视物旋转感，左侧下肢无力，行走不稳，今为求中西医结合治疗，特来我院就诊。入院时症状：神志清，左侧下肢无力，时有头晕不适，自觉发热感，肢倦乏力，行走不稳，左膝关节无饮水呛咳，无恶心呕吐，饮食尚可，二便可，夜寐尚可。舌质红，苔黄腻，脉弦。,神志清晰，精神尚可，形体适中，语言清晰，口唇红润；皮肤正常，无斑疹。头颅大小形态正常，无目窼下陷，白睛无黄染，耳轮正常，无耳瘘及生疮；颈部对称，无青筋暴露，无瘿瘤瘰疬，胸部对称，虚里搏动正常，腹部平坦，无癥瘕痞块，爪甲色泽红润，双下肢无浮肿，舌质红，苔黄腻，脉弦。,0,0,0,0,0,0,1,0,1,0,2,内风|痰湿
446292,train,气虚血瘀证,auto,"反复胸闷隐痛1年,加重2天。",患者1年余前无明显诱因反复出现胸闷隐痛，持续数分钟，活动时加重，休息后可缓解，平时自服阿司匹林、稳心颗粒、参松养心胶囊等治疗，上述症状时有发作，患者未重视。近2天患者因劳累自觉胸闷隐痛较前加重，乏力，时有心慌，反酸嗳气，服用上述药物无明显缓解，遂今日至我院就诊，为进一步治疗收入我科。入院时：患者时胸闷痛不适，气短乏力，心慌，稍反酸，无恶寒发热，无咳嗽咳痰，无腹痛腹泻，纳可，大便偏干，小便尚调，夜寐欠佳。近1年体重下降10kg。,神志清晰，精神尚可，形体适中，语言清晰，口唇发绀；皮肤正常，无斑疹。头颅大小形态正常，无目窼下陷，白睛无黄染，耳轮正常，无耳瘘及生疮；颈部对称，无青筋暴露，无瘿瘤瘰疬，胸部对称，虚里搏动正常，腹部平坦，无癥瘕痞块，爪甲色泽红润，双下肢无浮肿，舌质淡紫，苔薄白，脉细涩。,1,0,0,0,0,1,0,0,0,0,2,血瘀|气虚
435242,train,脾胃虚弱证,auto,乏力、头晕半个月,2.现病史：患者半个月前无明显诱因出现乏力、头晕，大便3-5次/日，大便不成，无呕血黑便，无发热汗出，无吞咽困难，无心慌胸闷，饮食量少，体重无明显变化，在外院检查示重度贫血，病程中患者头晕、乏力、双下肢沉着，食欲减退，腹部胀满，今为求中西医结合进一步诊治再来我院，门诊遂拟贫血待查：缺铁性贫血？血液系统疾病？收住入院。病程中患者乏力、头晕，上腹部胀痛，嗳气，食欲欠佳，无发热、黄疸，无吞咽困难，无呕血、黑便，无腹泻，食纳、睡眠欠佳，小便正常，大便次数偏多。,6.中医四诊摘要：神志清晰，精神尚可，形体形体适中，语言清晰，口唇苍白；皮肤正常，无斑疹。头颅大小形态正常，无目窼下陷，无白睛，耳轮正常，无耳瘘级生疮；颈部对称，无青筋暴露，无瘿瘤瘰疬，胸部对称，虚里搏动正常，腹部平坦，无癥瘕痞块，爪甲色泽发白，双下肢对称舌质淡红，苔薄白，脉细。,1,0,0,0,0,0,0,0,0,0,1,气虚
483609,train,湿热瘀阻证,auto,检查发现输卵管积水20天。,患者平素月经25-26天一行，7天净，量中等，色红，有血块，轻度痛经，无需服用止痛药止痛，G1P1，患者有生育要求，未避孕1年未孕。2020年11月11日于我院查HSG：宫腔显影，略呈倒三角形，边缘光整，双侧输卵管显影，走行弯曲，双侧壶腹部粗细不均，远端集聚，双侧伞端可见少量造影剂溢出，20分钟后复查，盆腔碘水弥散不均匀，提示：1.双侧输卵管通而不畅，输卵管炎，远端粘连2.盆腔炎？2020年11月13日行宫腔镜检查：子宫内膜炎、子宫内膜息肉，结合患者相关检查，考虑输卵管积水、子宫内膜息肉，建议下次月经干净后住院行宫腹腔镜联合手术。LMP：2020-11-22，量色质如常，现月经干净第2天，末次月经后否认性生活，患者为行进一步手术治疗，由门诊完善检查排除新冠肺炎后以“输卵管积水、子宫内膜息肉”收入院，入院时：患者神清，精神可，下腹疼痛不适，腰酸间作，无明显阴道出血，纳可，寐安，二便调。舌暗红，苔黄腻，脉滑数。,神志清晰，精神尚可，形体适中，语言清晰，口唇红润；皮肤正常，无斑疹。头颅大小形态正常，无目窼下陷，白睛无黄染，耳轮正常，无耳瘘及生疮；颈部对称，无青筋暴露，无瘿瘤瘰疬，胸部对称，虚里搏动正常，腹部平坦，无癥瘕痞块，爪甲色泽红润，双下肢无浮肿，舌暗红，苔黄腻，脉滑数。,0,0,0,0,0,0,0,1,0,0,1,湿热
425937,train,痰湿蕴肺证,auto,主因“反复咳嗽、咳痰伴气喘3年余，加重10余天”入院。,患者3年前受凉后出现咳嗽、咳痰、喘憋，于当地医院就诊，予以对症治疗后改善。此后咳嗽、咳痰及喘憋症状反复发作，多在受凉及季节交替时加重，每年发作时间超过3个月，诊断为“慢性阻塞性肺病”，予以药物化痰、止喘及消炎等对症治疗后改善。10天前因受凉后出现鼻塞、流涕，头昏，气喘加重，动则尤甚，活动耐力明显下降，咳嗽、咳中量白粘沫痰，无发热，时有左胸前区胸痛，反射后背疼，社区医院予输液治疗，效差，憋喘明显，纳差。昨日至市二院就诊，查心电图示右室大？T波改变，Q-T间期达高界；心脏彩超示右心增大，三尖瓣中-大量返流，重度肺动脉高压，约116mmHg，主动脉瓣增厚，局部钙化，左室舒张功能减低，60%；未治疗；今来我院就诊，为有利于病情，门诊以“慢性阻塞性肺疾病”收入我区住院系统治疗。近3天来，患者神志清，精神可，咳嗽、咳痰、气喘，胸痛，饮食，睡眠可，大便秘结，小便正常。,神志清晰，精神尚可，形体适中，语言清晰，口唇红润；皮肤正常，无斑疹。头颅大小形态正常，无目窼下陷，白睛无黄染，耳轮正常，无耳瘘及生疮；颈部对称，无青筋暴露，无瘿瘤瘰疬，胸部对称，虚里搏动正常，腹部平坦，无癥瘕痞块，爪甲色泽红润，双下肢无浮肿，舌淡红，苔白腻，脉弦滑。,0,0,0,0,0,0,1,0,0,0,1,痰湿
447807,test,大肠湿热证,auto,便血两天,患者两天前无明显诱因出现大便带血，色黑量少成形，日行两次，上腹不适，便后好转，伴嗳气时作，无反酸、烧心，无恶心呕吐，食纳欠佳，夜寐欠安，小便尚调，口服“奥美拉唑、铝碳酸镁片”后上腹不适症状稍好转。两天来患者便血症状间断发作，今晨因饮食不节便血症状再发，为进一步诊治，今来我院，由门诊收入我科。入院时患者：便血，色棕黑量少，日行一次，上腹不适，便后好转，无肩背部放射痛，嗳气时作，无反酸、烧心，无恶心呕吐，无头晕，无心悸胸闷，食纳欠佳，夜寐欠安，小便调，近期体重无明显变化，进食后感胃脘嘈杂，舌红苔黄，脉弦。,神志清晰，精神尚可，形体形体适中，语言清晰，口唇红润；皮肤正常，无斑疹。头颅大小形态正常，无目窼下陷，白睛无黄染，耳轮正常，无耳瘘及生疮；颈部对称，无青筋暴露，无瘿瘤瘰疬，胸部对称，虚里搏动正常，腹部平坦，无癥瘕痞块，爪甲色泽红润，双下肢无浮肿，舌红，苔黄，脉弦。,0,0,0,0,0,0,0,1,0,0,1,湿热
469957,train,肝胃郁热证,auto,上腹胀痛1天,患者1天前无明显诱因出现上腹胀痛，疼痛以剑下及右上腹为主，呈持续性隐痛，进食后腹痛稍缓解，无肩背部放射痛，有反酸、嗳气、腹胀及上腹部、胸骨后烧灼感，无恶心、呕吐，无发热，食欲欠佳，大便每日一次，无粘液、脓血便，患者为求进一步诊治，今来我院，由门诊收入我科。病程中患者：有头晕，无心悸胸闷，纳可，睡眠可，小便正常，近期体重无明显变化，进食后感胃脘嘈杂，舌红苔白，脉弦。,神志清晰，精神尚可，形体形体适中，语言清晰，口唇红润；皮肤正常，无斑疹。头颅大小形态正常，无目窼下陷，白睛无黄染，耳轮正常，无耳瘘及生疮；颈部对称，无青筋暴露，无瘿瘤瘰疬，胸部对称，虚里搏动正常，腹部平坦，无癥瘕痞块，爪甲色泽红润，双下肢无浮肿，舌淡红，苔白，脉弦。,0,0,0,0,1,0,0,0,0,1,2,气滞|实热
453846,train,阴虚阳亢证,auto,反复头晕7年，加重伴心慌2天。,患者7年前无明显诱因开始反复出现头晕，多次测血压高于140/90mmhg，最高血压160/90mmhg，既往服用尼福达降压药物治疗，疗效一般，血压波动140/90mmhg左右，但患者未予重视。近2天患者无明显诱因感头晕明显加重，伴心慌不适，每次心慌持续10分钟左右，活动时明显，休息后可缓解，时有气短乏力，现为进一步诊治收住入院。入院时：患者头晕明显伴心慌，无头痛，无胸痛放射痛，时有恶心呕吐，气短乏力，无咳嗽咳痰，无恶寒发热，纳欠佳，大小便尚调，夜寐不佳。,神志清晰，精神尚可，形体适中，语言清晰，口唇红润；皮肤正常，无斑疹。头颅大小形态正常，无目窼下陷，白睛无黄染，耳轮正常，无耳瘘及生疮；颈部对称，无青筋暴露，无瘿瘤瘰疬，胸部对称，虚里搏动正常，腹部平坦，无癥瘕痞块，爪甲色泽红润，双下肢无浮肿，舌红少苔，脉弦细。,0,0,1,0,0,0,0,0,0,0,1,阴虚
460094,train,正虚瘀结证,auto,确诊左肺腺癌6月余，发现血尿1天。,患者2019-06-26因“发现肺占位5月余”入住我院呼吸科，查肺部CT示左肺下叶病变部位较前增大，建议增强，必要时穿刺，肝内转移瘤可能性大。上腹部CT示：肝右叶多发转移瘤，较前（2019-1-14）新见。胸9椎体左侧成骨性转移瘤可能，较前增大。建议 随诊复查。行肺穿刺活检涂片：查到癌细胞，（左上肺）考虑为腺癌。免疫组化检测：CK7 +; TTF-1 +;  Napsin+;  CK5/6 -; P40 -; P63 -;  CDX2 -;  CK8 +;  Ki67 30%+;  WT1 -;  CK19 +; P53++.（左上肺）免疫组化检测结果符合肺腺癌。排除禁忌，于2019-07-10予培美曲塞、顺铂化疗，具体方案为：培美曲塞0.9g d1，d8+顺铂120mg d1，患者因不能耐受副作用拒绝培美曲塞后半程化疗，经治病情好转出院。2019-07患者行基因检测，自诉存在EGFR突变（未见报告），后于2019-07-20予以易瑞可靶向治疗，无明显副作用，后定期复查，病情稳定，末次复查时间为2019-01-16。1天前患者无明显诱因下出现血尿，入门诊查尿常规示：白细胞 506个/ul，红细胞 15898个/ul，蛋白 2+，为求进一步治疗收入我科。入院时：患者一般状况可，轻微乏力，无恶寒、发热，无咳嗽、咳痰，无胸闷、心慌，无腹痛、腹泻，睡眠尚可，大小便正常。,神志清晰，精神差，形体偏瘦，语言含糊，口唇红润；皮肤正常，无斑疹。头颅大小形态正常，无目窼下陷，白睛无黄染，耳轮正常，无耳瘘及生疮；颈部对称，无青筋暴露，无瘿瘤瘰疬，胸部对称，虚里搏动正常，腹部平坦，无癥瘕痞块，爪甲色泽苍白，双下肢无浮肿，舌淡红，苔白，脉细。,1,0,0,0,0,1,0,0,0,0,2,血瘀|气虚
418301,train,湿热下注证,auto,肛旁肿痛伴脓血外溢3天余。,患者3天前无明显诱因下出现肛缘肿痛，且伴脓血外溢，未予治疗，遂来本院求治。刻下：肛旁肿痛伴脓液外溢，坐卧不宁，行走不利，大便无便血，无粘液便，无里急后重及排便不尽感，小溲畅，纳食可，夜寐安和。,神志清晰，精神尚可，形体适中，语言清晰，口唇红润；皮肤正常，无斑疹。头颅大小形态正常，无目窼下陷，白睛无黄染，耳轮正常，无耳瘘及生疮；颈部对称，无青筋暴露，无瘿瘤瘰疬，胸部对称，虚里搏动正常，腹部平坦，无癥瘕痞块，爪甲色泽红润，双下肢无浮肿，舌淡红，苔白，脉弦。,0,0,0,0,0,0,0,1,0,0,1,湿热
436739,test,气虚血瘀证,auto,左侧肢体无力10年。,患者约10年前无明显原因下突发左侧肢体麻木无力，至外院就诊查头颅CT示脑梗塞，予抗血小板聚集、营养神经等治疗治疗后病情平稳，遗留左侧肢体麻木无力。今为进一步系统诊治遂来我院就诊，门诊拟“中风、脑梗塞”收入住院。患者入院时神志清楚，精神一般，言语不利，左侧口角流涎，左侧肢体麻木无力，行走不利，纳谷可，夜寐安，二便调。,神志清晰，精神尚可，形体偏胖，语言含糊，口唇红润；皮肤正常，无斑疹。头颅大小形态正常，无目窼下陷，白睛无黄染，耳轮正常，无耳瘘及生疮；颈部对称，无青筋暴露，无瘿瘤瘰疬，胸部对称，虚里搏动正常，腹部平坦，无癥瘕痞块，爪甲色泽红润，双下肢无浮肿，舌青紫边有齿痕，苔白，脉涩。,1,0,0,0,0,1,0,0,0,0,2,血瘀|气虚
488143,test,肝肾不足证,manual_disambiguated,多关节肿痛间作11年余，加重4月,患者11年余来反复出现多关节肿痛，累及双手MCPJ、PIPJ、双腕、双肩、双膝、双踝等关节，双膝关节骨摩擦音，曾于外院就诊，诊断为“类风湿性关节炎”，间断口服雷公藤多苷、正清风痛宁，后未规律服药治疗。2019-8-2患者因关节肿痛加重，伴有臀区及右下肢放射性疼痛，肢体麻木，查RF、CCP-Ab（+），CRP升高，查X线双膝关节骨质增生、退行性变，予得宝松1支肌注，甲氨蝶呤4片qw+雷公藤多苷20mgtid口服，盐酸氨基葡萄糖750mgbid口服修复软骨。2020-7患者至徐医附院住院治疗，调整治疗为艾德辛+雷公藤多苷。出院药物口服1月后改服用保健品。4月前患者多关节肿痛加重，2020年12月中旬口服雷公藤多苷、止痛药（具体不详），症状未缓解。今为求中西医结合治疗收住入院，入院时多关节肿痛，双手不自主抖动，乏力倦怠，纳食减少，大便偏干，无尿路刺激征，夜寐差，口干，吃干食不需水送，无猖獗龋，无发热，无皮疹，无咳嗽咯痰，无胸闷胸痛，无腹痛腹泻，无口腔溃疡，无雷诺征。,神志清晰，精神尚可，形体适中，语言清晰，口唇红润；皮肤正常，无斑疹。头颅大小形态正常，无目窼下陷，无白睛，耳轮正常，无耳瘘及生疮；颈部对称，无青筋暴露，无瘿瘤瘰疬，胸部对称，虚里搏动正常，腹部平坦，无癥瘕痞块，爪甲色泽红润，双下肢无浮肿，舌淡红，苔白，脉沉细。,1,1,1,1,0,0,0,0,0,0,4,阴虚|阳虚|血虚|气虚
468842,train,风痰阻络证,auto,右上肢无力、麻木伴不自主震颤1周,患者1周前出现右侧上肢麻木无力伴有不自主震颤，未予重视，症状持续无缓解，今日于门诊就诊，为求系统诊治，由门诊收住入院，入院时患者神志清，精神可，右侧肢体麻木无力伴不自主震颤，持物不稳，无发热，无肢体抽搐，言语清，无呛咳，食纳可，夜寐一般，二便尚可。舌淡紫，苔腻，脉弦。,神志清晰，精神尚可，形体适中，语言清晰，口唇红润；皮肤正常，无斑疹。头颅大小形态正常，无目窼下陷，白睛无黄染，耳轮正常，无耳瘘及生疮；颈部对称，无青筋暴露，无瘿瘤瘰疬，胸部对称，虚里搏动正常，腹部平坦，无癥瘕痞块，爪甲色泽红润，双下肢无浮肿，舌淡紫，苔腻，脉弦。,0,0,0,0,0,0,1,0,1,0,2,内风|痰湿
457855,train,肝肾不足证,manual_disambiguated,多关节肿痛间作4年余。,患者于4年余前出现多关节肿痛，累及双手指间关节、双手掌指关节、双腕关节、双肘关节、双肩关节，晨僵大于1小时，无雷诺现象，伴有双膝关节疼痛，以左膝为主，蹲起受限，活动后加重，休息后可缓解，未予正规治疗，发作时于当地诊所静滴青霉素及地塞米松，症状改善后停用，病情反复，后于2016年8月及11月于我院住院治疗，入院后诊为类风湿关节炎，予甲氨蝶呤+雷公藤多苷+硫酸羟氯喹治疗，经治疗患者病情好转出院，出院后患者按时服药，未规律复查；2017年8月因右腕关节疼痛明显，再次至我科出院治疗，入院后出现肝功能异常（转氨酶、胆酶、胆红素均升高，白蛋白减少及凝血功能异常），球结膜黄染，无皮下出血及紫癜，予保肝利胆等治疗患者病情改善不明显，详细询问病史其2011年有药物性肝损害病史，2014年1月因肝损害就诊于徐州市市一医院，诊为自身免疫性肝炎，予激素治疗后病情改善，现综合考虑自身免疫性肝炎可能性大，予甲强龙治疗后患者肝功能正常出院，出院患者未规律服药，仅口服白芍总苷，后于2017年11月及2018年1月患者再次出现多关节肿痛，至我院住院治疗，入院后予查凝血功能异常，结合其自身免疫性肝炎病史，遂再次予甲强龙40mg静滴抗炎后复查凝血功能正常，后加艾拉莫德口服抗类风湿关节炎，经治疗病情好转出院，出院后患者自行停激素，后门诊复查肝功能提示转氨酶升高（具体不详），遂停艾拉莫德，仅口服白芍总苷维持；患者既往反复查骨密度提示骨质疏松，曾予唑来膦酸针静滴治疗骨质疏松，但未规律服药，2018.12查骨密度仍提示骨质疏松，现为求进一步唑来膦酸针单病种治疗由门诊收入我科：现患者时有周身酸痛，左膝关节疼痛，乏力倦怠，时有反酸，纳眠差，二便调。病程中患者无口干眼干，无牙齿片状脱落，无口腔溃疡，无皮疹，无光敏感，无雷诺现象。,神志清晰，精神欠佳，形体适中，语言清晰，口唇红润；皮肤正常，无斑疹。头颅大小形态正常，无目窼下陷，有白睛，耳轮正常，无耳瘘及生疮；颈部对称，无青筋暴露，无瘿瘤瘰疬，胸部对称，虚里搏动正常，腹部平坦，无癥瘕痞块，爪甲色泽红润，双下肢无浮肿，舌淡红，苔薄白，脉沉细。,1,1,1,1,0,0,0,0,0,0,4,阴虚|阳虚|血虚|气虚
467827,train,气虚血瘀证,auto,前额头痛伴左侧肢体麻木间作1周,患者一周前无明显诱因出现前额头痛，呈胀痛，眼部轻度浮肿，伴左侧肢体麻木，偶有恶心干呕，间歇性发作，未予治疗，症状反复发作，昨日出现四肢麻木，为求进一步中西医治疗，门诊查血常规、新冠抗体、胸部CT排除新冠肺炎收治入院，刻下：患者神志清晰，精神欠佳，前额疼痛间作，左侧肢体麻木，四肢发麻，时有心慌心悸，无视物旋转，无恶心呕吐，无意识障碍，无黑懵，无寒战、发热，无咳嗽、咳痰，饮食尚可，睡眠一般，二便尚调，舌暗，苔腻，脉沉细。,神志清晰，精神尚可，形体适中，语言清晰，口唇红润；皮肤正常，无斑疹。头颅大小形态正常，无目窼下陷，白睛无黄染，耳轮正常，无耳瘘及生疮；颈部对称，无青筋暴露，无瘿瘤瘰疬，胸部对称，虚里搏动正常，腹部平坦，无癥瘕痞块，爪甲色泽红润，双下肢无浮肿，舌暗，苔白腻，脉沉细。,1,0,0,0,0,1,0,0,0,0,2,血瘀|气虚
467886,train,气虚血瘀证,auto,反复胸闷、胸痛5年余，加重1周,患者5年余前无明显诱因下出现活动后胸闷、胸痛，初未予重视及治疗，后症状进行性加重，遂至外院就诊，诊为：冠状动脉粥样硬化性心脏病，后行经皮冠状动脉内支架置入术。术后无明显不适。1周前患者无明显诱因下出现胸闷，程度较前加重；无明显胸痛、放射痛，头晕时作，无头痛，为行中西医结合治疗遂至我院，门诊拟以“冠心病”收住院。入院时患者神清，胸闷阵作，无明显胸痛、放射痛，头昏阵作，无黑朦晕厥，无视物旋转，无恶心呕吐，无耳鸣，偶有心慌，无憋喘，无饮水呛咳，无夜间憋醒，无咳嗽咳痰，无恶寒发热，无气喘，纳食欠佳，寐欠佳，小便如常，大便干结，舌淡紫胖大，苔薄白，脉结代。,神志清晰，精神尚可，形体适中，语言清晰，口唇发绀；皮肤正常，无斑疹。头颅大小形态正常，无目窼下陷，无白睛，耳轮正常，无耳瘘及生疮；颈部对称，无青筋暴露，无瘿瘤瘰疬，胸部对称，虚里搏动正常，腹部平坦，无癥瘕痞块，爪甲色泽红润，双下肢水肿，舌质黯红，苔白厚腻，脉弦滑。,1,0,0,0,0,1,0,0,0,0,2,血瘀|气虚
480145,train,风痰阻络证,auto,头晕伴行走不稳1周,患者1周前无明显诱因出现头晕伴行走不稳，未予重视，症状持续无缓解，今日为求中西医结合诊治，来我院门诊，为进一步诊治予收入院。入院时：神清，精神欠佳，头晕，行走不稳，无胸闷、心慌，无腹痛腹泻，食纳可，夜寐安，大小便可，舌紫，苔白，脉弦。,神志清晰，精神欠佳，形体适中，语言清晰，口唇红润；皮肤正常，无斑疹。头颅大小形态正常，无目窼下陷，白睛无黄染，耳轮正常，无耳瘘及生疮；颈部对称，无青筋暴露，无瘿瘤瘰疬，胸部对称，虚里搏动正常，腹部平坦，无癥瘕痞块，爪甲色泽红润，双下肢有浮肿，舌紫，苔白，脉弦。,0,0,0,0,0,0,1,0,1,0,2,内风|痰湿
461606,test,风痰阻络证,auto,突发言语不清、肢体无力2天,患者于前天由不明原因突发言语不清、肢体无力，尚可自行站立及行走，当时未重视，昨天至当地医院就诊，输液治疗，今日症状加重明显，导致不能站立及行走，症状持续不缓解，遂来我院急诊，为进一步诊治，予收入住院，入院症状：神志清晰，精神萎靡，言语不清，四肢无力，不能站立及行走，无恶心呕吐，夜寐尚可，饮食一般，无咳嗽，无发热，大便如常，小便如常。舌红，苔白微腻，脉细。,神志清晰，精神欠佳，形体适中，语言含糊，口唇红润；皮肤正常，无斑疹。头颅大小形态正常，无目窼下陷，无白睛，耳轮正常，无耳瘘及生疮；颈部对称，无青筋暴露，无瘿瘤瘰疬，胸部对称，虚里搏动正常，腹部平坦，无癥瘕痞块，爪甲色泽红润，双下肢无浮肿，舌红，苔白微腻，脉细。,0,0,0,0,0,0,1,0,1,0,2,内风|痰湿
452904,train,心血不足证,auto,反复胸闷、心慌1周，加重伴头晕1天。,"患者1周前每于活动后出现胸闷、心慌，持续数分钟，休息后可缓解，未予重视，未到医院就诊。1天前患者无明显诱因再次出现胸闷、心慌加重，无明显胸痛及放射痛，伴有头晕，无明显头痛，无恶心呕吐，无腹胀、腹痛，患者休息半小时后仍有胸闷心慌不适，遂今日至我院就诊,为进一步诊治收治入院。入院时：患者时有胸闷、心悸，偶有乏力气短，无胸痛及放射痛，伴有头晕，无头痛，无恶心、呕吐，大小便正常，饮食、睡眠一般。",神志清晰，精神尚可，形体适中，语言清晰，口唇红润；皮肤正常，无斑疹。头颅大小形态正常，无目窼下陷，白睛无黄染，耳轮正常，无耳瘘及生疮；颈部对称，无青筋暴露，无瘿瘤瘰疬，胸部对称，虚里搏动正常，腹部平坦，无癥瘕痞块，爪甲色泽红润，双下肢无浮肿，舌淡红，脉细弱。,0,1,0,0,0,0,0,0,0,0,1,血虚
430236,train,湿热瘀阻证,auto,经行腹痛4月，检查发现节育器嵌顿1天,患者平素月经周期规则，4-5/28，量中等，色红，无血块，既往无痛经，上环1年，G2P1；近4个月来经行腹痛逐渐加重，色鲜红，少许血块，下腹部疼痛明显，需口服止痛药止痛，期间未予重视；昨日至我院门诊就诊，查尿HCG阴性，孕酮：0.85ng/ml，HCG:0.1mIU/ml，宫腔三维示：节育器嵌顿可能（宫底及左侧近宫角肌层内见节育器回声，其宫底部分距浆膜层3mm，其左侧宫角部分距浆膜层3mm），子宫后壁较小低回声区（隐见5*4mm低回声），宫腔少量积液（宫腔右侧宫底部可见8*5mm液性暗区，宫体偏右侧宫腔内可见3*3mm无回声区），盆腔不纯性积血（子宫直肠窝见26*7mm不纯液性暗区），双侧卵巢旁稍高回声：增粗输卵管？凝血块不排除；肿瘤四项未见异常；LMP：2019-4-20，现经行第4天，尚未完全干净，阴道褐色分泌物；现患者为求进一步综合治疗，由门诊拟“节育器嵌顿、盆腔炎”收住入院；刻下：患者神清，精神可，无头晕头痛，无心慌胸闷，偶有小腹疼痛及腰酸，阴道少量褐色分泌物，无恶心呕吐，纳食可，二便调，夜寐安。,神志清晰，精神尚可，形体适中，语言清晰，口唇红润；皮肤正常，无斑疹。头颅大小形态正常，无目窼下陷，白睛无黄染，耳轮正常，无耳瘘及生疮；颈部对称，无青筋暴露，无瘿瘤瘰疬，胸部对称，虚里搏动正常，腹部平坦，无癥瘕痞块，爪甲色泽红润，双下肢无浮肿，舌暗红，苔黄腻，脉滑数,0,0,0,0,0,0,0,1,0,0,1,湿热
466249,train,肾虚证,auto,月经稀发伴量少2年余。,"患者平素月经周期规则，7-8/30天，量中等，色质正常，无痛经，2年前因“孕5月+发现胎儿畸形”行引产术，其后月经稀发，数月一行，经量明显减少，少于既往月经量1/2，色深，无痛经,。患者自2019年12月起于我院门诊人工周期及中药口服调经治疗，月经规则，经量较前改善。患者有生育要求，2020年4月8日行宫腔镜检查提示宫腔部分粘连，患者LMP:2020-05-04（芬吗通撤药来潮），现经净后为求系统诊疗由门诊收住入院，入院时：患者一般情况良，经净2天，无阴道流血，无腹痛腰酸，带下量中，无阴痒异味，无寒热往来，纳寐可，二便调，舌淡红，苔薄白，脉细。",神志清晰，精神尚可，形体适中，语言清晰，口唇红润；皮肤正常，无斑疹。头颅大小形态正常，无目窼下陷，白睛无黄染，耳轮正常，无耳瘘及生疮；颈部对称，无青筋暴露，无瘿瘤瘰疬，胸部对称，虚里搏动正常，腹部平坦，无癥瘕痞块，爪甲色泽红润，双下肢无浮肿，舌淡红，苔薄白，脉细。,1,0,0,1,0,0,0,0,0,0,2,阳虚|气虚
429574,train,气虚血瘀证,auto,头晕头昏反复发作半月余,"患者半月前无明显诱因突然出现头晕头昏，意识清晰，无口角歪斜，言语流利，胃部不适，泛酸烧心。患者未重视,半月来患者头晕头昏情况始终未有明显好转,且自感腰部至双膝关节僵硬冷痛,影响日常活动，现患者为求进一步系统诊疗，遂由门诊拟脑梗死收住入院。现患者神清，精神可，言语流利,无口角歪斜，头晕头昏反复发作,腰部至双膝关节冷痛僵硬,活动不利，无发热恶寒、咳嗽咯痰等不适，无腹胀腹痛,纳食一般，二便调，夜寐一般。",神志清晰，精神尚可，形体适中，语言清晰，皮肤正常，无斑疹。头颅大小形态正常，无目窼下陷，无白睛，耳轮正常，无耳瘘及生疮；颈部对称，无青筋暴露，无瘿瘤瘰疬，胸部对称，虚里搏动正常，腹部平坦，无癥瘕痞块，爪甲色泽红润，双下肢对称，舌淡暗，苔薄，脉弦细。,1,0,0,0,0,1,0,0,0,0,2,血瘀|气虚
466757,train,肝气郁结证,auto,入睡困难4月余，加重1周,患者4月前因情绪波动后出现入睡困难，服用艾司唑仑后可持续2-3小时，现入睡困难症状加重，严重影响日常生活，今为求进一步中西医治疗，遂来我科就诊，由门诊收入住院，入院时：患者神志清晰，精神差，入睡困难，伴头胀痛，巅顶及左颞侧尤甚，烦躁，纳差，食后腹胀、嗳气，小便黄，大便尚可，舌淡，苔白厚，脉弦滑。,神志清晰，精神尚可，形体适中，语言清晰，口唇红润；皮肤正常，无斑疹。头颅大小形态正常，无目窼下陷，白睛无黄染，耳轮正常，无耳瘘及生疮；颈部对称，无青筋暴露，无瘿瘤瘰疬，胸部对称，虚里搏动正常，腹部平坦，无癥瘕痞块，爪甲色泽红润，双下肢无浮肿，舌淡，苔白厚，脉弦滑。,0,0,0,0,1,0,0,0,0,0,1,气滞
473744,train,气虚血瘀证,auto,反复胸闷痛1年，加重1天。,患者1年前无明显诱因突发胸闷痛，位于心前区，呈压榨样，持续不缓解，立即至当地医院查心电图：V4-V6导联ST段下移。CTNI：1.51ng/ml，CKMB：8.1ng/ml。诊断为急性心肌梗死，后转入我院，行冠脉造影：LM无明显狭窄，LAD近段70%狭窄，中远段不规则。LCX近段至中远段长病变，50%-90%狭窄，RCA近段50%狭窄，后三叉前40%狭窄。对LCX行PCI术，植入1枚支架。长期服用拜阿司匹林、替格瑞洛、瑞舒伐他汀钙及倍他乐克缓释片等药物治疗，病情尚平稳。1天前患者因劳累及情绪不畅自觉胸闷痛较前加重，乏力，服用上述药物无明显缓解，遂今日至我院就诊，为进一步治疗收入我科。入院时：患者心胸疼痛，痛有定处，时作时休，甚则心痛彻背，背痛彻心。心悸气短，动则益甚，倦怠乏力，易汗出，纳可，二便尚调，夜寐尚可。,神志清晰，精神尚可，形体适中，语言清晰，口唇发绀；皮肤正常，无斑疹。头颅大小形态正常，无目窼下陷，白睛无黄染，耳轮正常，无耳瘘及生疮；颈部对称，无青筋暴露，无瘿瘤瘰疬，胸部对称，虚里搏动异常，腹部平坦，无癥瘕痞块，爪甲色泽红润，双下肢无浮肿。,1,0,0,0,0,1,0,0,0,0,2,血瘀|气虚
437690,test,阳虚水泛证,auto,胸闷心慌间作3年，加重伴双下肢水肿1周。,"患者3年前胸闷心慌不适，2016.12至四院就诊，查冠脉造影示60%狭窄（具体不详），未予重视。2019.01患者心慌胸闷再作，至四院复查冠脉造影示40-50%狭窄（具体不详），诊断为冠心病，长期口服泰嘉、阿托伐他汀钙片、血栓心脉宁等药物治疗，病情尚平稳。患者1周余前无明显诱因出现胸闷心慌再发加重，稍有憋喘，活动后明显，伴双下肢水肿，气短乏力，纳食减少，夜间尚可平卧，眼睑浮肿,夜寐差，自服胺碘酮0.5片/qd，倍他乐克47.5mg 0.5片/qd，症状缓解不显，遂今日至我院就诊，为进一步诊治由门诊收住入院。入院时：患者心慌胸闷，稍有憋喘，眼睑浮肿，双下肢水肿，汗出，无明显胸痛及放射痛，无咳嗽咳痰，无恶心呕吐，无头晕头痛，纳食可，大小便正常，夜寐欠佳。",神志清晰，精神查，形体适中，语言清晰，口唇红润；皮肤正常，无斑疹。头颅大小形态正常，无目窼下陷，白睛无黄染，耳轮正常，无耳瘘及生疮；颈部对称，无青筋暴露，无瘿瘤瘰疬，胸部对称，虚里搏动正常，腹部平坦，无癥瘕痞块，爪甲色泽红润，双下肢浮肿。舌暗淡，体胖，苔白厚腻，脉沉迟。,0,0,0,1,0,0,0,0,0,0,1,阳虚
474746,train,正虚瘀结证,auto,直肠癌术后4年余，发现回盲部腺癌1年余，右下腹痛1月余。,患者2015年9月因反复腹泻、便血确诊直肠癌，排除禁忌后，于2015-09-10行腹腔镜下直肠癌根治术，术程顺利，术后病理回报：直肠浸润溃疡型中-低分化腺癌，侵及全层达周围脂肪，侵及全层达周围脂肪，上下切缘净，外膜淋巴结未见癌转移（0/5）。术后行“奥沙利铂+替加氟+亚叶酸钙”方案化疗6周期（具体剂量不详）。2017年2月患者行查胸腹部CT提示两肺多发小结节，建议定期复查。2019-03-19患者入住徐州市中心医院，复查胸腹部CT示：两肺多发结节，符合转移征象，较前2017.02.07片增大，直肠癌术后改变，肝脏小囊样灶，较前变化不著。前列腺散在小钙化斑，盆腔软组织结节，倾向转移，请随诊复查。电子肠镜（2019-03）：直肠癌术后改变，回盲部病变，病理提示腺癌。建议患者手术治疗，患者家属考虑患者病期晚，体质差，拒绝手术治疗。后患者入我院，排除禁忌后，于2019-04-03予以XELOX方案化疗，具体方案：奥沙利铂200mg d1+卡培他滨片1.5 bid d1-14，q21d，同时予以护胃、保肝、止吐治疗后出院。后患者自诉奥沙利铂神经毒性反应大，强烈拒绝应用奥沙利铂。排除禁忌，于2019-04-24、05-20、06-10、07-03、07-24、08-13、09-05予以卡培他滨单药化疗7周期，具体为：卡培他滨片1.5 bid d1-14，过程顺利。期间复查CT提示病情稳定。2019年10月患者入院复查CT提示肺、肝转移瘤较前增多、增大，考虑病情进展，排除禁忌于2019-10-22、2019-11-12、2019-12-03、2019-12-24、2020-01-15行XELOX方案化疗5周期，具体方案：奥沙利铂200mg d1+卡培他滨片1.5 bid d1-14，q21d，化疗过程顺利，期间复查CT提示病情稳定，2020年3月患者入院复查，胸部CT提示左肺下叶占位较前增大（15.9mm增大至20.38mm)，评估病情为缓慢进展，遂建议予贝伐珠单抗联合XELOX方案化疗，03-27、04-22予“贝伐珠单抗500mg d1 ivgtt； 奥沙利铂200mg d1 ivgtt；卡培他滨 1.5 bid po d1-14”方案化疗2周期。2周期后复查提示病情稳定，后拒绝继续化疗。2020-06-28入院复查胸腹部CT提示肺部转移瘤较前略增大，血肿瘤标记物较前升高，考虑病情进展，建议患者继续化疗控制病情进展，家属拒绝联合使用贝伐单抗，排除禁忌，于2020-06-30、08-04行XELOX方案化疗2周期，具体方案：奥沙利铂200mg d1 ivgtt，卡培他滨 1.5 bid po d1-14，过程顺利。现患者为行下周期化疗，遂来我院住院治疗。入院时：患者右下腹隐痛，乏力间作，无恶寒、发热，无恶心、呕吐，无胸闷、心慌，无腹胀，纳食尚可，夜寐尚安，二便正常，夜寐一般。,神志清晰，精神尚可，形体适中，语言清晰，口唇红润；皮肤正常，无斑疹。头颅大小形态正常，无目窼下陷，白睛无黄染，耳轮正常，无耳瘘及生疮；颈部对称，无青筋暴露，无瘿瘤瘰疬，胸部对称，虚里搏动正常，腹部平坦，无癥瘕痞块，爪甲色泽红润，双下肢无浮肿，舌淡红，苔白，脉弦细。,1,0,0,0,0,1,0,0,0,0,2,血瘀|气虚
438352,train,气滞血瘀证,auto,右手尺侧麻木无力10天余,患者10天前无明显诱因出现右手尺侧麻木症状，麻木感以右手无名指、小指及中指尺侧为重，伴右手无名指、小指屈伸受限。曾就诊予本院行神经电生理检查示：右侧尺神经卡压，未行相关治疗。现患者逐渐出现局部麻木、无力症状加重，影响生活，患者及家属为求进一步治疗，来我院求治，门诊拟“右尺神经卡压”未行手术治疗收住院。刻下患者右手尺侧无名指、小指及中指尺侧麻木无力依旧。,神志清晰，精神尚可，形体适中，语言清晰，口唇红润；皮肤正常，无斑疹。头颅大小形态正常，无目窼下陷，白睛无黄染，耳轮正常，无耳瘘及生疮；颈部对称，无青筋暴露，无瘿瘤瘰疬，胸部对称，虚里搏动正常，腹部平坦，无癥瘕痞块，爪甲色泽红润，双下肢无浮肿，舌淡红，苔白，脉弦。,0,0,0,0,1,1,0,0,0,0,2,气滞|血瘀
420915,train,阴虚火旺证,auto,发现血糖升高10年，口干口苦半月余,"患者10年前发现血糖升高,达到诊断“糖尿病”标准，确诊为“2型糖尿病”。始口服降糖药物降糖；5年前开始皮下注射胰岛素；目前降糖方案为：“门冬胰岛素30 早16U晚14U,二甲双胍4片 中餐”，血糖波动于空腹血糖8~10 mmol/l，餐后2h血糖18~20 mmol/l之间；近半月来病情加重，感口干口苦，发现空腹血糖达到12mmol/l，现为进一步系统治疗收入我科。病程中患者无发热，无咳嗽咯痰，患者感视物模糊，时感胸闷，无胸痛；未感四肢麻木无疼痛，小便量多。夜尿为著，尿中有少量泡沫，大便干结，睡眠可，纳可。",神志清晰，精神尚可，形体偏胖，语言清晰，口唇红润；皮肤正常，无斑疹。头颅大小形态正常，无目窼下陷，白睛无黄染，耳轮正常，无耳瘘及生疮；颈部对称，无青筋暴露，无瘿瘤瘰疬，胸部对称，虚里搏动正常，腹部平坦，无癥瘕痞块，爪甲色泽红润，双下肢无浮肿，舌红赤，苔黄，脉弦。,0,0,1,0,0,0,0,0,0,0,1,阴虚
481536,train,热毒蕴结证,auto,肛旁肿痛4天,"患者于入院前4天，出现因食辛辣醇厚且劳累后出现肛旁肿胀疼痛,初未重视，症情反复发作渐加重，遂来本院求治。刻下：肛旁肿胀疼痛剧烈，坐卧不宁，行走不利。大便日行2-4次，质软，排出畅，无便血，无排便不尽及肛门坠胀感，无粘液便，小溲畅，无发热恶寒。纳食可，夜寐尚可，舌红，苔黄，脉滑数。",神志清晰，精神尚可，形体适中，语言清晰，口唇红润；皮肤正常，无斑疹。头颅大小形态正常，无目窼下陷，白睛无黄染，耳轮正常，无耳瘘及生疮；颈部对称，无青筋暴露，无瘿瘤瘰疬，胸部对称，虚里搏动正常，腹部平坦，无癥瘕痞块，爪甲色泽红润，双下肢无浮肿，舌淡红，苔白，脉滑数。,0,0,0,0,0,0,0,0,0,1,1,实热
448839,train,痰浊瘀阻证,auto,反复胸闷、胸痛半年，加重8小时。,患者近半年反复出现胸闷、胸痛，伴气短乏力，疼痛位于胸骨后，呈压榨样，持续半小时至1天不等，静息或舌下含服速效救心丸未见明显好转，2019-01-06日于我院行CAG术，术中示：LM未见明显狭窄，LAD近中段内膜欠规则，狭窄50-60%；LCX未见明显狭窄；RCA优势，PDA开口狭窄80-90%，近中段狭窄60-70%，TIMI血流2-3级。建议患者行PCI术。患者家属要求药物保守治疗，遂予“拜阿司匹林、波立维、立普妥、单硝酸异山梨酯、缬克、倍他乐克、螺内酯”等对症治疗。今晨1点，患者再次出现胸闷痛，程度较前加重，缓解时间较前延长，今来我院就诊，收入院。病程中患者神清，精神可，胸闷、胸痛，伴气短乏力，无头晕、头痛，无黑曚、晕厥，无口角歪斜，无肢体麻木，无行走不稳，纳可，寐差，大便干，3-4日/次，小便频数。,神志清晰，精神尚可，形体适中，语言清晰，口唇红润；皮肤正常，无斑疹。头颅大小形态正常，无目窼下陷，白睛无黄染，耳轮正常，无耳瘘及生疮；颈部对称，无青筋暴露，无瘿瘤瘰疬，胸部对称，虚里搏动正常，腹部平坦，无癥瘕痞块，爪甲色泽红润，双下肢无浮肿，舌体胖大且边有齿痕，质暗红，有紫气，苔浊腻，脉弦涩。,0,0,0,0,0,0,1,0,0,0,1,痰湿
487420,val,气虚血瘀证,auto,反复胸闷隐痛1年余，加重1周。,患者1年余前情绪激动后出现胸闷隐痛的症状，持续2-3分钟，休息后可好转，偶有心悸不适，无气短憋喘，无乏力汗出，无头晕头痛，无黑矇晕厥，近1周来，患者感胸闷胸痛症状较前加重，发作较前频繁，患者为求进一步诊治来我院，门诊拟“冠心病”收住入院。入院时：患者胸闷隐痛偶作，无恶心呕吐，无咳嗽咳痰，饮食睡眠可，二便尚可，夜寐一般，近期体重未见明显增减。,神志清晰，精神尚可，形体适中，语言清晰，口唇苍白；皮肤正常，无斑疹。头颅大小形态正常，无目窼下陷，白睛无黄染，耳轮正常，无耳瘘及生疮；颈部对称，无青筋暴露，无瘿瘤瘰疬，胸部对称，虚里搏动正常，腹部平坦，无癥瘕痞块，爪甲色泽苍白，双下肢无浮肿，舌质淡红，苔白，脉弦细。,1,0,0,0,0,1,0,0,0,0,2,血瘀|气虚
471490,train,气滞血瘀证,auto,头晕5小时,"患者5小时前因劳累诱发头晕,感四肢无力,颈部疼痛活动受限,变换体位后头晕症状稍有好转，患者症状未能缓解,急诊至我院就诊，经详细查体及询问病史后,为进一步治疗，拟“混合型颈椎病”收住入院。病程中患者无发热，无纳差，无恶心呕吐，刻下患者头晕症状如上所述，无二便失禁，饮食尚可,睡眠欠佳,二便尚调。",神志清晰，精神尚可，形体适中，语言清晰，口唇红润；皮肤正常，无斑疹。头颅大小形态正常，无目窼下陷，白睛无黄染，耳轮正常，无耳瘘及生疮；颈部对称，无青筋暴露，无瘿瘤瘰疬，胸部对称，虚里搏动正常，腹部平坦，无癥瘕痞块，爪甲色泽红润，双下肢无浮肿，舌淡红，苔白，脉弦。,0,0,0,0,1,1,0,0,0,0,2,气滞|血瘀
450274,train,气虚血瘀证,auto,反复胸闷隐痛1年余，加重1周。,患者1年余前无明显诱因反复出现胸闷隐痛，持续数分钟，活动时加重，休息后可缓解，未予重视，未到医院就诊。1周前患者因劳累及情绪不畅自觉胸闷隐痛较前加重，乏力，偶有后背沉重感，遂今日至我院就诊，为进一步治疗收入我科。入院时：患者心胸疼痛，痛有定处，时作时休，甚则心痛彻背，背痛彻心。心悸气短，动则益甚，倦怠乏力，声息低微，面色晄白，易汗出，纳可，二便尚调，夜寐尚可。,神志清晰，精神尚可，形体适中，语言清晰，口唇红润；皮肤正常，无斑疹。头颅大小形态正常，无目窼下陷，白睛无黄染，耳轮正常，无耳瘘及生疮；颈部对称，无青筋暴露，无瘿瘤瘰疬，胸部对称，虚里搏动正常，腹部平坦，无癥瘕痞块，爪甲色泽红润，双下肢无浮肿，舌质淡紫，苔薄白，脉虚细涩。,1,0,0,0,0,1,0,0,0,0,2,血瘀|气虚
422990,test,气虚血瘀证,auto,口干多饮间作23年，头晕伴左侧肢体不利1周。,患者23年前因口干多饮、易饥多食于外院查空腹血糖：9.0mmol/l，经复查诊断为2型糖尿病。曾先后服用优降糖、二甲双胍等多种降糖药物，血糖控制不达标。目前降糖方案：“诺和灵50R早22u 晚12u 餐前半小时皮下注射、孚来迪0.5mg tid、拜唐苹50mg 中饭时口服”。1周前患者突发头晕伴左侧肢体不利，行走不稳，今为求进一步诊治收入我区。目前：患者神清，精神一般，头晕时作，左下肢肢体不利，行走不稳，口干多饮，体倦乏力，视物模糊，纳食可，夜寐差，小便正常，大便偏干。无心慌胸闷，恶寒发热，无咳嗽咳痰，无腹痛腹泻，无恶心呕吐，双下肢无浮肿，近期体重无明显改变。,望：神志清晰，精神尚可，形体适中，语言清晰，口唇红润；皮肤正常，无斑疹。头颅大小形态正常，无目窼下陷，白睛无黄染，耳轮正常，无耳瘘及生疮；颈部对称，无青筋暴露，无瘿瘤瘰疬，胸部对称，虚里搏动正常，腹部平坦，无癥瘕痞块，爪甲色泽红润，舌暗红，苔薄白；闻：呼吸如常，无呕吐，无呃逆、嗳气、太息、喷嚏等，无特殊异味。切：双下肢无浮肿，脉沉细。,1,0,0,0,0,1,0,0,0,0,2,血瘀|气虚
454298,train,风痰阻络证,auto,发作性左侧肢体无力1天,患者昨日出现左侧肢体无力，持续约2分钟后完全缓解，现为求进一步中西医结合治疗至我院就诊，由门诊收治入院，入院时：患者神清，精神欠佳，言语清晰，肢体活动可，右耳听力下降，平素脾气急躁易怒，纳寐可，二便尚调，体重未有明显改变。舌淡紫，苔薄白，脉细涩。,神志清晰，精神欠佳，形体适中，语言清晰，口唇红润；皮肤正常，无斑疹。头颅大小形态正常，无目窼下陷，白睛无黄染，耳轮正常，无耳瘘及生疮；颈部对称，无青筋暴露，无瘿瘤瘰疬，胸部对称，虚里搏动正常，腹部平坦，无癥瘕痞块，爪甲色泽红润，双下肢无浮肿，舌淡紫，苔薄白，脉细涩。,0,0,0,0,0,0,1,0,1,0,2,内风|痰湿
471262,train,气虚血瘀证,auto,反复胸闷隐痛10年余，加重半天,"患者10年余前无明显诱因反复出现胸闷隐痛，每次持续约30-40min,伴恶心、呕吐、大汗症状，休息后症状逐渐缓解，于徐州老年病院行运动平板检查后诊断“冠心病”（具体诊疗过程不详），2016-1-18于徐州三院就诊行心脏CTA示：右冠近段、左冠回旋支血管管壁毛糙，2016-1-26于徐医附院行冠脉造影术示：LM无狭窄，LAD近段管壁不规则，未见明显意义狭窄，远端TIMI血流1级，RCA远段管壁不规则，出院诊断“微血管性心绞痛”，患者出院后规律服用“阿司匹林、一天1片，可定、每晚1片，单硝酸异山梨酯、早晚各1片，麝香保心丸、早中晚各两片”，患者症状仍时有发生。2019-10月曾于我科就诊，2019-10-24行冠脉造影示： LM未见明显狭窄，LAD近中段不规则，LCX 、RCA近未见明显狭窄， TIMI血流III级。予抗血小板、改善心肌供血、降脂稳定斑块、改善心功能等治疗后好转出院，半天前患者胸闷隐痛较前加重，乏力，伴头痛不适，不能耐受，至我院急诊就诊，为进一步治疗收入我科。入院时：患者心胸疼痛，痛有定处，时作时休。心悸气短，动则益甚，倦怠乏力，声息低微，面色晄白，易汗出，纳可，二便尚调，夜寐尚可。",神志清晰，精神尚可，形体适中，语言清晰，口唇红润；皮肤正常，无斑疹。头颅大小形态正常，无目窼下陷，白睛无黄染，耳轮正常，无耳瘘及生疮；颈部对称，无青筋暴露，无瘿瘤瘰疬，胸部对称，虚里搏动正常，腹部平坦，无癥瘕痞块，爪甲色泽红润，双下肢无浮肿，舌质淡紫，苔薄白，脉虚细涩。,1,0,0,0,0,1,0,0,0,0,2,血瘀|气虚
477287,train,肝胃不和证,auto,上腹部嘈杂不适5日余,患者5日前无明显诱因出现上腹部隐痛不适，疼痛以剑下为主，夜间痛甚，不伴肩背部放射痛，无反酸，偶有嗳气、腹胀及上腹部、胸骨后烧灼感，恶心干呕，无畏寒发热，食纳尚可，大便正常，无粘液脓血，于当地医院输液治疗后未见好转（具体治疗方案不详），现为求进一步诊治，今来我院，由门诊收入我科。入院时：上腹部隐痛不适，疼痛以剑下为主，夜间痛甚，不伴肩背部放射痛，无反酸，偶有嗳气、腹胀及上腹部、胸骨后烧灼感，恶心干呕，无畏寒发热，食纳尚可，时有乏力、头晕黑朦，劳累后加重，偶有鼻腔、口腔出血，患者诉近日来性情急躁，无行为、记忆力改变，夜寐尚可，二便调，近一月来体重下降约2.5kg，舌质红，苔薄黄，脉弦。,神志清晰，精神尚可，形体形体适中，语言清晰，口唇红润；皮肤正常，无斑疹。头颅大小形态正常，无目窼下陷，无白睛，耳轮正常，无耳瘘级生疮；颈部对称，无青筋暴露，无瘿瘤瘰疬，胸部对称，虚里搏动正常，腹部平坦，无癥瘕痞块，爪甲色泽红润，双下肢对称，舌淡红，苔白，脉细。,0,0,0,0,1,0,0,0,0,0,1,气滞
476196,train,肝肾不足证,manual_disambiguated,多关节肿痛间作6年，加重半月,患者2014年无明显诱因出现双肘关节、双膝关节肿痛，肘关节不能伸直，颞颌关节疼痛，在我科住院诊断为类风湿关节炎，予甲氨蝶呤15mgqw+雷公藤多苷20mgtid+硫酸羟氯喹0.2bid+双醋瑞因50mgbid治疗，关节肿痛好转出院。出院后患者停药，反复出现多关节肿痛，主要累及双肘、双腕、双手PIPJ、MCPJ、双膝、双踝等关节，2020年4月患者左膝关节肿痛至社区医院抽液治疗，半月前多关节肿痛加重，为进一步中西医结合治疗收住入院。病程中患者双手、双腕、双肘、双肩、双膝、双踝、足趾多关节关节肿痛，双手不能紧握，晨僵，口干，吃干食不需水送，无猖獗龋，无口腔溃疡，无雷诺征，无恶寒发热，无胸闷胸痛，无腹胀腹泻，无尿频急痛，无皮疹，纳食减少，夜寐尚安，二便调。,神志清晰，精神尚可，形体适中，语言清晰，口唇红润；皮肤正常，无斑疹。头颅大小形态正常，无目窼下陷，无白睛，耳轮正常，无耳瘘及生疮；颈部对称，无青筋暴露，无瘿瘤瘰疬，胸部对称，虚里搏动正常，腹部平坦，无癥瘕痞块，爪甲色泽红润，双下肢无浮肿，舌淡红，苔白腻，脉沉细。,0,0,1,1,0,0,1,0,0,0,3,阴虚|阳虚|痰湿
448000,train,湿热下注证,auto,肛内肿物外脱伴肿痛半年,"患者于入院前半年，出现因食辛辣醇厚且劳累后出现肛缘肿痛伴肛内肿物脱出,伴肛周瘙痒不适,夜间尤甚,未予治疗，症情反复发作渐加重，遂来本院求治。刻下：肛内肿物脱出伴肿缘疼痛，坐卧不宁，行走不利。大便日行2-3次，质软，排出畅，无便血，伴排便不尽及肛门坠胀感，无粘液便，小溲畅，无发热恶寒。纳食可，夜寐尚可，舌红，苔黄，脉滑数。",神志清晰，精神尚可，形体适中，语言清晰，口唇红润；皮肤正常，无斑疹。头颅大小形态正常，无目窼下陷，白睛无黄染，耳轮正常，无耳瘘及生疮；颈部对称，无青筋暴露，无瘿瘤瘰疬，胸部对称，虚里搏动正常，腹部平坦，无癥瘕痞块，爪甲色泽红润，双下肢无浮肿，舌淡红，苔白，脉滑数。,0,0,0,0,0,0,0,1,0,0,1,湿热
464291,val,痰湿蕴肺证,auto,"反复咳喘10年余,加重2周","患者10年余前无明显诱因出现咳嗽、咳痰、喘憋，于当地医院就诊，予以对症治疗后改善。此后期间，患者咳嗽、咳痰及喘憋症状反复发作，多在受凉及季节交替时加重，每年发作时间超过3个月，多次因病情加重于当地医院就诊，诊断为“慢性阻塞性肺疾病”，予以药物化痰、止喘及消炎等对症治疗后改善。2周前患者因受凉后出胸闷气喘加重，动则尤甚，咳嗽、咳大量黄痰，无发热，无明显胸痛。社区医院就诊,予头孢噻巫、奥硝唑、地塞米松等治疗，症状未见明显好转，为求进一步诊治，今来我院就诊，门诊以“慢性阻塞性肺疾病急性加重 支气管扩张伴感染 支气管哮喘”收入我区住院系统治疗。患者病程中，无恶寒发热，无恶心呕吐，无咳血胸痛，时有胃脘隐痛，双下肢无水肿，胃纳一般，睡眠一般，二便正常。",神志清晰，精神尚可，形体适中，语言清晰，口唇红润；皮肤正常，无斑疹。头颅大小形态正常，无目窼下陷，白睛无黄染，耳轮正常，无耳瘘及生疮；颈部对称，无青筋暴露，无瘿瘤瘰疬，胸部对称，虚里搏动正常，腹部平坦，无癥瘕痞块，爪甲色泽红润，双下肢无浮肿，舌淡红，苔白，脉弦滑。,0,0,0,0,0,0,1,0,0,0,1,痰湿
417293,train,心肾不交证,auto,入睡困难7月余,患者7月前无明显诱因出现入睡困难，夜寐梦多，患者未予重视，此后，上述症状反复，间断求治，未见明显好转，今为求进一步诊治，遂来我院门诊就诊，由门诊收住入科，入院时：患者神志清晰，精神可，入睡困难，夜寐梦多，无头痛、头晕，无恶心、呕吐，无肢体不遂，饮食可，二便正常。,神志清晰，精神尚可，形体适中，语言清晰，口唇红润；皮肤正常，无斑疹。头颅大小形态正常，无目窼下陷，白睛无黄染，耳轮正常，无耳瘘及生疮；颈部对称，无青筋暴露，无瘿瘤瘰疬，胸部对称，虚里搏动正常，腹部平坦，无癥瘕痞块，爪甲色泽红润，双下肢无浮肿，舌红，苔白，脉细。,0,0,1,1,0,0,0,0,0,0,2,阴虚|阳虚
461832,train,风痰上扰证,auto,头晕2天。,患者2天前无明显诱因出现头晕，无视物旋转，无恶心、呕吐，未予重视，头晕反复，今为求进一步治疗由门诊收入院，门诊以“眩晕”收入我科。入院时症状：神志清，精神一般，头晕，无视物旋转，无恶心、呕吐，行走尚可，二便可，饮食可，夜寐欠佳。舌质暗，苔白腻，脉弦。,神志清晰，精神差，形体适中，语言清晰，口唇红润；皮肤正常，无斑疹。头颅大小形态正常，无目窼下陷，白睛无黄染，耳轮正常，无耳瘘及生疮；颈部对称，无青筋暴露，无瘿瘤瘰疬，胸部对称，虚里搏动正常，腹部平坦，无癥瘕痞块，爪甲色泽红润，双下肢无浮肿，舌淡红，苔白，脉弦。,0,0,0,0,0,0,1,0,1,0,2,内风|痰湿
452887,test,风痰阻络证,auto,左侧肢体麻木半年余,患者半年前无明显诱因出现左侧肢体麻木，未予重视，患者为求中西医结合治疗来我院，门诊为系统治疗收入院，入院时：患者神清，精神可，头晕头痛偶作，腰酸痛不适，左膝关节疼痛不适，左侧肢体麻木，行走不稳，言语尚清晰，饮水不呛，纳谷尚可，夜寐欠安，二便自知。,神志清晰，精神尚可，形体适中，语言清晰，口唇红润；皮肤正常，无斑疹。头颅大小形态正常，无目窼下陷，白睛无黄染，耳轮正常，无耳瘘及生疮；颈部对称，无青筋暴露，无瘿瘤瘰疬，胸部对称，虚里搏动正常，腹部平坦，无癥瘕痞块，爪甲色泽红润，双下肢无浮肿，舌淡红，苔白，脉弦。,0,0,0,0,0,0,1,0,1,0,2,内风|痰湿
442453,train,正虚瘀结证,auto,左肾癌术后1年余，肝癌术后4月余。,患者2018年5月查腹部CT发现左肾肿物，无尿频尿急尿痛，无肉眼血尿，无腹痛、腹胀，于2018-05-23在徐州市中心医院行全麻下“腹腔镜肾部分切除术”，术后病理示：“左肾”透明细胞癌G1，术后恢复可，术后未行化疗及靶向治疗。术后定期复查，2018年11月复查胸腹部CT示：两肺及纵膈未见明确灶性病变，左肾术后改变，术区低密度，建议随诊；肝右后叶稍低密度结节，较前新发，转移瘤可能，右肾小囊肿。同时查AFP-N88.21ng/ml，建议手术治疗患者拒绝；2019年3月复查腹部CT提示肝脏结节较前稍增大，遂于2019-03-19在徐州市中心医院行“腹腔镜下肝癌根治术”，术后病理示：“肝”肝细胞性肝癌，中-低分化，肝切缘净，胆囊慢性炎伴胆囊壁淤血及结石。术后予以胸腺法新皮下注射，每周2次。患者定期复查，病情稳定。末次复查时间为2019-06-19。现患者为求进一步中医中药治疗入我院。入院时：患者无特殊不适，无头痛、头晕，无恶心、呕吐，无腹痛、腹泻，食纳可，大小便无异常。,神志清晰，精神尚可，形体适中，语言清晰，口唇红润；皮肤正常，无斑疹。头颅大小形态正常，无目窼下陷，白睛无黄染，耳轮正常，无耳瘘及生疮；颈部对称，无青筋暴露，无瘿瘤瘰疬，胸部对称，虚里搏动正常，腹部平坦，无癥瘕痞块，爪甲色泽红润，双下肢无浮肿，舌淡红，苔白，脉细。,1,0,0,0,0,1,0,0,0,0,2,血瘀|气虚
453407,train,湿热下注证,auto,肛内肿物外脱10年伴便血10天,患者于入院前10年，出现因食辛辣醇厚且劳累后出现肛内肿物外脱，未予治疗，10天前出现便血，点滴而出，色鲜红，症情反复发作渐加重，遂来本院求治。刻下：肛内肿物脱出伴肿缘疼痛，坐卧不宁，行走不利。大便日行1次，质软，排出畅，伴便血，量少，色鲜红，无排便不尽及肛门坠胀感，无粘液便，小溲畅，无发热恶寒。纳食可，夜寐尚可，舌红，苔黄，脉滑数。,神志清晰，精神尚可，形体适中，语言清晰，口唇红润；皮肤正常，无斑疹。头颅大小形态正常，无目窼下陷，白睛无黄染，耳轮正常，无耳瘘及生疮；颈部对称，无青筋暴露，无瘿瘤瘰疬，胸部对称，虚里搏动正常，腹部平坦，无癥瘕痞块，爪甲色泽红润，双下肢无浮肿，舌淡红，苔白，脉滑数。,0,0,0,0,0,0,0,1,0,0,1,湿热
462050,train,气虚血瘀证,auto,反复胸闷痛40天，加重1周。,患者40天前无明显诱因反复出现胸闷痛，持续数分钟，与活动关系不明确，休息后可稍减轻，患者未予重视，未到医院就诊。1周前患者自觉胸闷痛较前加重，乏力，伴有后背疼痛，持续不缓解，无出汗，无恶心呕吐，无腹痛、腹泻，遂今日至我院就诊，为进一步治疗收入我科。入院时：患者心胸疼痛，痛有定处，疼痛持续不缓解。偶有心悸气短，倦怠乏力，声息低微，面色晄白，易汗出，纳可，二便尚调，夜寐尚可。,神志清晰，精神尚可，形体适中，语言清晰，口唇红润；皮肤正常，无斑疹。头颅大小形态正常，无目窼下陷，白睛无黄染，耳轮正常，无耳瘘及生疮；颈部对称，无青筋暴露，无瘿瘤瘰疬，胸部对称，虚里搏动正常，腹部平坦，无癥瘕痞块，爪甲色泽红润，双下肢无浮肿，舌质淡紫，苔薄白，脉虚细涩。,1,0,0,0,0,1,0,0,0,0,2,血瘀|气虚
452047,train,肝肾阴虚证,auto,发现血压升高1月余,患者1月余前体检发现血压偏高，当时测量血压示：173/124mmHg，此后多次测量血压均偏高，未予特殊处理，血压最高208/144mmHg，现患者为求进一步明确诊疗遂由门诊收住入院，入院时：患者神清，精神欠佳，头晕阵作，无头痛，无恶心呕吐，无胸闷、胸痛，无咳嗽咯痰，无腹痛腹泻，纳寐尚可，二便尚调，舌质黯红，苔少，脉弦细。,神志清晰，精神尚可，形体适中，语言清晰，口唇发绀；皮肤正常，无斑疹。头颅大小形态正常，无目窼下陷，无白睛，耳轮正常，无耳瘘及生疮；颈部对称，无青筋暴露，无瘿瘤瘰疬，胸部对称，虚里搏动正常，腹部平坦，无癥瘕痞块，爪甲色泽红润，双下肢对称，舌质黯红，苔少，脉弦细。,0,0,1,0,0,0,0,0,0,0,1,阴虚
448121,train,气阴两虚证,auto,发现血糖升高25年，伴泡沫尿1月,"患者25年前体检时发现血糖升高，多次复诊后诊断为2型糖尿病，患者未予重视，始降糖方案为：拜唐苹早餐1片与30/70混合重组人胰岛素20u 早餐前交替使用，盐酸吡格列酮片1片 qn。目前降糖方案为：“拜糖苹早1片”、“盐酸吡格列酮片1片”、“30/70混合重组人胰岛素20u 早餐前”，平素血糖控制不佳。患者1月前出现小便泡沫增多,为求进一步系统治疗收住我科病房。病程中患者小便有泡沫，神疲乏力，少气懒言，自汗气短，手足心热，咽干口燥，口渴喜饮，无视物模糊，时有心慌胸闷憋喘，双下肢水肿，偶感双足疼痛，大便尚调，睡眠差，纳可。",神志清晰，精神尚可，形体适中，语言清晰，口唇红润；皮肤正常，无斑疹。头颅大小形态正常，无目窼下陷，白睛无黄染，耳轮正常，无耳瘘及生疮；颈部对称，无青筋暴露，无瘿瘤瘰疬，胸部对称，虚里搏动正常，腹部平坦，无癥瘕痞块，爪甲色泽红润，双下肢无浮肿，舌红苔白腻，脉弦细。,1,0,1,0,0,0,0,0,0,0,2,阴虚|气虚
474316,train,气虚血瘀证,auto,反复胸闷不适6月，加重2天。,患者6月前无明显诱因反复出现胸闷不适，常于夜间出现，持续数分钟至数十分，与活动无明显关系，休息或含服速效救心丸后可缓解，无明显胸痛及放射痛，无心悸气短，患者未予重视，未到医院就诊。2天前患者自觉胸闷不适较前加重，乏力，发作时间较前延长，发作次数较前频繁，遂今日至我院就诊，为进一步治疗收入我科。入院时：患者胸闷不适，时作时休。无心悸气短，无头晕、头痛，无恶心呕吐，无腹胀腹泻，易汗出，纳可，二便尚调，夜寐尚可。,神志清晰，精神尚可，形体适中，语言清晰，口唇发绀；皮肤正常，无斑疹。头颅大小形态正常，无目窼下陷，白睛无黄染，耳轮正常，无耳瘘及生疮；颈部对称，无青筋暴露，无瘿瘤瘰疬，胸部对称，虚里搏动异常，腹部平坦，无癥瘕痞块，爪甲色泽红润，双下肢无浮肿。,1,0,0,0,0,1,0,0,0,0,2,血瘀|气虚
481116,train,肝胃郁热证,auto,上腹痛间作1年余，加重1周,患者1年前无明显诱因出现上腹疼痛，疼痛以剑下及右上腹为主，呈持续性隐痛，每日四至五时自觉上腹部疼痛明显，进食后感胃脘嘈杂，无明显肩背部放射痛，无明显反酸、嗳气、腹胀及上腹部、胸骨后烧灼感，无恶心、呕吐，无发热，食欲欠佳，大便每日一次，无粘液、脓血便，长期于门诊口服中药、中成药（具体用药不详）治疗，症状未见明显好转，后于2020年01月及06月至我科住院治疗（住院号457743、469062），查电子胃镜：活动性胃炎伴糜烂（C3萎缩）。胃镜病理：（胃窦）粘膜重度慢性活动性炎，灶性萎缩伴淋巴组织增生；（胃体下部）粘膜重度慢性活动性炎，部分腺体肠化，建议免疫组化分型。（胃体近贲门）粘膜重度慢性活动性炎，部分腺体肠化伴轻度不典型增生。放大胃镜：活动性胃炎伴糜烂（C3萎缩）。予抑酸、护胃、抗炎、调整肠道菌群等对症治疗后好转出院。1年来患者上腹痛易反复发作，服药后可缓解。1周前，患者上腹痛较前加重，伴上腹部烧灼感，有肩背部放射痛，嗳气时作，遂至贾汪区人民医院就诊，查肝功能+血脂：总胆固醇 5.71mmol/L，甘油三酯2.70mmol/L，低密度脂蛋白3.86mmol/L。血常规未见明显异常。肝胆胰脾彩超：肝光点密集，胆囊壁细密，胰腺体部无回声：囊肿？。腹部包块彩超：未见明显包块。后患者至我院就诊，查血尿淀粉酶未见明显异常。现患者为求进一步诊治，今来我院，由门诊收入我科。病程中患者：上腹隐痛时作，伴上腹部烧灼感，有肩背部放射痛，无头晕头痛，无心悸胸闷，纳差，睡眠可，二便尚调，近期体重无明显变化，舌红苔白，脉弦。,神志清晰，精神尚可，形体适中，语言清晰，口唇红润；皮肤正常，无斑疹。头颅大小形态正常，无目窼下陷，白睛无黄染，耳轮正常，无耳瘘及生疮；颈部对称，无青筋暴露，无瘿瘤瘰疬，胸部对称，虚里搏动正常，腹部平坦，无癥瘕痞块，爪甲色泽红润，双下肢无浮肿，舌淡红，苔白，脉弦。,0,0,0,0,1,0,0,0,0,1,2,气滞|实热
425820,train,湿热下注证,auto,便后肛内肿物脱出7年，加重1个月,"患者7年前感会阴部坠胀明显，而致便后肛内肿物脱出，能回复，自行治疗（具体不祥）后症状有所缓解，1个月来症状明显加重，自行用药后无缓解，出血，疼痛不明显，不能回复，遂于今日由门诊拟“混合痔”，收入我区。刻下：便后肛内肿物脱出，不能回复，无瘙痒，持续疼痛，肛门坠胀不适,大便难解，且解不尽,小便正常,纳寐欠安。",神志清晰，精神尚可，形体形体适中，语言清晰，口唇红润；皮肤正常，无斑疹。头颅大小形态正常，无目窼下陷，无白睛，耳轮正常，无耳瘘及生疮；颈部对称，无青筋暴露，无瘿瘤瘰疬，胸部对称，虚里搏动正常，腹部平坦，无癥瘕痞块，爪甲色泽红润，双下肢无浮肿，舌淡红，苔白，脉平和。,0,0,0,0,0,0,0,1,0,0,1,湿热
490326,train,气虚血瘀证,auto,反复胸闷3年余，加重1天,患者3年来反复于活动后出现胸闷症状，以心前区为主，每次症状持续数分钟，休息后症状可缓解，不伴心悸症状，不伴有背部放射痛，不伴轻度纳差、恶心、乏力症状，无咳嗽、咳痰，无盗汗、咳血，无喘息、呼吸困难，无反酸、嗳气，无鼻塞、流涕，无大汗淋漓，无意识障碍，无头痛、黑曚、晕厥等症状，患者症状反复发作，曾于徐医附院就诊，诊断“冠心病”，具体不详；今日患者胸闷程度及持续时间逐渐加重，患者不能耐受，遂今日至我院就诊，为进一步治疗门诊拟以“冠心病”收入我科。发病以来患者神志清、精神差，饮食、睡眠、体力欠佳，体重无明显变化，二便正常。,神志清晰，精神尚可，形体适中，语言清晰，口唇红润；皮肤正常，无斑疹。头颅大小形态正常，无目窼下陷，白睛无黄染，耳轮正常，无耳瘘及生疮；颈部对称，无青筋暴露，无瘿瘤瘰疬，胸部对称，虚里搏动正常，腹部平坦，无癥瘕痞块，爪甲色泽红润，双下肢无浮肿，舌淡有紫气，苔薄白，脉弦涩。,1,0,0,0,0,1,0,0,0,0,2,血瘀|气虚
470951,train,痰浊瘀阻证,auto,反复胸闷不适18月余，加重伴憋喘10天,"患者18月前感冒发烧后自觉胸闷不适，至徐州市中心医院就诊，查心电图示：窦性心律，V1-V3导联异常Q波，V1-V5导联ST段抬高0.1-0.4mv，BNP 1833.9pg/mL,心脏彩超示：左室多节段室壁运动减弱，心功能不全，二尖瓣返流，心动过速，双侧胸腔积液，予诊断急性前壁心肌梗死，于2019-2-1及2-11分别行冠脉造影+支架植入术：左主干未见明显狭窄，左前降支近段90%狭窄，左回旋支中段闭塞，钝缘支起始部75%狭窄，右冠动脉近段85%近段，前降支近段置入2.75*33mmEXCEL药物支架一枚，右冠病变处分别置入2.75*36mm和2.75*14mmEXCEL药物支架，术后予抗血小板聚集、降脂、稳定斑块、利尿、降低心脏前后负荷等治疗，症状缓解，10天前患者无明显诱因胸闷不适复作，伴憋喘，双下肢水肿，自服阿司匹林、螺内酯等药物治疗后，症状未见明显缓解，遂今日至我院门诊就诊，为进一步诊治收住入院。入院时：患者胸闷憋喘，气短乏力，痰多气短，夜间不能平卧，肢体沉重，形体肥胖，纳差，干呕时作，头昏头晕，头重如裹，无心慌汗出，无腹胀腹满，大小便尚调，夜寐欠佳。",神志清晰，精神欠振，形体偏胖，语言清晰，口唇发绀；皮肤正常，无斑疹。头颅大小形态正常，无目窼下陷，白睛无黄染，耳轮正常，无耳瘘及生疮；颈部对称，无青筋暴露，无瘿瘤瘰疬，胸部对称，虚里搏动无异常，腹部平坦，无癥瘕痞块，爪甲色泽青紫，双下肢中度凹陷性水肿。舌体胖大且边有齿痕，质暗红，有紫气，苔浊腻，脉弦涩。,0,0,0,0,0,0,1,0,0,0,1,痰湿
477808,train,肝胃郁热证,auto,上腹疼痛间作四年余,患者4年前无明显诱因出现上腹部疼痛，呈持续性隐痛，进食后缓解，无肩背部放射痛，伴反酸、嗳气及上腹部烧灼感，腹胀，无恶心呕吐，无畏寒发热，食纳欠佳，夜寐尚安，大便日行一次，质粘欠成形，无粘液脓血，遂至当地医院，口服药物（所用药物不祥）后症状好转。4年来患者上腹部疼痛症状反复发作，服用药物后症状好转。期间于我院住院治疗，经胃镜下特殊治疗及抑酸、护胃、消炎，对症支持等治疗后症状好转出院。现患者上腹部疼痛症状再发，为求进一步诊治，今来我院，由门诊收入我科。入院时患者：上腹部疼痛，呈间断性隐痛，无肩背部放射痛，伴反酸、嗳气及上腹部烧灼感，腹胀，口有异味，无头晕，无心悸胸闷，食纳尚可，夜寐安，小便调，近期体重无明显变化，舌红苔黄，脉弦。,神志清晰，精神尚可，形体适中，语言清晰，口唇红润；皮肤正常，无斑疹。头颅大小形态正常，无目窼下陷，白睛无黄染，耳轮正常，无耳瘘及生疮；颈部对称，无青筋暴露，无瘿瘤瘰疬，胸部对称，虚里搏动正常，腹部平坦，无癥瘕痞块，爪甲色泽红润，双下肢无浮肿，舌红，苔黄，脉弦。,0,0,0,0,1,0,0,0,0,1,2,气滞|实热
467515,train,心血瘀阻证,auto,反复胸闷1月余。,患者近1月余无明显反复出现心前区不适，呈憋闷样，伴反酸、喉间不适，每次持续数分钟不等，休息或干咳后可缓解，凌晨6点左右多发，曾就诊于当地医院给予抗感染治疗，效果不佳。遂今日至我院门诊就诊，门诊完善血常规、新冠抗体、核酸监测、胸部CT暂排新冠肺炎后，拟“急性冠脉综合征”收入我科进一步诊治。入院时：仍有胸闷、憋喘，干咳，喉间不适，时有头晕，发酸，无心慌、乏力、汗出，无胸痛及其他部位放射痛，无恶心呕吐，无畏寒、发热，无黑矇、晕厥，饮食睡眠一般，小便量少，大便正常。,神志清晰，精神尚可，形体适中，语言清晰，口唇发绀；皮肤正常，无斑疹。头颅大小形态正常，无目窼下陷，白睛无黄染，耳轮正常，无耳瘘及生疮；颈部对称，无青筋暴露，无瘿瘤瘰疬，胸部对称，虚里搏动正常，腹部平坦，无癥瘕痞块，爪甲色泽红润，双下肢无浮肿，舌质紫暗，苔薄，脉弦涩。,0,0,0,0,0,1,0,0,0,0,1,血瘀
485314,test,痰蒙清窍证,auto,意识不清四肢瘫痪1年余。,患者家人诉1年余前患者突发意识不清、四肢瘫痪，就诊予外院查示脑出血，经手术治疗后术后再发脑干出血，后多次在外院行康复治疗，今为进一步康复治疗入院，入院时症状：患者昏迷，四肢瘫痪，四肢僵硬、时有不自主抽搐，双眼球结膜发红，胃管在位畅，二便失禁，舌暗，苔白，脉弦细。,神志清晰，精神尚可，形体适中，语言清晰，口唇暗红；皮肤正常，无斑疹。头颅大小形态正常，无目窼下陷，白睛无黄染，耳轮正常，无耳瘘及生疮；颈部对称，无青筋暴露，无瘿瘤瘰疬，胸部对称，虚里搏动正常，腹部平坦，无癥瘕痞块，爪甲色泽暗红，双下肢无浮肿，舌暗，苔白，脉弦细。,0,0,0,0,0,0,1,0,0,0,1,痰湿
479538,train,气虚血瘀证,auto,反复胸闷痛2年余，加重2天,患者2年来反复于活动后出现胸闷痛症状，以心前区为主，呈胀痛，伴喉部紧缩感，汗出耳鸣，头晕头痛，无放射痛，每次症状持续15秒，休息症状可缓解。1年前患者因急性心肌梗死于我院行PCI术，术中示：LM无明显狭窄；LAD近段30%-40%狭窄。LCX近中段20%-30%狭窄。RCA近段60%狭窄，中段20%-30%狭窄，左室后降支中段80%狭窄。与家人协商后对RCA行PTCA术，复查造影：残余狭窄小于20%，TIMI血流III级。术后予抗血小板聚集、调脂稳斑、改善心肌供血、控制血压等治疗后患者症状好转后出院，出院后规律服用药物8月，后自行停用替格瑞洛治疗。2天前患者活动后再发胸闷痛加重，伴喉部紧缩感，头晕头痛，咳嗽咳痰，痰色白质黏难咯，稍有汗出，无放射痛，无心慌黒朦，无视物模糊，休息后症状逐渐缓解，遂今日来我院就诊，为进一步治疗，收住入院。入院时：患者时有胸闷不适，无胸痛放射痛，伴喉部紧缩感，头晕头痛，咳嗽咳痰，痰色白质黏难咯，稍有汗出，无心慌黒朦，无视物模糊，食纳尚可，二便正常，夜寐尚可。,神志清晰，精神尚可，形体适中，语言清晰，口唇发绀；皮肤正常，无斑疹。头颅大小形态正常，无目窼下陷，白睛无黄染，耳轮正常，无耳瘘及生疮；颈部对称，无青筋暴露，无瘿瘤瘰疬，胸部对称，虚里搏动正常，腹部平坦，无癥瘕痞块，爪甲色泽红润，双下肢无浮肿，舌质暗，苔薄白，脉细涩。,1,0,0,0,0,1,0,0,0,0,2,血瘀|气虚
427670,train,正虚毒瘀证,auto,反复咳嗽发热1月余，发现肺占位1天。,患者1月前无明显诱因下出现咳嗽咳痰，白痰，间断出现发热，最高至39.0℃，入当地医院，予以抗感染治疗（具体不详）后咳嗽咳痰较前好转。期间仍间断出现发热。后入萧县人民医院，查胸部CT提示右肺占位，肿瘤指标示：CA125 36.8U/ml，CEA 6.33ng/ml，CA199 168.2U/ml，PSA 9.6ng/m，未予治疗。后入徐州市中心医院，PET-CT提示：1.右下肺占位FDG代谢异常增高，考虑恶性病变伴纵膈及两肺门多发淋巴结转移及肝脏多发转移；2.脑内散在梗塞灶，老年脑，两肺散在炎症及肺气肿，右上肺钙化灶，前列腺增大伴钙化，部分椎体及小关节退行性变。今日再次出现发热，体温37.5℃，无寒战，为行进一步诊治入我院，入院时：患者时有咳嗽咳痰，痰为白痰，量少，不易咳出，无明显胸闷、憋喘，食欲可，进食量少，二便尚调，夜寐尚安，近期体重未见明显下降。,神志清晰，精神尚可，形体适中，语言清晰，口唇红润；皮肤正常，无斑疹。头颅大小形态正常，无目窼下陷，白睛无黄染，耳轮正常，无耳瘘及生疮；颈部对称，无青筋暴露，无瘿瘤瘰疬，胸部对称，虚里搏动正常，腹部平坦，无癥瘕痞块，爪甲色泽红润，双下肢无浮肿，舌淡红，苔白，脉弦细。,1,0,0,0,0,1,0,0,0,0,2,血瘀|气虚
472202,train,肝胃郁热证,auto,恶心呕吐间作1月余，加重1天,患者1月前受凉后出现恶心呕吐，呕吐为胃内容物，纳食减少，伴嗳气、腹胀时作，患者家属诉当时有胃出血（具体不详），遂至徐州市中心医院住院，查胃镜示慢性胃炎伴糜烂（具体报告未见），予抑酸、护胃、输血、对症支持等治疗后好转出院。1月来患者呕吐、打嗝、嗳气间作，昨日患者无明显诱因下再次出现呕吐2次，呕吐物为胃内容物，无呕血，患者家属未行特殊处理。现患者为求进一步诊治，今来我院，由门诊收入我科。病程中患者：恶心呕吐未作，时有打嗝、嗳气，无明显反酸、腹痛，无发热，食欲欠佳，大便1-2日一行，无粘液、脓血便，无头晕，无心悸胸闷，睡眠可，小便正常，近期体重下降，舌红苔白，脉弦。,神志清晰，精神尚可，形体形体适中，语言清晰，口唇红润；皮肤正常，无斑疹。头颅大小形态正常，无目窼下陷，白睛无黄染，耳轮正常，无耳瘘及生疮；颈部对称，无青筋暴露，无瘿瘤瘰疬，胸部对称，虚里搏动正常，腹部平坦，无癥瘕痞块，爪甲色泽红润，双下肢无浮肿，舌淡红，苔白，脉弦。,0,0,0,0,1,0,0,0,0,1,2,气滞|实热
480136,train,气虚血瘀证,auto,药物流产失败3天。,患者平素月经30天一行，4-5天净，量中等偏少，色红，无血块，偶经行腹痛，无需服用止痛药止痛，G2P0，既往2次药物流产，LMP：2020-08-30，9月25日自测尿妊娠试验阳性。患者要求终止妊娠，10月23日自行顿服米非司酮75mg、10月24日自行顿服米非司酮75mg，10月25日自行口服米索前列醇3片后腹部隐痛伴阴道量多，伴血块，今日阴道出血停止，自口服药物至今阴道未见妊娠组织排出，为行进一步治疗，就诊于我院查妇科彩超：子宫前位，内见孕囊回声，大小约46×36×24mm，囊内可见胎儿回声，顶臀长约19.6mm，见原始心管搏动，卵黄囊形态皱缩，考虑药物流产失败，建议住院治疗，遂由门诊完善相关检查排除新冠肺炎后以“药物流产失败”收入院，入院时：患者神清，精神可，下腹偶有疼痛，无明显阴道出血，无腰酸，纳可，寐安，二便调。舌黯，苔白，脉弦涩。,神志清晰，精神尚可，形体适中，语言清晰，口唇红润；皮肤正常，无斑疹。头颅大小形态正常，无目窼下陷，白睛无黄染，耳轮正常，无耳瘘及生疮；颈部对称，无青筋暴露，无瘿瘤瘰疬，胸部对称，虚里搏动正常，腹部平坦，无癥瘕痞块，爪甲色泽红润，双下肢无浮肿，舌黯，苔白，脉弦涩。,1,0,0,0,0,1,0,0,0,0,2,血瘀|气虚
477324,train,肝胃郁热证,auto,黑便间作4天,患者近期因受凉出现扁桃体发炎，在外院抗感染治疗。4天前（2020-09-19）中午患者诉输液后出现如厕排便，大便颜色较深，共排便3次，自诉无腹痛、恶心、呕吐、发热等其他舒适不适；3天前（2020-09-20）自诉解黑便3次，具体黑便量不详，伴头晕、乏力；2天前（2020-09-21）解黑便4次，具体量不详，伴头晕、乏力、心慌；今日上午患者排便2次，患者为进一步诊治，今来我院，由门诊收入我科。病程中患者：有头晕、乏力，有心慌，无胸闷，纳少，睡眠欠佳，小便正常，近期体重无明显变化，进食后感胃脘嘈杂，舌红苔白，脉弦。,神志清晰，精神尚可，形体形体适中，语言清晰，口唇红润；皮肤正常，无斑疹。头颅大小形态正常，无目窼下陷，白睛无黄染，耳轮正常，无耳瘘及生疮；颈部对称，无青筋暴露，无瘿瘤瘰疬，胸部对称，虚里搏动正常，腹部平坦，无癥瘕痞块，爪甲色泽红润，双下肢无浮肿，舌淡红，苔白，脉弦。,0,0,0,0,1,0,0,0,0,1,2,气滞|实热
429156,train,气虚血瘀证,auto,反复头晕不适1年余，加重半月,患者于1年前无明显诱因出现头晕、昏沉间作，于我院住院治疗，行颅脑CT示脑梗塞，予住院治疗，好转出院。后患者病情反复，半月前患者头晕加重伴眼胀不适，偶有一过性黑朦，无恶心呕吐，无视物旋转，现为进一步中西医结合治疗，遂收入我科，病程中无发热、无意识丧失，无四肢抽搐，无大小便失禁。入院症状：神志清晰，精神欠佳，头晕、昏沉时作，眼部胀痛感，时有飞蚊感，纳食一般，夜寐差，大小便如常。舌暗，苔白，脉弦。,神志清晰，精神尚可，形体适中，语言清晰，口唇红润；皮肤正常，无斑疹。头颅大小形态正常，无目窼下陷，白睛无黄染，耳轮正常，无耳瘘及生疮；颈部对称，无青筋暴露，无瘿瘤瘰疬，胸部对称，虚里搏动正常，腹部平坦，无癥瘕痞块，爪甲色泽红润，双下肢无浮肿，舌暗，苔白，脉弦。,1,0,0,0,0,1,0,0,0,0,2,血瘀|气虚
487057,train,气虚血瘀证,auto,反复胸闷3月，加重2天,患者3月前每于活动时反复出现胸闷，休息后可缓解，2020年12月17日于淮北人民医院CT检查示：右冠状动脉近段钙化性斑块，局部管腔轻度狭窄。左冠状动脉前降支近端多发钙化性斑块，局部管腔重度狭窄。服用“地奥心血康100mg tid、阿司匹林肠溶片100mg qn、硫酸氯吡格雷75mg qn、硝酸异山梨酯10mg tid、瑞舒伐他汀10mg qn”等药治疗。2天前患者感胸闷加重，无明显胸痛及放射痛，遂今日至我院门诊就诊，为进一步诊治，排除新冠肺炎后拟“冠心病”由门诊收住我科。入院时：患者胸闷时作，四肢乏力，无明显胸痛及放射痛，无头晕头痛，无腹痛腹胀，无畏寒发热，无咳嗽咳痰，饮食睡眠尚可，二便正常。,神志清晰，精神尚可，形体适中，语言清晰，口唇红润；皮肤正常，无斑疹。头颅大小形态正常，无目窼下陷，白睛无黄染，耳轮正常，无耳瘘及生疮；颈部对称，无青筋暴露，无瘿瘤瘰疬，胸部对称，虚里搏动正常，腹部平坦，无癥瘕痞块，爪甲色泽红润，双下肢无浮肿，舌质淡紫，苔薄白，脉细涩。,1,0,0,0,0,1,0,0,0,0,2,血瘀|气虚
451882,test,风痰阻络证,auto,头晕伴肢体麻木1月,患者1月前无明显诱因下突然出现头晕间作，伴有左下肢麻木，行走欠稳，无视物旋转，无恶心呕吐，未予特殊重视，症状持续。今为求进一步治疗，遂来我院就诊，入院时：患者神志清，精神尚可，左下肢麻木，行走欠稳，时有胸闷心慌，言语尚清，无意识障碍，无头痛，无视物旋转，无恶心呕吐，无腹痛腹泻，纳尚可，寐尚可，二便尚调。,神志清晰，精神尚可，形体适中，语言清晰，口唇红润；皮肤正常，无斑疹。头颅大小形态正常，无目窼下陷，白睛无黄染，耳轮正常，无耳瘘及生疮；颈部对称，无青筋暴露，无瘿瘤瘰疬，胸部对称，虚里搏动正常，腹部平坦，无癥瘕痞块，爪甲色泽红润，双下肢无浮肿。,0,0,0,0,0,0,1,0,1,0,2,内风|痰湿
434851,train,风痰阻络证,auto,左上肢活动不利1周,患者1周前无明显诱因出现左上肢活动不利，左上肢精细活动受限，无头晕头痛，无恶心欲吐，无吞咽困难及饮水呛咳，遂至我院就诊，入院时：患者神清、精神可，左上肢活动不利，左上肢精细活动受限，纳可，寐欠安，大便干，小便调。,神志清晰，精神尚可，形体适中，语言清晰，口唇红润；皮肤正常，无斑疹。头颅大小形态正常，无目窼下陷，白睛无黄染，耳轮正常，无耳瘘及生疮；颈部对称，无青筋暴露，无瘿瘤瘰疬，胸部对称，虚里搏动正常，腹部平坦，无癥瘕痞块，爪甲色泽红润，双下肢无浮肿，舌淡红，苔白，脉弦。,0,0,0,0,0,0,1,0,1,0,2,内风|痰湿
456208,train,湿热瘀阻证,auto,下腹疼痛不适半月余。,患者既往月经周期欠规则，4-5/30-40+天，量中，色暗红，少量血块，无痛经，G2P2，未避孕；LMP：2019-11月初（具体不详），有性生活未避孕，无生育要求。患者近半月来劳累后出现下腹疼痛不适，伴腰酸，带下量中，色稍黄，无异味，无瘙痒，12月09日至我院门诊就诊，予行妇科检查提示盆腔炎症，建议患者住院综合治疗，患者拒绝，予散结镇痛胶囊及妇炎康复胶囊口服；今至我院复诊，仍感下腹疼痛不适，较前稍有好转，腰酸，劳累及性生活前后症状加重，现患者为求进一步综合治疗，由门诊拟“盆腔炎”收住入院；刻下：患者神清，精神可，偶有下腹疼痛及两侧少腹疼痛不适，腰酸，无阴道出血，无恶心呕吐，纳食可，二便调，夜寐安，舌暗红，苔黄腻，脉滑数。,神志清晰，精神尚可，形体适中，语言清晰，口唇红润；皮肤正常，无斑疹。头颅大小形态正常，无目窼下陷，白睛无黄染，耳轮正常，无耳瘘及生疮；颈部对称，无青筋暴露，无瘿瘤瘰疬，胸部对称，虚里搏动正常，腹部平坦，无癥瘕痞块，爪甲色泽红润，双下肢无浮肿，舌暗红，苔黄腻，脉滑数。,0,0,0,0,0,0,0,1,0,0,1,湿热
438309,test,湿热下注证,auto,肛内肿物外脱伴便血7月,"患者于入院前7月，出现因食辛辣醇厚且劳累后出现肛缘肿痛伴肛内肿物脱出,伴便血，量中,色鲜红,伴未予治疗，症情反复发作渐加重，遂来本院求治。刻下：肛内肿物脱出伴肿缘疼痛，坐卧不宁，行走不利。大便日行1次，质软，排出畅，伴便血，量中,色鲜红,伴排便不尽及肛门坠胀感，无粘液便，小溲畅，无发热恶寒。纳食可，夜寐尚可，舌红，苔黄，脉滑数。",神志清晰，精神尚可，形体适中，语言清晰，口唇红润；皮肤正常，无斑疹。头颅大小形态正常，无目窼下陷，白睛无黄染，耳轮正常，无耳瘘及生疮；颈部对称，无青筋暴露，无瘿瘤瘰疬，胸部对称，虚里搏动正常，腹部平坦，无癥瘕痞块，爪甲色泽红润，双下肢无浮肿，舌淡红，苔白，脉滑数。,0,0,0,0,0,0,0,1,0,0,1,湿热
436922,train,湿热下注证,auto,绝经1年，要求取除子宫内节育器,患者既往月经规则，6-7/30天，量中等，色鲜红，偶夹血块，无痛经，G2P1，节育器避孕10余年，49岁绝经。绝经后无异常阴道出血及排液，否认口服保健品及行激素替代治疗。患者为求取环，今至我院妇科门诊，查妇科检查提示妇科检查：外阴老年式，阴道畅，宫颈萎缩明显，外口仅如针孔大小，子宫萎缩，无压痛，双侧附件区未及明显异常，无压痛。为求进一步手术治疗收入院。刻下：患者一般情况可，面部散在见红色斑疹，瘙痒不适，无明显头晕、乏力，无阴道流血，无腰酸不适，无小腹隐痛，无发热恶寒，纳食可，夜寐安，二便调畅。,神志清晰，精神尚可，形体适中，语言清晰，口唇红润；皮肤正常，无斑疹。头颅大小形态正常，无目窼下陷，白睛无黄染，耳轮正常，无耳瘘及生疮；颈部对称，无青筋暴露，无瘿瘤瘰疬，胸部对称，虚里搏动正常，腹部平坦，无癥瘕痞块，爪甲色泽红润，双下肢无浮肿，舌暗，苔白，脉沉弦。,0,0,0,0,0,0,0,1,0,0,1,湿热
442409,train,湿热下注证,auto,肛内肿物外脱伴刺痛1月。,患者1月前无明显诱因下出现肛内刺痛不适，伴肿物外脱，便后回纳，无便血，近2天渐加重，为进一步治疗，逐来我院就诊。刻下：肛内肿物外脱，便后回纳，刺痛不适，无便血，无里急后重感，无发热，大便日行1次，小溲畅。舌苔红润，脉弦。,神志清晰，精神尚可，形体适中，语言清晰，口唇红润；皮肤正常，无斑疹。头颅大小形态正常，无目窼下陷，白睛无黄染，耳轮正常，无耳瘘及生疮；颈部对称，无青筋暴露，无瘿瘤瘰疬，胸部对称，虚里搏动正常，腹部平坦，无癥瘕痞块，爪甲色泽红润，双下肢无浮肿，舌淡红，苔白，脉弦。,0,0,0,0,0,0,0,1,0,0,1,湿热
473063,train,心肾不交证,auto,入睡困难半年,患者半年前无明显诱因出现入睡困难，夜寐梦多，患者未予重视，此后，上述症状反复，间断求治，未见明显好转，今为求进一步诊治，遂来我院门诊就诊，由门诊收住入科，入院时：患者神志清晰，精神可，入睡困难，夜寐梦多，自汗，时有腰痛，无头痛、头晕，无恶心、呕吐，无肢体不遂，饮食可，大便2-3行/日，小便可，舌红少苔，脉细数。,神志清晰，精神尚可，形体适中，语言清晰，口唇红润；皮肤正常，无斑疹。头颅大小形态正常，无目窼下陷，白睛无黄染，耳轮正常，无耳瘘及生疮；颈部对称，无青筋暴露，无瘿瘤瘰疬，胸部对称，虚里搏动正常，腹部平坦，无癥瘕痞块，爪甲色泽红润，双下肢无浮肿，舌淡红，苔白，脉弦。,0,0,1,1,0,0,0,0,0,0,2,阴虚|阳虚
452806,test,气虚血瘀证,auto,头晕、言语不利3日。,患者近3日无明显诱因下突发头晕、行走不稳，偶有视物旋转，头部转动时眩晕感加重，伴言语不利，无耳鸣，无视物黑朦，无恶心、呕吐。外院查头颅CT:腔隙性脑梗塞。今为进一步诊治，予收入住院，入院时患者神志清晰，精神欠佳，言语不利，头晕、行走不稳，头部发紧、疼痛，活动后胸闷不适，纳食可，夜寐差，二便通畅。,神志清晰，精神欠佳，形体适中，语言清晰，口唇红润；皮肤正常，无斑疹。头颅大小形态正常，无目窼下陷，白睛无黄染，耳轮正常，无耳瘘及生疮；颈部对称，无青筋暴露，无瘿瘤瘰疬，胸部对称，虚里搏动正常，腹部平坦，无癥瘕痞块，爪甲色泽红润，双下肢无浮肿，舌淡紫边有齿痕，苔白，脉涩。,1,0,0,0,0,1,0,0,0,0,2,血瘀|气虚
491438,test,正虚瘀结证,auto,左肺腺癌脑转移8月余，拟化疗。,患者2020-6因“头昏、头痛、行走不稳”至我院针灸科就诊，查CY21-1:4.28ng/ml↑。胸部CT：左肺下叶占位，考虑肺Ca，建议穿刺活检；两肺间质性改变；肺气肿、肺大泡。头颅MR：右侧颞枕叶占位伴周围水肿，考虑：转移瘤。2020-06-30行肺穿刺，病理：（左肺下叶）肺癌，考虑为鳞癌。免疫组化（2002905）：CK7+；TTF-1 +；NaspinA +；P40 -；CK5/6 -；Sy -；CgA-；EGFR +；P63 +/-；Ki-67 约50%+，免疫组化提示：符合腺癌。2018-7-15基因检测结果回报：EGFR、ALK、ROS突变（-）；PD-L1 TPS:70%。诊断：左肺腺癌IV期（脑转移)。2020-07-24、08-15、09-04、10-02、10-23、11-15予卡瑞利珠单抗+PC方案化疗6周期（C4因自身免疫性肝炎未用PD-1），具体为：卡瑞利珠单抗200mg d0+培美曲塞800mg d1+卡铂0.4 d1，q3w。总体评价PR。C2卡瑞利珠单抗后出现全身斑疹，口服甲强龙片（1mg/kg）后皮疹逐渐消退；C3后胃肠道反应持续约10天；C3后出现自身免疫性肝炎，予甲强龙4周治疗，肝功能恢复正常；化疗期间白细、中性粒细胞I-II°减少，予G-CSF可恢复。2020-12-05、12-26、2021-01-16、02-06予卡瑞利珠单抗+培美曲塞维持化疗4周期。第4周期维持化疗前全面复查，评价持续PR。化疗结束复查未见明显异常。今为行进一步治疗收入院。入院时：患者无恶心，呕吐，无咳嗽、咳痰，无胸闷、憋喘，无头晕、头痛，饮食、睡眠可，小便正常，大便便秘。,神志清晰，形体适中，语言清晰；皮肤正常，无斑疹。头颅大小形态正常，无目窼下陷，白睛无黄染，耳轮正常，无耳瘘及生疮；颈部对称，无青筋暴露，无瘿瘤瘰疬，胸部对称，虚里搏动正常，腹部平坦，无癥瘕痞块，爪甲色泽苍白，双下肢无浮肿，舌暗，苔白，脉涩。,1,0,0,0,0,1,0,0,0,0,2,血瘀|气虚
471898,train,肝经湿热证,auto,右侧胸背部起红斑水疱伴疼痛1周。,"患者1周前感背部疼痛不适，晚间发现右背部出现一枚绿豆大小红斑丘疹，伴轻度针刺样疼痛不适，患者未予重视，近日发现红斑水疱逐渐增多，并扩展至右胸部，针刺样疼痛感较前较重，夜间为甚，曾至徐医附院肾内科查肾脏彩超、肾功、血常规、凝血功能等未见明显异常，但疼痛仍较明显，遂至我院皮肤科门诊就医，诊断为“带状疱疹”。门诊查血常规,肺部CT，新冠核酸无异常，患者否认近14天湖北疫区及本地发病区接触史，否认近14天新冠肺炎病人接触史，否认近14天接触过来自武汉市及周边或境内、境外疫情严重地区发热有呼吸道症状的患者，否认近14天发热、咳嗽、腹泻，排除新冠肺炎，遂收入院.为求进一步系统治疗，遂至我科住院治疗。患者入院时无发热不适，精神及纳食尚可，睡眠尚可，二便正常。",神志清晰，精神尚可，形体适中，语言清晰，口唇红润；躯干、四肢皮肤见红斑丘疹，以四肢为著。头颅大小形态正常，无目窼下陷，白睛无黄染，耳轮正常，无耳瘘及生疮；颈部对称，无青筋暴露，无瘿瘤瘰疬，胸部对称，虚里搏动正常，腹部平坦，无癥瘕痞块，爪甲色泽红润，双下肢无浮肿。,0,0,0,0,0,0,0,1,0,0,1,湿热
473555,train,湿热下注证,auto,肛旁肿痛伴脓液外溢4年余。,患者4年前无明显诱因下出现肛缘肿痛，曾于外院行切开排脓治疗，术候脓液外溢，反复发作，遂来本院求治。刻下：肛旁肿痛伴脓液外溢，坐卧不宁，行走不利，大便无便血，无粘液便，无里急后重及排便不尽感，小溲畅，纳食可，夜寐安和。,神志清晰，精神尚可，形体适中，语言清晰，口唇红润；皮肤正常，无斑疹。头颅大小形态正常，无目窼下陷，白睛无黄染，耳轮正常，无耳瘘及生疮；颈部对称，无青筋暴露，无瘿瘤瘰疬，胸部对称，虚里搏动正常，腹部平坦，无癥瘕痞块，爪甲色泽红润，双下肢无浮肿，舌淡红，苔白，脉弦。,0,0,0,0,0,0,0,1,0,0,1,湿热
478560,train,气滞血瘀证,auto,骑车不慎滑倒，左侧胸痛胸闷3小时。,患者于昨晚21时许骑车不慎滑倒，左侧胸部受撞，当即自觉左侧胸痛剧，胸闷憋喘不显，咳嗽时痛剧，遂由家人送至我院求治。门诊予做CT示（本院 2020-10-10）：两肺下叶肺挫裂伤。左侧第5-8肋骨骨折。颅脑螺旋CT平扫颅内未见明确血肿及脑挫裂伤。建议：随诊。额部皮下软组织肿胀。全腹部平扫未示明显脏器破裂伤及挫裂伤。脾脏部分层面伪影较重，建议：短期内上腹部CT复查。急诊遂于今日收入住院，入院症见：患者左侧胸痛剧，胸闷、憋喘不显，不敢咳嗽，无恶心呕吐，无腹胀、腹痛，无头晕、头痛，无发热，二便自调，夜寐欠安。,神志清晰，精神尚可，形体适中，语言清晰，口唇红润；皮肤正常，无斑疹。头颅大小形态正常，无目窼下陷，白睛无黄染，耳轮正常，无耳瘘及生疮；颈部对称，无青筋暴露，无瘿瘤瘰疬，胸部对称，虚里搏动正常，腹部平坦，无癥瘕痞块，爪甲色泽红润，双下肢无浮肿，舌淡红，苔白，脉涩。,0,0,0,0,1,1,0,0,0,0,2,气滞|血瘀
439213,test,湿热下注证,auto,肛内肿物外脱2年,患者于入院前2年，出现因食辛辣醇厚且劳累后出现肛缘肿痛伴肛内肿物脱出，未予治疗，症情反复发作渐加重，遂来本院求治。刻下：肛内肿物脱出伴肿缘疼痛，坐卧不宁，行走不利。大便日行1次，质软，排出畅，无便血，伴排便不尽及肛门坠胀感，无粘液便，小溲畅，无发热恶寒。纳食可，夜寐尚可，舌红，苔黄，脉滑数。,神志清晰，精神尚可，形体适中，语言清晰，口唇红润；皮肤正常，无斑疹。头颅大小形态正常，无目窼下陷，白睛无黄染，耳轮正常，无耳瘘及生疮；颈部对称，无青筋暴露，无瘿瘤瘰疬，胸部对称，虚里搏动正常，腹部平坦，无癥瘕痞块，爪甲色泽红润，双下肢无浮肿，舌淡红，苔白，脉滑数。,0,0,0,0,0,0,0,1,0,0,1,湿热
453651,test,气虚血瘀证,auto,发现血糖升高4年，四肢麻木疼痛加重1周。,患者于2015年因行PCI术发现血糖升高，查空腹血糖9.0mmol/l，多次复查后诊断为2型糖尿病。曾服用二甲双胍、拜糖苹等多种降糖药物（具体不详），现皮下注射长秀霖17U，联合拜糖苹50mg tid、沙格列汀5mg qn口服，血糖控制不稳。病程中，因肢体麻木，诊断为糖尿病周围神经病变。近1周患者自觉四肢麻木疼痛明显，体倦乏力，自测空腹血糖9.1mmol/l，今为求进一步诊治收入我区。目前：患者神清，精神尚可，口干多饮，体倦乏力，头晕头昏，双手麻木疼痛，双足跟部疼痛，胸闷时作，纳谷可，夜寐安，二便尚调。无视物模糊，双下肢无浮肿。无咳嗽咯痰，无发热恶寒，无恶心呕吐，近期体重无明显改变。,神志清晰，精神尚可，形体偏胖，语言清晰，口唇红润；皮肤正常，无斑疹。头颅大小形态正常，无目窼下陷，白睛无黄染，耳轮正常，无耳瘘及生疮；颈部对称，无青筋暴露，无瘿瘤瘰疬，胸部对称，虚里搏动正常，腹部平坦，无癥瘕痞块，爪甲色泽红润，无咳嗽咯痰，无异常气味，双下肢无浮肿，舌暗红，苔黄腻，脉沉细。,1,0,0,0,0,1,0,0,0,0,2,血瘀|气虚
426101,train,气滞血瘀证,auto,肛痛、便血间作2月,"患者于入院前2月，出现因过食辛辣之品而致大便干结，努挣而下后感肛门疼痛，便血，色鲜红，量少，疼痛呈间歇性发作,未予治疗，症情反复发作渐加重，遂来本院求治。刻下：肛门疼痛，便后尤甚，坐卧不宁，行走不利。大便日行1次，质硬，排出不畅，伴便血，伴排便不尽及肛门坠胀感，无粘液便，小溲畅，无发热恶寒。纳食可，夜寐尚可，舌红，苔黄，脉滑数。",神志清晰，精神尚可，形体适中，语言清晰，口唇红润；皮肤正常，无斑疹。头颅大小形态正常，无目窼下陷，白睛无黄染，耳轮正常，无耳瘘及生疮；颈部对称，无青筋暴露，无瘿瘤瘰疬，胸部对称，虚里搏动正常，腹部平坦，无癥瘕痞块，爪甲色泽红润，双下肢无浮肿，舌淡红，苔白，脉滑数。,0,0,0,0,1,1,0,0,0,0,2,气滞|血瘀
475027,train,阳虚水泛证,auto,反复胸闷憋喘19年，加重8天。,患者19年前常于活动时出现胸闷不适，稍有憋喘，伴气短乏力，就诊于徐州市第二人民医院，查心脏彩超示：主动脉瓣轻度反流。未予特殊治疗。2007年，患者复查心脏彩超示：主动脉瓣中度反流。2017年，患者自觉胸闷憋喘症状较前明显加重，端坐呼吸，再次就诊于徐州市第二人民医院，查心脏彩超示：主动脉瓣狭窄伴重度关闭不全。建议患者行主动脉瓣置换术。患者拒绝。药物对症治疗后，好转出院。8天前，患者于上呼吸道感染后，出现胸闷憋喘症状，且呈加重趋势，夜间不能平卧，端坐呼吸，就诊予北京阜外医院，行经皮主动脉瓣置换术，术后症状较前有改善，现患者胸闷憋喘症状时发，遂今日至我院就诊，为进一步诊治，拟“急性心力衰竭 心功能IV级”收住入院。入院时：患者憋喘、呼吸困难，端坐呼吸，不能平卧，夜间发作性呼吸困难，咯吐白色泡沫痰，心悸怔忡，双下肢浮肿，面色青灰，纳食较前减少，大小便尚调，夜寐欠佳。,神志清晰，精神尚可，形体适中，语言清晰，口唇发绀；皮肤正常，无斑疹。头颅大小形态正常，无目窼下陷，白睛无黄染，耳轮正常，无耳瘘及生疮；颈部对称，无青筋暴露，无瘿瘤瘰疬，胸部对称，虚里搏动异常，腹部平坦，无癥瘕痞块，爪甲色泽红润，双下肢有浮肿。,0,0,0,1,0,0,0,0,0,0,1,阳虚
453990,train,湿热蕴结证,auto,大便不成形间作两年,患者两年来无明显诱因出现大便不成形，1-3次/日，色黄，偶有粘液附着，无肉眼脓血，无里急后重，曾于我科住院治疗，行电子结肠镜：慢性结肠炎；直肠粘膜下隆起。隆起予手术切除对症治疗，病理示神经内分泌肿瘤。术后予抗炎、营养支持等对症治疗，病情好转出院，十天前患者觉病情反复，复查电子结肠镜示1.直肠粘膜隆起2.回肠末端新生物3.慢性结肠炎，今为求进一步诊治而来我院，门诊遂以慢性结肠炎收入我科。发病来，患者大便不成形，无腹痛腹胀，无发热、黄疸，无头痛，无胸痛、咳痰、咯血，无呕血、黑便，食纳、睡眠尚可，小便尚调，近期无明显消瘦。,神志清晰，精神尚可，形体适中，语言清晰，口唇红润；皮肤正常，无斑疹。头颅大小形态正常，无目窼下陷，无白睛，耳轮正常，无耳瘘及生疮；颈部对称，无青筋暴露，无瘿瘤瘰疬，胸部对称，虚里搏动正常，腹部平坦，无癥瘕痞块，爪甲色泽红润，双下肢无浮肿，舌红，苔黄腻，脉弦。,0,0,0,0,0,0,0,1,0,0,1,湿热
466167,train,肾虚证,auto,停经57天，腰酸伴间断性阴道流血20天。,"患者平素月经周期规律，4-5/30-31天，月经量中，色暗红，血块少许，轻度痛经，G0P0。患者末次月经2020-03-16，量色质如常，04-16日患者自测尿妊娠阳性，至我院门诊查血HCG：582.10mIU/ml、P：42.63ng/ml、E2：467.72pg/ml，患者要求保胎治疗,签字后门诊予黄体酮胶囊200mg qn、地屈孕酮20mg bid、芬吗通红片1片qd、雷替斯25ug qd及中药口服保胎治疗；04-18日至徐州中源医院查血HCG：1312.90mIU/ml、P：41.17ng/ml、E2：534.40pg/ml，血小板聚集功能测定：AA：88.02%，ADP：85.48%，COL：87.79%，凝血功能未见异常，抗β2糖蛋白1抗体定量：24.70U/ml，抗心磷脂抗体定量：17.90U/ml，血常规及肝肾功能未见异常，另予肝素5000IU qd皮下注射及阿司匹林75mg qd口服抗凝治疗；04-21日患者劳累后出现阴道少量出血，至我院门诊查血HCG：8350.8mIU/ml、P：46.94ng/ml、E2：391.40pg/ml，彩超示：宫内见13.1mm，宫底部宫腔内见44*16mm混合回声区，双侧卵巢未见异常，结论：宫腔积血可能；建议患者住院治疗，患者拒绝，予停低分子肝素及阿司匹林。后患者阴道间断少量褐色分泌物伴腰酸不适，门诊定期复查血HCG及超声。昨日阴道少量出血，色暗红，腰酸不适，至门诊就诊，查血HCG：107318.7mIU/ml、P：38.44ng/ml、E2：1564.79pg/ml，彩超示：子宫体部及底部右侧内见孕囊回声，大小约41*25*15 mm,囊内可见胎芽回声，长约17.1mm,见及原始心管搏动。卵黄囊直径约4.1 mm。孕囊左侧见36*7mm不纯液性暗区，内见12*6mm絮状稍高回声区，CDFI：内未见血流信号。左侧卵巢显示不清。右侧卵巢内见46*47 mm囊性暗区，壁光。 结论：宫内早孕、先兆流产声像，右侧卵巢小囊肿 （非赘生性？） 请结合临床、建议随访复查。现患者要求保胎治疗，由门诊排除新冠肺炎后收住入院。刻下：患者阴道少量褐色分泌物，腰酸，无小腹疼痛，无肛门下坠感，无寒热往来，偶有恶心不适，无呕吐，纳食可，寐安，二便调畅，舌淡红，苔白，脉沉滑尺脉弱。",神志清晰，精神尚可，形体适中，语言清晰，口唇红润；皮肤正常，无斑疹。头颅大小形态正常，无目窼下陷，白睛无黄染，耳轮正常，无耳瘘及生疮；颈部对称，无青筋暴露，无瘿瘤瘰疬，胸部对称，虚里搏动正常，腹部平坦，无癥瘕痞块，爪甲色泽红润，双下肢无浮肿，舌淡红，苔白，脉沉滑尺脉弱。,1,0,0,1,0,0,0,0,0,0,2,阳虚|气虚
430973,train,外伤损络证,manual_disambiguated,高处坠落致腰背部、左腕疼痛伴活动受限6天,患者6天前不慎从高处跌落，当时即感腰背部及左腕关节疼痛、不能活动，急被送至当地医院就诊，行影像学检查结果回示：L1椎体压缩性骨折，左腕桡骨远端骨折。遂住院治疗，现症状未见明显缓解，故患者为求进一步治疗，今日来我院门诊就诊，经询问病史、查体及阅片后 ，建议患者住院系统检查治疗，遂经门诊拟“脊柱骨折，桡骨下端骨折”收住入院。伤后患者无昏迷，无意识不清，今日患者精神及神志正常，无胸闷憋喘，无腹胀不适，睡眠及食纳尚可，大小便正常。,神志清晰，精神尚可，形体适中，语言清晰，口唇红润；皮肤正常，无斑疹。头颅大小形态正常，无目窼下陷，白睛无黄染，耳轮正常，无耳瘘及生疮；颈部对称，无青筋暴露，无瘿瘤瘰疬，胸部对称，虚里搏动正常，腹部平坦，无癥瘕痞块，爪甲色泽红润，双下肢无浮肿，舌淡红，苔白，脉细涩。,0,1,0,0,0,0,0,0,0,0,1,血虚
430491,train,脾胃虚寒证,auto,反复腹泻、上腹胀痛一月,患者一月前无明显诱因出现腹泻，里急后重，每日解2-3次黄色稀便，无粘液、脓血，大便不尽感，有腹痛，排便后腹痛稍缓解，伴有上腹胀痛、反酸、嗳气及上腹部烧灼感，无发热，无咳嗽、咳痰，无胸闷、憋喘，无恶心、呕吐。至我院门诊就诊，口服药物后腹泻稍好转，里急后重，大便质软成形。患者为求进一步诊治，今来我院，由门诊收入我科。发病以来患者无明显头晕、心慌、胸闷，感脘腹胀满不舒，面色萎黄，肢倦乏力，睡眠欠佳，需口服氯硝西泮半片qd，小便正常，舌淡苔白，脉细弱，近期体重无明显变化。,神志清晰，精神尚可，形体形体适中，语言清晰，口唇红润；皮肤正常，无斑疹。头颅大小形态正常，无目窼下陷，白睛无黄染，耳轮正常，无耳瘘及生疮；颈部对称，无青筋暴露，无瘿瘤瘰疬，胸部对称，虚里搏动正常，腹部平坦，无癥瘕痞块，爪甲色泽红润，双下肢无浮肿，舌淡红，苔白，脉弦。,0,0,0,1,0,0,0,0,0,0,1,阳虚
457475,train,肝肾不足证,manual_disambiguated,右眼视物不清渐重1年,"患者1年无明显诱因自觉右眼视物不清逐渐加重,无眼红眼痛,无畏光流泪,无视物变形,患者未予重视，未进行任何诊治，现左眼视物不清明显严重，眼前辨容困难，自觉影响日常生活，今来我院眼科求治，门诊检查后，拟以“右眼白内障”收入院。刻下：左眼视物不清，无红不痛，腰膝酸软，时有耳鸣，手足心热，夜寐安，纳佳，二便调。",腰膝酸软，时有耳鸣头晕，神疲乏力，手足心热，舌红苔少，脉弦细。,1,1,1,0,0,0,0,0,0,0,3,阴虚|血虚|气虚
431999,train,热毒蕴结证,auto,骶尾部肿痛间作4年,"患者于入院前4年，出现骶尾部肿痛间作,肿痛时有脓液外溢,未予治疗，症情反复发作渐加重，遂来本院求治。刻下：骶尾部肿胀,触痛明显,无脓液外溢，坐卧不宁，行走不利。大便，日行1次，质软，排出不畅，无便血，无排便不尽及肛门坠胀感，无粘液便，小溲畅，无发热恶寒。纳食可，夜寐尚可，舌红，苔黄，脉滑数。",神志清晰，精神尚可，形体形体适中，语言清晰，口唇红润；皮肤正常，无斑疹。头颅大小形态正常，无目窼下陷，白睛无黄染，耳轮正常，无耳瘘及生疮；颈部对称，无青筋暴露，无瘿瘤瘰疬，胸部对称，虚里搏动正常，腹部平坦，无癥瘕痞块，爪甲色泽红润，双下肢无浮肿，舌红，苔黄，脉滑数。,0,0,0,0,0,0,0,0,0,1,1,实热
427958,train,肝胃郁热证,auto,上腹胀痛半月,患者半月前无明显诱因出现上腹胀痛，疼痛以剑下及右上腹为主，呈持续性隐痛，进食后腹痛稍缓解，伴有肩背部放射痛，有反酸、嗳气、腹胀及上腹部、胸骨后烧灼感，无恶心、呕吐，无发热，食欲欠佳，大便每日一次，无粘液、脓血便，门诊查电子胃镜：慢性胃炎伴粘膜隆起、胃息肉，Hp阳性；病理：（胃窦）粘膜中度慢性浅表活动性胃炎，患者为求进一步诊治，今来我院，由门诊收入我科。病程中患者：无头晕，无心悸胸闷，纳差，睡眠可，小便正常，近期体重无明显变化，进食后感胃脘嘈杂，舌红苔白，脉弦。,神志清晰，精神尚可，形体适中，语言清晰，口唇红润；皮肤正常，无斑疹。头颅大小形态正常，无目窼下陷，白睛无黄染，耳轮正常，无耳瘘及生疮；颈部对称，无青筋暴露，无瘿瘤瘰疬，胸部对称，虚里搏动正常，腹部平坦，无癥瘕痞块，爪甲色泽红润，双下肢无浮肿，舌淡红，苔白，脉弦。,0,0,0,0,1,0,0,0,0,1,2,气滞|实热
439220,test,风痰阻络证,auto,言语不能伴右侧肢体无力3月余,患者于3月前无明显诱因出现言语不能伴右侧肢体无力，至仁慈医院就诊，查头颅CT示脑梗死，经治后好转出院，今为求进一步康复治疗，遂至我院门诊，予收入我科。入院时症状：神志清，精神欠佳，言语不能，右侧肢体无力，搀扶可缓慢行走，无意识障碍，无肢体抽搐、痉挛等，饮食可，二便可，夜寐尚可。舌质红，苔黄腻，脉弦。,神志清晰，精神欠佳，形体适中，语言不能，口唇红润；皮肤正常，无斑疹。头颅大小形态正常，无目窼下陷，白睛无黄染，耳轮正常，无耳瘘及生疮；颈部对称，无青筋暴露，无瘿瘤瘰疬，胸部对称，虚里搏动正常，腹部平坦，无癥瘕痞块，爪甲色泽红润，双下肢无浮肿，舌质红，苔黄腻，脉弦。,0,0,0,0,0,0,1,0,1,0,2,内风|痰湿
443675,train,湿热下注证,auto,肛旁肿痛流脓水1年,"患者于入院前1年，出现因食辛辣醇厚且劳累后出现肛旁肿胀疼痛，出现红肿包块，自以为是混合痔,自用痔疮栓剂无效,后肿块破溃，伴有脓性分泌物溢出，无发热，查体见：皮肤表面瘘口红肿，触痛，表面皮温高，压之有脓性分泌物溢出。刻下：肛旁肿痛伴脓液外溢，坐卧不宁，行走不利。大便1日/行，日行1次，质软，排出畅，无便血，无排便不尽及肛门坠胀感，无粘液便，小溲畅，无发热恶寒。纳谷不馨，夜寐尚可，舌红，苔白，脉弦滑。",神志清晰，精神尚可，形体形体适中，语言清晰，口唇红润；皮肤正常，无斑疹。头颅大小形态正常，无目窼下陷，无白睛，耳轮正常，无耳瘘及生疮；颈部对称，无青筋暴露，无瘿瘤瘰疬，胸部对称，虚里搏动正常，腹部平坦，无癥瘕痞块，爪甲色泽红润，双下肢无浮肿，舌红，苔黄，脉弦滑。,0,0,0,0,0,0,0,1,0,0,1,湿热
438153,train,气虚血瘀证,auto,头晕伴左侧肢体无力半年余。,"患者半年前无明显诱因突发头晕伴左侧肢体无力,急送至徐州市四院诊断为""脑梗塞"",行溶栓治疗后好转,仍遗留有头晕伴左侧肢体无力后遗症，为求进一步康复治疗,遂至我院就诊,予收住入院，病程中无意识模糊、无肢体抽搐，刻下患者神清，精神欠佳，头晕，左侧肢体无力,行走欠稳，食纳可，夜寐安，二便畅。",神志清晰，精神尚可，形体适中，语言清晰，口唇红润；皮肤正常，无斑疹。头颅大小形态正常，无目窼下陷，白睛无黄染，耳轮正常，无耳瘘及生疮；颈部对称，无青筋暴露，无瘿瘤瘰疬，胸部对称，虚里搏动正常，腹部平坦，无癥瘕痞块，爪甲色泽红润，双下肢无浮肿，舌淡红，苔白，脉细。,1,0,0,0,0,1,0,0,0,0,2,血瘀|气虚
432319,train,气虚血瘀证,auto,急起头晕头痛6小时,患者6小时前无明显诱因下出现头晕头痛，伴行走不稳，自测血压170/80mmHg，自服兰迪半粒未能缓解，至我院急诊就诊，19：30到达我院急诊，急诊血压：192/78mmHg，血氧饱和度95%，心率95次/分，急查头颅CT示：1.脑干、两侧基底节区、额顶叶多发新旧腔隙性脑梗塞。2.双侧枕叶大片软化灶。3.侧脑室旁脑白质变性。4.脑萎缩。急诊予20%甘露醇250ml静滴，症状未见缓解，现为进一步诊治，拟“急性脑梗塞”收住入院。入院时：患者头晕头痛，伴行走不稳，动则加剧，面色晄白，神疲乏力，倦怠懒言，无视物旋转，无耳鸣耳聋，无恶心呕吐，偶有心慌、胸闷，无胸痛、汗出，无口角歪斜，唇甲不华，发色不泽，饮食睡眠一般，二便正常。,神志清晰，精神尚可，形体适中，语言清晰，口唇发绀；皮肤正常，无斑疹。头颅大小形态正常，无目窼下陷，白睛无黄染，耳轮正常，无耳瘘及生疮；颈部对称，无青筋暴露，无瘿瘤瘰疬，胸部对称，虚里搏动正常，腹部平坦，无癥瘕痞块，爪甲色泽青紫，双下肢无浮肿，舌紫暗有瘀斑，苔白腻，脉弦滑。,1,0,0,0,0,1,0,0,0,0,2,血瘀|气虚
443172,train,气虚血瘀证,auto,时有头晕不适4月,患者4月前开始出现头晕不适，无视物旋转，不伴恶心呕吐，不伴耳鸣耳聋，症状反复发作，口服眩晕宁片、颈复康颗粒，症状未见缓解，多次查血压偏高，收缩压大多在150-160mmHg左右，长期口服尼群地平10mg bid，血压控制不佳，07-15在徐州市中心医院行头颅CT：颅内未见明确血肿及挫裂伤。颈椎CT：颈椎骨质增生、颈4椎体上缘骨皮质欠连续 考虑骨折、颈4-7椎间盘突出。未予特殊处理。今日至我院门诊，拟“眩晕综合征”收住入院，入院时：患者眩晕，头昏，无头痛，劳累即发，面色白光白，神疲乏力，倦怠懒言。唇甲不华，发色不泽，心悸少寐。,神志清晰，精神欠佳，形体适中，语言清晰，口唇发绀；皮肤正常，无斑疹。头颅大小形态正常，无目窼下陷，白睛无黄染，耳轮正常，无耳瘘及生疮；颈部对称，无青筋暴露，无瘿瘤瘰疬，胸部对称，虚里搏动正常，腹部平坦，无癥瘕痞块，爪甲色泽青紫，双下肢无浮肿，舌淡有紫气，苔薄白，脉弦涩。,1,0,0,0,0,1,0,0,0,0,2,血瘀|气虚
479371,train,气虚血瘀证,auto,反复胸闷痛6年余，加重伴憋喘1天,患者6年余前始出现胸闷痛不适，活动时发作，持续时间长短不一，伴乏力，休息后约3-5分钟能自行缓解，无咳嗽咳痰，无发热，对症治疗后好转出院。4年前患者胸闷痛再作，予我院行冠脉造影检查示：LM未见明显狭窄，LAD全程弥漫性长病变，最狭窄约95%，远段闭塞； LCX全程狭窄，最重95%狭窄；RCA管壁不规则，扩张，狭窄最重70%。与家属商议后，考虑患者心功能不全，且病变部位弥漫，无法行PCI术，患者及家属要求药物保守治疗。出院后长期服用拜阿司匹林、泰嘉、立普妥、倍他乐克等药物治疗，症状偶有发作。1天来患者无明显诱因出现症状加重，伴憋喘，呼吸困难，全身乏力，服用上述药物症状改善不理想，且出现夜间不可平卧，汗出，遂至我院就诊，为进一步诊治，收治入院。入院时：患者胸闷憋喘，呼吸困难，端坐呼吸，夜间不可平卧，自汗盗汗，无咳嗽咳痰，无黒朦，无腹胀，纳差，夜寐欠佳，二便调。,神志清晰，精神尚可，形体适中，语言清晰，口唇红润；皮肤正常，无斑疹。头颅大小形态正常，无目窼下陷，白睛无黄染，耳轮正常，无耳瘘及生疮；颈部对称，无青筋暴露，无瘿瘤瘰疬，胸部对称，虚里搏动正常，腹部平坦，无癥瘕痞块，爪甲色泽红润，双下肢有浮肿。 舌暗淡，苔白，脉沉迟。,1,0,0,0,0,1,0,0,0,0,2,血瘀|气虚
450471,train,气虚血瘀证,auto,反复头晕头痛10余年，加重伴胸痛1天,患者10余年前开始反复出现头晕头痛不适，多次测血压高于140/90mmhg，最高血压200/120mmhg，既往服用缬克、金缬克等多种降压药物治疗，疗效差，血压波动160/90mmhg左右。近1天患者感头晕头痛明显加重，每次胸闷持续10分钟左右，活动时明显，休息后可缓解，时有心慌，气短乏力，伴胸痛不适，无晕厥黑矇，遂今日至我院门诊就诊，测血压200/105mmHg，现为进一步诊治予“高血压急症”收住入院。发病以来患者神志清、精神差，饮食、睡眠、体力欠佳，体重无明显变化，二便正常。,神志清晰，精神尚可，形体适中，语言清晰，口唇红润；皮肤正常，无斑疹。头颅大小形态正常，无目窼下陷，白睛无黄染，耳轮正常，无耳瘘及生疮；颈部对称，无青筋暴露，无瘿瘤瘰疬，胸部对称，虚里搏动正常，腹部平坦，无癥瘕痞块，爪甲色泽红润，双下肢无浮肿，舌紫暗有瘀斑，苔白腻，脉弦滑。,1,0,0,0,0,1,0,0,0,0,2,血瘀|气虚
480480,train,痰湿蒙窍证,auto,意识不清伴肢体不遂3月余，加重伴呼吸憋喘4天,患者3月余前无明显诱因出现出现意识不清，伴肢体不遂，于外院就诊，经治疗未见明显好转，3天前家属自觉症状加重，伴呼吸憋喘，症状持续无缓解，今日为求中西医结合诊治，来我院急诊门诊，为进一步诊治予收入院。入院时：意识不清，精神差，肢体不遂，时有咳嗽，憋喘，痰多，色白，无发热，夜寐欠安，保留鼻饲，保留导尿，大便干结难解，舌紫，苔白腻，脉弦。,神志不清，精神差，形体适中，语言不能，口唇发绀；皮肤苍白，无斑疹。头颅大小形态正常，无目窼下陷，白睛无黄染，耳轮正常，无耳瘘及生疮；颈部对称，无青筋暴露，无瘿瘤瘰疬，胸部对称，虚里搏动正常，腹部平坦，无癥瘕痞块，爪甲色泽苍白，全身浮肿，舌紫，苔白腻，脉弦。,0,0,0,0,0,0,1,0,0,0,1,痰湿
450301,train,痰湿蕴肺证,auto,"反复咳喘3年余,加重1月","患者3年余前无明显诱因出现咳嗽、咳痰、喘憋，于当地医院就诊，予以对症治疗后改善。此后期间，患者咳嗽、咳痰及喘憋症状反复发作，多在受凉及季节交替时加重，每年发作时间超过3个月，多次因病情加重于当地医院就诊，诊断为“慢性阻塞性肺疾病”，予以药物化痰、止喘及消炎等对症治疗后改善。患者1月前受凉后出现咳嗽,咳痰,憋喘，咳白色粘液痰，无畏寒寒颤,无腹痛腹泻,无明显胸闷胸痛。查肺功能示肺活量及用力肺活量下降，残总比升高，MVV97.7%，肺弥散功能正常，支气管舒张试验+。诊断支气管哮喘。噻托溴铵、信必可吸入，孟鲁司特钠咀嚼片嚼服。患者仍有咳嗽咳痰,痰白量少,时有咽痒，无喉间喘鸣,夜间咳嗽较明显,无夜间憋醒,时有胸闷，双下肢无肿。遂至我院门诊就诊，门诊拟“慢性阻塞性肺病急性加重”收入院。病来患者神清，精神可，饮食睡眠可，大小便正常，双下肢无水肿。",神志清晰，精神尚可，形体适中，语言清晰，口唇红润；皮肤正常，无斑疹。头颅大小形态正常，无目窼下陷，白睛无黄染，耳轮正常，无耳瘘及生疮；颈部对称，无青筋暴露，无瘿瘤瘰疬，胸部对称，虚里搏动正常，腹部平坦，无癥瘕痞块，爪甲色泽红润，双下肢无浮肿，舌淡红，苔白，脉浮。,0,0,0,0,0,0,1,0,0,0,1,痰湿
480533,train,肝经湿热证,auto,上腹部疼痛剧烈一天,患者于昨晚突然出现上腹部疼痛，伴恶心呕吐，嗳气反酸不适，无发热，遂至当地医院就诊行彩超检查示：胆囊结石伴急性胆囊炎，血常规示：白细胞：19*10~9/l，当地予以抗感染治疗，疼痛症状无缓解，遂急来我院就诊，于门诊查胸部CT示：两肺未见明确异常，胆囊结石，血常规示：白细胞：21.86*10~9/l，中性细胞比率：90.90%，门诊医师拟“胆囊结石伴急性胆囊炎”入住我科。患者现上腹部疼痛剧烈，纳差，伴恶心呕吐，低热，二便正常，无黄疸，无呕血、黑便，无腹泻、腹胀，舌红苔薄白，脉弦紧。,神志清晰，精神尚可，形体适中，语言清晰，口唇红润；皮肤正常，无斑疹。头颅大小形态正常，无目窼下陷，白睛无黄染，耳轮正常，无耳瘘及生疮；颈部对称，无青筋暴露，无瘿瘤瘰疬，胸部对称，虚里搏动正常，腹部平坦，无癥瘕痞块，爪甲色泽红润，双下肢无浮肿，舌淡红，苔白，脉弦。,0,0,0,0,0,0,0,1,0,0,1,湿热
438874,train,气滞血瘀证,auto,肛痛便血2天。,"患者于入院前2天，出现因过食辛辣之品而致大便干结，努挣而下后感肛门疼痛，便血，色鲜红，量少，疼痛呈间歇性发作,未予治疗，症情反复发作渐加重，遂来本院求治。刻下：肛门疼痛，便后尤甚，坐卧不宁，行走不利。大便，日行1次，质软，排出畅，伴便血，量少，色鲜红，无排便不尽及肛门坠胀感，无粘液便，小溲畅，无发热恶寒。纳食可，夜寐尚可，舌红，苔黄，脉滑数。",神志清晰，精神尚可，形体形体适中，语言清晰，口唇红润；皮肤正常，无斑疹。头颅大小形态正常，无目窼下陷，白睛无黄染，耳轮正常，无耳瘘及生疮；颈部对称，无青筋暴露，无瘿瘤瘰疬，胸部对称，虚里搏动正常，腹部平坦，无癥瘕痞块，爪甲色泽红润，双下肢无浮肿，舌红，苔黄，脉滑数。,0,0,0,0,1,1,0,0,0,0,2,气滞|血瘀
447057,train,湿热瘀阻证,auto,未避孕未孕2年余。,"患者平素月经不规则，7/30-90天，量中等，色红，无血块，婚前痛经，现无痛经，G1P1，未避孕。2016年7月顺产1女，2017年10月停哺乳后月经来潮1次，后月经停闭，2018年初至我院门诊治疗，口服中药及黄体酮胶囊调经治疗，患者有生育要求，于我院门诊促排卵治疗并指导受孕，男方检查未见明显异常，近1年余一直未孕，2019-06-17于我院门诊查子宫输卵管超声造影示：子宫前位，宫体大小形态正常，表面光滑，肌层回声均匀，内膜厚5.2mm，宫腔三维成像：厚薄均匀一致，宫腔线居中，内膜呈倒三角形，双侧宫角可显示，形态正常，宫腔内未见明显占位，左卵巢大小37*25mm，右卵巢大小30*23mm，双卵巢形态正常，内见十余枚小卵泡回声，子宫直肠窝未见液性暗区，四维输卵管超声造影：宫腔注入生理盐水约5ml，宫腔显示好，双侧宫角可显示，后注入声诺维造影剂稀释液约20ml，推注时阻力低，右侧输卵管全程显影，走形自然，远端折曲，左侧输卵管显影较右侧输卵管慢，走形尚自然，双侧输卵管欠光滑,双侧附件区造影剂弥散良好，提示双卵巢多囊待排，四维输卵管造影提示：双侧输卵管尚通(管腔欠光滑 炎症待排)。2019年8月于我院门诊促排卵治疗后未受孕，LMP：2019-09-15（口服黄体酮撤药），量色同平素，经净3天，否认性生活；现患者为求进一步诊治，由门诊拟“女性不孕病”收住入院。刻下：患者一般情况可，无阴道流血，无腹痛腰酸，无发热恶寒，无阴道异常出血，纳食可，夜寐安，二便调畅，舌暗红，苔黄腻，脉滑数。",神志清晰，精神尚可，形体适中，语言清晰，口唇红润；皮肤正常，无斑疹。头颅大小形态正常，无目窼下陷，白睛无黄染，耳轮正常，无耳瘘及生疮；颈部对称，无青筋暴露，无瘿瘤瘰疬，胸部对称，虚里搏动正常，腹部平坦，无癥瘕痞块，爪甲色泽红润，双下肢无浮肿，舌淡红，苔白，脉弦。,0,0,0,0,0,0,0,1,0,0,1,湿热
485220,train,气阴亏虚证,auto,口渴多饮间作2月，左侧眉骨间断疼痛1周,"患者于今年10月在徐州市中心医院神经内科住院期间查空腹血糖11mmol/L，餐后血糖16mmol/L，诊断为糖尿病。目前降糖方案：“二甲双胍0.5g 2/日，阿卡波糖 50mg 2/日”，空腹血糖波动在6-7mmol/L,餐后血糖波动在6.5-8mmol/L,HbAlc7.9%。1周来，患者感口渴多饮症状加重，左侧眉骨间断疼痛，视物欠清，为求进一步治疗入住我科。现症：口干多饮，左侧眉骨疼痛，视物模糊，纳可，二便调，夜寐差。近期无明显消瘦及肥胖。",神志清晰，精神尚可，形体适中，语言清晰，口唇淡红；皮肤正常，无斑疹。头颅大小形态正常，无目窼下陷，白睛无黄染，耳轮正常，无耳瘘及生疮；颈部对称，无青筋暴露，无瘿瘤瘰疬，胸部对称，虚里搏动正常，腹部平坦，无癥瘕痞块，爪甲色泽淡红，双下肢无浮肿，舌淡红，苔白，脉细。,1,0,1,0,0,0,0,0,0,0,2,阴虚|气虚
480946,train,气虚血瘀证,auto,头晕间作伴右下肢无力2周,患者于2周前无明显诱因出现头晕间作伴右下肢无力，症状持续不缓解，期间无头痛，无视物旋转，无恶心呕吐，时有胸闷，今为求进一步治疗由门诊收入院，入院证见：神志清，精神一般，头晕，右下肢无力，无视物旋转，无恶心呕吐，无头痛，言语不利，行走尚可，无心慌胸闷，无恶寒发热，无咳嗽及咳痰，平素饮食睡眠一般，小便频，大便能解。舌淡紫，苔薄白，脉弦细。,神志清晰，精神尚可，形体适中，语言清晰，口唇红润；皮肤正常，无斑疹。头颅大小形态正常，无目窼下陷，白睛无黄染，耳轮正常，无耳瘘及生疮；颈部对称，无青筋暴露，无瘿瘤瘰疬，胸部对称，虚里搏动正常，腹部平坦，无癥瘕痞块，爪甲色泽红润，双下肢无浮肿，舌淡紫，苔薄白，脉弦细。,1,0,0,0,0,1,0,0,0,0,2,血瘀|气虚
454316,train,肾虚证,auto,停经51天，要求终止妊娠。,患者平素月经周期规律，7/30-40天，月经量中，色红，血块少许，无痛经，G5P2，人工流产2次，剖宫产2子。患者末次月经2019-10-07，7天净，量色质如常，10-17日患者月经逾期未至测尿妊娠阳性，半月前患者无明显诱因出现下腹隐痛不适，伴阴道少量流血，今日至我院门诊就诊查彩超示：宫内见32*18*14mm孕囊，囊内见可见卵黄囊，胚芽（长约3mm）及原始心管搏动，双侧卵巢大小形态正常），患者因个人原因要求终止妊娠，现为求进一步综合治疗，由门诊收入院。刻下：患者小腹隐痛偶作，阴道少量褐色分泌物，无心慌胸闷，无肛门下坠感，无寒热往来，偶有恶心不适，无呕吐，纳食欠佳，寐安，二便调畅，舌淡红，苔白，脉沉滑。,神志清晰，精神尚可，形体适中，语言清晰，口唇红润；皮肤正常，无斑疹。头颅大小形态正常，无目窼下陷，白睛无黄染，耳轮正常，无耳瘘及生疮；颈部对称，无青筋暴露，无瘿瘤瘰疬，胸部对称，虚里搏动正常，腹部平坦，无癥瘕痞块，爪甲色泽红润，双下肢无浮肿，舌淡红，苔白，脉沉滑。,1,0,0,1,0,0,0,0,0,0,2,阳虚|气虚
461589,train,气虚血瘀证,auto,头晕伴双下肢乏力半月余,患者近半月，自觉头晕间作，双下肢乏力，行走后明显，休息后好转，行走距离稍远即双下肢酸痛，左下肢明显，今为求进一步中西医结合治疗，至我院就诊，门诊急查血常规未见明显异常，肺部CT排除新冠肺炎，收入我科。入院时，患者神志清楚，精神欠佳，头晕间作，双下肢乏力，酸痛，行走后明显，休息后稍缓解，四肢大小关节疼痛，呈游走性，未见明显红肿，双手指间关节可见肿大，纳寐尚可，二便调，舌暗红，苔白，脉弦涩。,神志清晰，精神欠佳，形体适中，语言清晰，口唇红润；皮肤正常，无斑疹。头颅大小形态正常，无目窼下陷，白睛无黄染，耳轮正常，无耳瘘及生疮；颈部对称，无青筋暴露，无瘿瘤瘰疬，胸部对称，虚里搏动正常，腹部平坦，无癥瘕痞块，爪甲色泽苍白，双下肢无浮肿，舌暗红，苔白，脉弦涩。,1,0,0,0,0,1,0,0,0,0,2,血瘀|气虚
430204,train,气虚血瘀证,auto,发现血糖升高19年，肢体麻木加重1月。,患者19年前因膀胱肿瘤化疗住院时发现血糖升高，经复查后诊断为2型糖尿病。曾服用二甲双胍、格列美脲等多种降糖药物（具体不详），2007年因血糖控制欠佳改为胰岛素治疗，目前降糖方案：“来得时22U 22：00皮下注射、门冬胰岛素早14U中14U晚14U饭前皮下注射、二甲双胍缓释片0.5 bid”。病程中，因多次查尿蛋白阳性，诊断为糖尿病肾病。因肢体麻木、肌电图异常，诊断为糖尿病周围神经病变。近1月患者自觉肢体麻木明显，遂至我院门诊就诊，今为求进一步中西医结合系统诊治收入我区。目前：患者神清，精神尚可，稍有口干多饮，体倦乏力，双上肢麻木疼痛，左侧尤甚，右下肢麻木时作，肩颈僵硬不舒，疼痛时作，腰痛，时有咳嗽咳痰，纳食可，夜寐差，小便有泡沫，大便正常。无头晕头痛，无恶寒发热，无咳嗽咳痰，无恶心呕吐，双下肢无浮肿，近期体重无明显改变。,神志清晰，精神尚可，形体偏胖，语言清晰，口唇红润；皮肤正常，无斑疹。头颅大小形态正常，无目窼下陷，白睛无黄染，耳轮正常，无耳瘘及生疮；颈部对称，无青筋暴露，无瘿瘤瘰疬，胸部对称，虚里搏动正常，腹部平坦，无癥瘕痞块，爪甲色泽红润，舌暗红，苔白；呼吸如常，无呕吐，无呃逆、嗳气、太息、喷嚏等，无特殊异味；双下肢无浮肿，脉沉细。,1,0,0,0,0,1,0,0,0,0,2,血瘀|气虚
440719,train,风痰阻络证,auto,右侧肢体活动不利半月,"患者半月前无明显诱因出现右侧肢体活动不利，右上肢抬举困难，行走不能,无头晕头痛，无恶心欲吐，无吞咽困难及饮水呛咳，至外院住院治疗（具体不详）后好转出院，现为求中西医结合治疗，收入我科，入院时：患者神清、精神可，右侧肢体活动不利,右上肢抬举有力,行走不能,无吞咽困难及饮水呛咳,纳可,寐安,二便调.",神志清晰，精神尚可，形体适中，语言清晰，口唇红润；皮肤正常，无斑疹。头颅大小形态正常，无目窼下陷，白睛无黄染，耳轮正常，无耳瘘及生疮；颈部对称，无青筋暴露，无瘿瘤瘰疬，胸部对称，虚里搏动正常，腹部平坦，无癥瘕痞块，爪甲色泽红润，双下肢无浮肿，舌淡红，苔白，脉弦细。,0,0,0,0,0,0,1,0,1,0,2,内风|痰湿
490047,train,湿热下注证,auto,间歇性肛旁有脓溢出2年，加重半月,"患者2年前感染而发为脓肿，肛旁肿胀，自服抗菌消炎药物后，其自行溃破，此后间断有脓溢出，反复发作，半月来上述症状加重，肛门疼痛剧烈，行走不便，由门诊拟“肛瘘伴脓肿形成、混合痔”收入我区，收入我区。刻下：无发热咳嗽，肛旁有脓液溢出，疼痛难忍，大便排出费力，肛门坠胀不适,活动受限，纳寐欠安。",神志清晰，精神尚可，形体形体适中，语言清晰，口唇红润；皮肤正常，无斑疹。头颅大小形态正常，无目窼下陷，无白睛，耳轮正常，无耳瘘及生疮；颈部对称，无青筋暴露，无瘿瘤瘰疬，胸部对称，虚里搏动正常，腹部平坦，无癥瘕痞块，爪甲色泽红润，双下肢无浮肿，舌红，苔黄，脉平和。,0,0,0,0,0,0,0,1,0,0,1,湿热
427386,train,湿热下注证,auto,肛内肿物外脱伴肿痛半月,"患者于入院前半月，出现因食辛辣醇厚且劳累后出现肛缘肿痛伴肛内肿物脱出,未予治疗，症情反复发作渐加重，遂来本院求治。刻下：肛内之物外脱，大便日行1次，质软，排出畅，无便血，无排便不尽及肛门坠胀感，无粘液便，小溲畅，无发热恶寒。纳食可，夜寐尚可，舌红，苔黄，脉滑数。",神志清晰，精神尚可，形体适中，语言清晰，口唇红润；皮肤正常，无斑疹。头颅大小形态正常，无目窼下陷，白睛无黄染，耳轮正常，无耳瘘及生疮；颈部对称，无青筋暴露，无瘿瘤瘰疬，胸部对称，虚里搏动正常，腹部平坦，无癥瘕痞块，爪甲色泽红润，双下肢无浮肿，舌淡红，苔白，脉滑数。,0,0,0,0,0,0,0,1,0,0,1,湿热
471102,train,心血亏虚证,auto,反复头晕8天，伴晕厥2次,患者8天前开始，反复出现头晕不适，伴头昏黑曚，活动后加重，病程中曾出现晕厥猝倒2次，伴有意识丧失、呼之不应、口唇发绀，无四肢强直、抽搐症状，无大汗及面色发绀，无二便失禁及呕吐症状，症状发作持续时间约2-3分钟后自行缓解，缓解后仍感天旋地转及黑矇感，120送至徐医附院测血压97/57mmHg，未予特殊治疗。2天前患者再感头晕不适较前加重，伴头晕黑曚，胸闷不适，乏力气短，无胸痛放射痛，患者不能耐受，为求进一步系统诊治，遂至我院就诊，门诊收住入院。患者头晕头昏时作，无胸痛放射痛，无咳嗽咳痰，无恶心呕吐，无腹胀腹泻，胃纳尚可，夜寐欠佳，二便调。,神志清晰，精神尚可，形体适中，语言清晰，口唇发绀；皮肤正常，无斑疹。头颅大小形态正常，无目窼下陷，白睛无黄染，耳轮正常，无耳瘘及生疮；颈部对称，无青筋暴露，无瘿瘤瘰疬，胸部对称，虚里搏动异常，腹部平坦，无癥瘕痞块，爪甲色泽红润，双下肢无浮肿。,0,1,0,0,0,0,0,0,0,0,1,血虚
480688,train,风痰阻络证,auto,言语欠利伴右侧肢体无力2月余,患者诉8月23号无明显诱因下突发言语不利及右侧肢体无力，至徐州市中心医院查头颅检查示脑出血，约20ml左右，予保守治疗后，现仍有言语欠利及右侧肢体无力，今为求进一步治疗由门诊收入院，入院证见：神志清，精神一般，言语欠利，右侧肢体活动不利，无头晕及头痛，咳嗽咳痰不显，无发热，饮食睡眠一般，小便频，大便能解。,神志清晰，精神欠佳，形体适中，语言欠利，口唇红润；皮肤正常，无斑疹。头颅大小形态正常，无目窼下陷，白睛无黄染，耳轮正常，无耳瘘及生疮；颈部对称，无青筋暴露，无瘿瘤瘰疬，胸部对称，虚里搏动正常，腹部平坦，无癥瘕痞块，爪甲色泽红润，双下肢无浮肿，舌暗，苔白，脉弦滑。,0,0,0,0,0,0,1,0,1,0,2,内风|痰湿
440388,test,热毒蕴结证,auto,肛旁肿痛3天,"患者于2019-5-20因“肛周脓肿”于当地医院行手术治疗（具体术式不详），病情好转后出院，3天前无明显诱因肛周再次出现肿痛,，肿痛剧烈，行走不利，遂来本院求治。刻下：肛旁肿胀疼痛剧烈，坐卧不宁，行走不利。大便日行1次，质软，排出畅，无便血，无排便不尽及肛门坠胀感，无粘液便，小溲畅，无发热恶寒。纳食可，夜寐尚可，舌红，苔黄，脉滑数。",神志清晰，精神尚可，形体适中，语言清晰，口唇红润；皮肤正常，无斑疹。头颅大小形态正常，无目窼下陷，白睛无黄染，耳轮正常，无耳瘘及生疮；颈部对称，无青筋暴露，无瘿瘤瘰疬，胸部对称，虚里搏动正常，腹部平坦，无癥瘕痞块，爪甲色泽红润，双下肢无浮肿，舌淡红，苔白，脉滑数。,0,0,0,0,0,0,0,0,0,1,1,实热
462118,train,气血亏虚证,auto,双下肢麻木3月余,患者于2018年12月25日因左侧肢体麻木无力至山东省济宁医院就诊，查颈椎MR，腰椎穿刺明确诊断：颈髓脱髓鞘病变，予激素冲击及丙球治疗效果不佳，后自行至民间寻求康复治疗，治疗效果尚可，但病情反复发作；3月前患者出现双下肢麻木不适，今为求进一步中西医结合治疗，遂至我院门诊，门诊排除新冠肺炎予收入我科；刻下：神清，精神可，左侧面部麻木不适，右侧腹部时有麻木，双下肢麻木不适，右下肢无力，行走欠利，饮食可，二便可，夜寐可。,神志清晰，精神尚可，形体适中，语言清晰，口唇红润；皮肤正常，无斑疹。头颅大小形态正常，无目窼下陷，白睛无黄染，耳轮正常，无耳瘘及生疮；颈部对称，无青筋暴露，无瘿瘤瘰疬，胸部对称，虚里搏动正常，腹部平坦，无癥瘕痞块，爪甲色泽红润，双下肢无浮肿，舌淡红，苔白，脉濡。,1,1,0,0,0,0,0,0,0,0,2,血虚|气虚
458509,train,气虚血瘀证,auto,反复头晕4年余，加重1周。,患者4年余无明显诱因下出现头晕，无头胀头痛，无恶心呕吐，无黑矇晕厥，于当地社区医院多次测血压大于140/90mmHg，最高达150/110mmHg，患者未予重视，未服药治疗。近1周患者自觉头晕较前加重，休息后缓解不显，无行走不稳，遂就诊于我院门诊，予测血压170/110mmHg，为求进一步系统治疗，由吗，门诊收住我科。入院时：患者头晕间作，无胸痛心慌，无黑矇晕厥，无行走不稳，无咳嗽咳痰，无恶心呕吐，无腹痛腹胀，食纳可，二便尚调，夜寐尚可。,神志清晰，精神尚可，形体适中，语言清晰，口唇红润；皮肤正常，无斑疹。头颅大小形态正常，无目窼下陷，白睛无黄染，耳轮正常，无耳瘘及生疮；颈部对称，无青筋暴露，无瘿瘤瘰疬，胸部对称，虚里搏动正常，腹部平坦，无癥瘕痞块，爪甲色泽红润，双下肢无浮肿，舌紫暗，苔白微腻，脉弦。,1,0,0,0,0,1,0,0,0,0,2,血瘀|气虚
459435,train,正虚瘀结证,auto,确诊左肺腺癌6月余，靶向治疗中。,患者2019-06-26因“发现肺占位5月余”入住我院呼吸科，查肺部CT示左肺下叶病变部位较前增大，建议增强，必要时穿刺，肝内转移瘤可能性大。上腹部CT示：肝右叶多发转移瘤，较前（2019-1-14）新见。胸9椎体左侧成骨性转移瘤可能，较前增大。建议 随诊复查。行肺穿刺活检涂片：查到癌细胞，（左上肺）考虑为腺癌。免疫组化检测：CK7 +; TTF-1 +;  Napsin+;  CK5/6 -; P40 -; P63 -;  CDX2 -;  CK8 +;  Ki67 30%+;  WT1 -;  CK19 +; P53++.（左上肺）免疫组化检测结果符合肺腺癌。排除禁忌，于2019-07-10予培美曲塞、顺铂化疗，具体方案为：培美曲塞0.9g d1，d8+顺铂120mg d1，患者因不能耐受副作用拒绝培美曲塞后半程化疗，经治病情好转出院。2019-07患者行基因检测，自诉存在EGFR突变（未见报告），后于2019-07-20予以易瑞可靶向治疗，无明显副作用，后定期复查，病情稳定，末次复查时间为2019-12-23。现患者为求进一步治疗收入我科。入院时：患者一般状况可，轻微乏力，无恶寒、发热，无咳嗽、咳痰，无胸闷、心慌，无腹痛、腹泻，睡眠尚可，大小便正常。,神志清晰，精神差，形体偏瘦，语言含糊，口唇红润；皮肤正常，无斑疹。头颅大小形态正常，无目窼下陷，白睛无黄染，耳轮正常，无耳瘘及生疮；颈部对称，无青筋暴露，无瘿瘤瘰疬，胸部对称，虚里搏动正常，腹部平坦，无癥瘕痞块，爪甲色泽苍白，双下肢无浮肿，舌淡红，苔白，脉细。,1,0,0,0,0,1,0,0,0,0,2,血瘀|气虚
487488,test,气滞血瘀证,auto,腰痛时作10余年，加重2天,患者10余年前无明显诱因出现腰痛，无大腿外侧酸痛，曾与当地医院诊断为“腰椎间盘突出”，曾多次行康复理疗治疗，症情时好时坏，2天患者突感腰部不适，不能长时间端坐、站立，左下肢内侧麻木、酸胀，现患者为求进一步明确诊疗遂由门诊收住入院，入院时：患者神情，精神尚可，腰部不适，不能长时间端坐、站立，左下肢内侧麻木、酸胀，左足麻木，头胀偶作，左侧耳鸣，心慌阵作，心前区不适偶作，无恶心呕吐，无胸闷胸痛，无咳嗽咯痰，无腹痛腹泻，纳寐一般，二便尚调，舌质红，苔白，脉弦细。,神志清晰，精神尚可，形体适中，语言清晰，口唇红润；皮肤正常，无斑疹。头颅大小形态正常，无目窼下陷，无白睛，耳轮正常，无耳瘘及生疮；颈部对称，无青筋暴露，无瘿瘤瘰疬，胸部对称，虚里搏动正常，腹部膨隆，无癥瘕痞块，爪甲色泽：淡红，双下肢对称，舌淡紫，苔白，脉细。,0,0,0,0,1,1,0,0,0,0,2,气滞|血瘀
433073,train,湿热下注证,auto,肛旁间作流脓液2天,患者2天来无明显诱因下出现肛旁间作流脓液，未予治疗，大便1日1次，大便质软，排出畅，无便血，无粘液便，无里急后重及排便不尽感，小溲畅，无发热恶寒。纳食可，夜寐尚可。舌淡红，苔白，脉数。,神志清晰，精神尚可，形体适中，语言清晰，口唇红润；皮肤正常，无斑疹。头颅大小形态正常，无目窼下陷，白睛无黄染，耳轮正常，无耳瘘及生疮；颈部对称，无青筋暴露，无瘿瘤瘰疬，胸部对称，虚里搏动正常，腹部平坦，无癥瘕痞块，爪甲色泽红润，双下肢无浮肿，舌淡红，苔白，脉数。,0,0,0,0,0,0,0,1,0,0,1,湿热
435851,train,气虚血瘀证,auto,口干多饮间作12年，加重伴足趾麻木2月,患者2007年因口干多饮在市一院查血糖升高，经复查诊断为2型糖尿病。曾注射胰岛素治疗，后改为口服药物，近期2月来口干多饮明显加重，且近期2月来，口干多饮明显加重，时有足趾麻木针刺感。现以“拜唐苹50mg tid”降糖，平时疏于监测血糖。病程中患者口干多饮间作，近期口干多饮加重，体倦乏力，偶有头晕，下肢酸软无力，视物模糊，夜寐欠安，时有足趾麻木针刺感，双下肢无浮肿。,神志清晰，精神尚可，形体适中，语言清晰，口唇红润；皮肤正常，无斑疹。头颅大小形态正常，无目窼下陷，无白睛，耳轮正常，无耳瘘及生疮；颈部对称，无青筋暴露，无瘿瘤瘰疬，胸部对称，虚里搏动正常，腹部平坦，无癥瘕痞块，爪甲色泽红润，双下肢无浮肿，舌淡紫，少苔，脉沉细。,1,0,0,0,0,1,0,0,0,0,2,血瘀|气虚
423463,test,气虚血瘀证,auto,"反复头晕头昏1年,又作10天",患者1年前无明显诱因头晕头昏，头重如裹，予外院就诊，诊断“脑梗塞”，予输液治疗，症状反复发作，10天前患者突感头晕频作，头昏，头重如裹，肢体乏力，双下肢为著，胸闷阵作，心慌偶作，无胸痛放射痛，伴气短，遂至我院门诊就诊，今为进一步检查治疗收住入院。病程中患者无恶寒发热，无晕厥黑朦，无恶心呕吐，无夜间憋醒，无腹胀腹痛，无四肢抽搐，纳食一般，夜寐一般，二便尚调。,神志清晰，精神欠佳，形体适中，语言清晰，口唇发绀；皮肤正常，无斑疹。头颅大小形态正常，无目窼下陷，白睛无黄染，耳轮正常，无耳瘘及生疮；颈部对称，无青筋暴露，无瘿瘤瘰疬，胸部对称，虚里搏动正常，腹部膨隆，无癥瘕痞块，爪甲色泽红润，双下肢无浮肿，舌淡紫，苔白，脉细。,1,0,0,0,0,1,0,0,0,0,2,血瘀|气虚
470611,train,肝肾阴虚证,auto,全身酸痛不适2月,患者2月来无明显诱因出现全身酸痛不适，腰部为著。目前患者无发热，无双下肢麻木，无肢体活动障碍，无咳嗽咳痰，无胸闷，纳可，睡眠可，小便量正常，大便畅。为求进一步诊治入住我科。病程中时感全身酸痛不适，偶有头晕，无心慌胸闷，无口渴多饮，无食欲亢进，无晨僵，无发热，饮食、睡眠可，二便调。,神志清晰，精神尚可，形体偏胖，语言清晰，口唇淡红；皮肤正常，无斑疹。头颅大小形态正常，无目窼下陷，白睛无黄染，耳轮正常，无耳瘘及生疮；颈部对称，无青筋暴露，无瘿瘤瘰疬，胸部对称，虚里搏动正常，腹部平坦，无癥瘕痞块，爪甲色泽淡红，双下肢无浮肿，舌红少苔，脉细数。,0,0,1,0,0,0,0,0,0,0,1,阴虚
472550,train,风痰阻络证,auto,右下肢麻木无力伴口角流涎2周,患者于2周前无明显诱因出现右下肢麻木无力伴口角流涎，头胀痛，无头晕，无恶心呕吐，无行走不稳，症状持续不缓解，遂来我院门诊，为进一步诊治，予收入住院，入院症状：神志清晰，精神欠佳，右下肢麻木无力伴口角流涎，头胀痛，无头晕，无恶心呕吐，无行走不稳，无言语不利，夜寐易醒，饮食尚可，小便调，大便偏稀。体力体重近期无明显变化，舌红，苔白微腻，脉细。,神志清晰，精神欠佳，形体适中，语言清晰，口唇红润；皮肤正常，无斑疹。头颅大小形态正常，无目窼下陷，白睛无黄染，耳轮正常，无耳瘘及生疮；颈部对称，无青筋暴露，无瘿瘤瘰疬，胸部对称，虚里搏动正常，腹部平坦，无癥瘕痞块，爪甲色泽红润，双下肢无浮肿，舌红，苔白微腻，脉细。,0,0,0,0,0,0,1,0,1,0,2,内风|痰湿
455306,train,风痰阻络证,auto,左上肢麻木3天,患者3天前无明显诱因出现左上肢麻木，无肢体活动不利，无头晕头痛，无恶心欲吐，无吞咽困难及饮水呛咳，遂至我院就诊，入院时：患者神清、精神可，左上肢麻木，无肢体活动不利，无头晕头痛，无吞咽困难及饮水呛咳，纳可，寐安，二便调。,神志清晰，精神尚可，形体适中，语言清晰，口唇红润；皮肤正常，无斑疹。头颅大小形态正常，无目窼下陷，白睛无黄染，耳轮正常，无耳瘘及生疮；颈部对称，无青筋暴露，无瘿瘤瘰疬，胸部对称，虚里搏动正常，腹部平坦，无癥瘕痞块，爪甲色泽红润，双下肢无浮肿，舌淡红，苔白，脉弦。,0,0,0,0,0,0,1,0,1,0,2,内风|痰湿
441642,train,肝胃不和证,auto,孕11W+，恶心呕吐反复间作7天，加重2天,"患者平素欠月经规则，7/30-60天，经量中，色红，偶有血块，无痛经，G0P0,LMP：2019-05-04，量色质如常。孕期偶有下腹部疼痛症状，规律于我院就诊保胎治疗。患者7天前无明显诱因恶心不适，食量减少。2天前症状加重，食入即吐，甚至饮水即吐。遂07-30至我院妇科门诊就诊，查尿常规 酮体3+，妇科彩超：胎儿头臀长47mm，NT1.2mm，胎儿心率174bpm，羊水最大深度44mm，胎盘附着部位，前壁，厚11mm。胎儿头颈部：颅骨呈椭圆形强回声环，脑线居中，侧脑室内几乎充满脉络丛，脉络丛左右对称。胎儿腹壁完整，静脉导管频谱未见反向。提示：宫内早孕，存活，NT1.2MM，孕周11W。建议患者住院治疗，现患者为求进一步综合治疗，由门诊拟“妊娠剧吐”收入我科，刻下：患者神清，精神可，无心慌胸闷，稍乏力，无下腹隐痛，无腰酸，无阴道流血，恶心呕吐频作，食入即吐，无寒热往来，纳眠可，小便尚调畅，大便2日未行。",神志清晰，精神尚可，形体适中，语言清晰，口唇红润；皮肤正常，无斑疹。头颅大小形态正常，无目窼下陷，白睛无黄染，耳轮正常，无耳瘘及生疮；颈部对称，无青筋暴露，无瘿瘤瘰疬，胸部对称，虚里搏动正常，腹部平坦，无癥瘕痞块，爪甲色泽红润，双下肢无浮肿，舌红，苔薄黄，脉弦滑。,0,0,0,0,1,0,0,0,0,0,1,气滞
464780,train,湿热下注证,auto,肛内肿物外脱伴瘙痒2年。,"患者于入院前2年，出现因食辛辣醇厚且劳累后出现肛缘肿痛伴肛内肿物脱出,伴瘙痒，未予治疗，症情反复发作渐加重，遂来本院求治。刻下：肛内肿物脱出伴肿缘疼痛，坐卧不宁，行走不利。大便1-2日/行，质软，排出不畅，偶伴便血，量少，色鲜红，无排便不尽及肛门坠胀感，无粘液便，小溲畅，无发热恶寒。纳食可，夜寐尚可，舌红，苔黄，脉滑数。",神志清晰，精神尚可，形体形体适中，语言清晰，口唇红润；皮肤正常，无斑疹。头颅大小形态正常，无目窼下陷，白睛无黄染，耳轮正常，无耳瘘及生疮；颈部对称，无青筋暴露，无瘿瘤瘰疬，胸部对称，虚里搏动正常，腹部平坦，无癥瘕痞块，爪甲色泽红润，双下肢无浮肿，舌红，苔黄，脉滑数。,0,0,0,0,0,0,0,1,0,0,1,湿热
430209,train,湿热下注证,auto,肛内肿物外脱伴肿痛20余天。,"患者20天来反复出现肛内肿物外脱伴肿痛,未予治疗，大便一日一行，质硬，排出不畅，伴便血，鲜血，量多，无排便不尽及肛门坠胀感，无粘液便，小溲畅，无发热恶寒。纳食可，夜寐尚可。舌淡红，苔白，脉数。",神志清晰，精神尚可，形体适中，语言清晰，口唇红润；皮肤正常，无斑疹。头颅大小形态正常，无目窼下陷，白睛无黄染，耳轮正常，无耳瘘及生疮；颈部对称，无青筋暴露，无瘿瘤瘰疬，胸部对称，虚里搏动正常，腹部平坦，无癥瘕痞块，爪甲色泽红润，双下肢无浮肿，舌淡红，苔白，脉数。,0,0,0,0,0,0,0,1,0,0,1,湿热
463306,train,心肾不交证,auto,入睡困难1年余，加重3天,患者1年前无明显诱因出现入睡困难，夜寐梦多，患者未予重视，此后，上述症状反复，间断求治，未见明显好转，3天前患者入睡困难较前加重，甚则整夜不寐，今为求进一步诊治，遂来我院门诊就诊，由门诊收住入科，入院时：患者神志清晰，精神可，入睡困难，夜寐梦多，无头痛、头晕，无恶心、呕吐，无肢体不遂，饮食可，二便正常。,神志清晰，精神尚可，形体适中，语言清晰，口唇红润；皮肤正常，无斑疹。头颅大小形态正常，无目窼下陷，白睛无黄染，耳轮正常，无耳瘘及生疮；颈部对称，无青筋暴露，无瘿瘤瘰疬，胸部对称，虚里搏动正常，腹部平坦，无癥瘕痞块，爪甲色泽红润，双下肢无浮肿，舌淡红，苔白，脉弦。,0,0,1,1,0,0,0,0,0,0,2,阴虚|阳虚
478153,train,气滞血瘀证,auto,右手掌发现黑色皮疹半年。,患者半年前发现右手掌有一小米大小黑色皮疹，境界清楚，无瘙痒不适，逐渐缓慢增大、增多，目前增大至粟粒大小，颜色呈黑褐色，边界不规则，反复摩擦，患者因担心恶变，今遂来我科住院拟手术切除治疗。患者否认近14天湖北疫区及本地发病区接触史，否认近14天新冠肺炎病人接触史，否认近14天接触过来自武汉市及周边或境内、境外疫情严重地区发热有呼吸道症状的患者，否认近14天发热、咳嗽、腹泻，查肺部CT未见明显异常，排除新冠肺炎，遂收入院系统治疗。入院时患者精神及纳食尚可，夜寐安，二便自调。,"神志清晰，精神尚可，形体适中，语言清晰，口唇红润；皮肤同前，有斑疹。头颅大小形态正常，无目窼下陷，白睛无黄染，耳轮正常，无耳瘘及生疮；颈部对称，无青筋暴露，无瘿瘤瘰疬，胸部对称，虚里搏动正常，腹部平坦，无癥瘕痞块，爪甲色泽红润，双下肢无浮肿，舌质暗红,苔薄白,脉涩。",0,0,0,0,1,1,0,0,0,0,2,气滞|血瘀
480069,train,湿热下注证,auto,肛内肿物外脱伴肿痛3天,"患者于入院3天前劳累后出肛内肿物外脱伴肿痛,未予治疗，症情反复发作渐加重，遂来本院求治。刻下：肛内肿物脱出伴肿缘疼痛，大便1-3日1行，质硬，排出不畅，无便血，无排便不尽及肛门坠胀感，无粘液便，小溲畅，无发热恶寒。纳食可，夜寐尚可，舌红，苔黄，脉滑数。",神志清晰，精神尚可，形体适中，语言清晰，口唇红润；皮肤正常，无斑疹。头颅大小形态正常，无目窼下陷，白睛无黄染，耳轮正常，无耳瘘及生疮；颈部对称，无青筋暴露，无瘿瘤瘰疬，胸部对称，虚里搏动正常，腹部平坦，无癥瘕痞块，爪甲色泽红润，双下肢无浮肿，舌淡红，苔白，脉数。,0,0,0,0,0,0,0,1,0,0,1,湿热
477749,train,气虚血瘀证,auto,反复胸闷痛半月余，加重1天。,患者半月余前劳累后出现胸闷痛不适，疼痛部位位于胸骨中下段，伴气短乏力，微汗出，无放射痛，每次持续约3-5分钟，活动时及夜间明显，休息后或服用“硝酸甘油”后症状可减轻，未予重视，症状时有发作。1天前患者于睡眠时上述症状再发，含服硝酸甘油及休息约20分钟后症状逐渐缓解，遂来我科就诊，门诊查胸部CT、血常规及新冠肺炎核酸检测，排除新冠肺炎可能，收治入院。入院时：患者仍有胸闷，无胸痛放射痛，乏力，气短汗出，无发热咳嗽，无一过性黑矇，无恶心呕吐，无咳嗽咳痰，无呼吸困难，无反酸嗳气，无头痛头晕，饮食少，二便尚可，夜寐差。,神志清晰，精神尚可，形体适中，语言清晰，口唇红润；皮肤正常，无斑疹。头颅大小形态正常，无目窼下陷，白睛无黄染，耳轮正常，无耳瘘及生疮；颈部对称，无青筋暴露，无瘿瘤瘰疬，胸部对称，虚里搏动正常，腹部平坦，无癥瘕痞块，爪甲色泽红润，双下肢无浮肿，舌质淡紫，苔薄白，脉虚细涩。,1,0,0,0,0,1,0,0,0,0,2,血瘀|气虚
440927,train,正虚瘀结证,auto,宫颈鳞癌放疗后1月余。,患者2019年初无明显诱因下出现阴道不规则流血，遂于2019-04-02至徐州市妇幼保健院就诊，查阴道镜示：外因所见：未见明显异常；阴道所见：前壁溃疡；醋酸试验前后壁白上皮，碘试验不着色；宫颈所见：宫颈部分可见表面菜花样赘生物，醋酸试验见后白上皮，碘试验不着色。行宫颈活检术+阴道壁活检病理示：（宫颈）鳞状细胞癌，（阴道壁）鳞状细胞癌。后患者至徐州医科大学附属医院住院治疗，行腹部MRI：符合宫颈癌表现，侵犯直肠前壁可能；左侧附件区囊性灶。考虑患者宫颈癌阴道壁、直肠前壁转移，排除禁忌后，于2019-04-10行盆腔放疗，具体：DT PTV：45Gy：1.8Gy/f*25f，期间行腔内治疗2次，后行第二进程外照射，具体：DT10Gy/5f/2Gy，加用腔内后装放疗，末次放疗06-02结束，疗程顺利，未见明显放疗副反应，无明显阴道流血。现患者为求中西医结合治疗收入我科。入院时：轻微乏力，尿频、尿急，余未诉特殊不适，无阴道出血，恶寒发热，无咳嗽咳痰，无腹痛腹泻，食欲尚可，大便尚调，夜寐尚安，双下肢无明显水肿。,神志清晰，精神尚可，形体适中，语言清晰，口唇红润；皮肤正常，无斑疹。头颅大小形态正常，无目窼下陷，白睛无黄染，耳轮正常，无耳瘘及生疮；颈部对称，无青筋暴露，无瘿瘤瘰疬，胸部对称，虚里搏动正常，腹部平坦，无癥瘕痞块，爪甲色泽红润，双下肢无浮肿，舌淡红，苔薄白，脉弦细。,1,0,0,0,0,1,0,0,0,0,2,血瘀|气虚
435426,test,气虚血瘀证,auto,反复胸闷隐痛10年余，加重1天。,患者2009年因胸闷痛就诊于我院行PCI术，术后好转出院，2017年12月胸闷再发行冠脉造影示LM-LAD原支架内未见狭窄；LCX未见明显狭窄；RCA远段PDA近中段80%狭窄。于RCA远段病变处植入支架1枚。今晨患者突然出现胸闷痛，伴下肢无力，遂至我院就诊，为进一步诊治收入我科。入院时：患者心胸憋闷，偶有疼痛，心悸气短，动则益甚，倦怠乏力，声息低微，面色白光白，无恶寒发热，无头晕头痛，无黑矇、晕厥，微汗出，纳可，二便尚调，夜寐尚可。,神志清晰，精神欠佳，形体偏胖，语言清晰，口唇发绀；皮肤正常，无斑疹。头颅大小形态正常，无目窼下陷，白睛无黄染，耳轮正常，无耳瘘及生疮；颈部对称，无青筋暴露，无瘿瘤瘰疬，胸部对称，虚里搏动正常，腹部平坦，无癥瘕痞块，爪甲色泽红润，双下肢无浮肿，舌质淡紫，可见舌体胖且边有齿痕，苔薄白，脉虚细涩或结代。,1,0,0,0,0,1,0,0,0,0,2,血瘀|气虚
477664,train,气滞血瘀证,auto,摔伤致左髋部肿痛活动受限5小时,患者5小时余前下楼梯过程中不慎摔倒，致左髋部疼痛、肿胀、活动受限，经休息无缓解，急诊至当地医院就诊，查左髋部X线：左侧股骨颈骨折，建议上级医院治疗，遂至我院，门诊予查胸部CT:未见明显异常，急诊拟“左侧股骨颈骨折”收入住院。现患者左髋部疼痛，活动受限依然，受伤以来，无意识障碍，无头晕头痛，无胸闷胸痛，无腹胀腹痛，饮食睡眠可，小便正常，大便未解。,神志清晰，精神尚可，形体适中，语言清晰，口唇红润；皮肤正常，无斑疹。头颅大小形态正常，无目窼下陷，白睛无黄染，耳轮正常，无耳瘘及生疮；颈部对称，无青筋暴露，无瘿瘤瘰疬，胸部对称，虚里搏动正常，腹部平坦，无癥瘕痞块，爪甲色泽红润，双下肢无浮肿，舌淡红，苔白，脉弦。,0,0,0,0,1,1,0,0,0,0,2,气滞|血瘀
443061,val,气滞血瘀证,auto,腰痛伴左下肢放射性疼痛麻木3天余,"患者3天前无明显诱因下出现腰痛伴左下肢放射性疼痛，疼痛沿左臀后方，大腿后侧，小腿外侧，咳嗽及大便时患者感左下肢放射性疼痛加重，经休息未能缓解，现为行进一步治疗，来我院门诊就诊，门诊拟“腰椎间盘突出症”收住入院。刻下患者神清，精神可,饮食睡眠可,二便如常。",神志清晰，精神尚可，形体适中，语言清晰，口唇红润；皮肤正常，无斑疹。头颅大小形态正常，无目窼下陷，白睛无黄染，耳轮正常，无耳瘘及生疮；颈部对称，无青筋暴露，无瘿瘤瘰疬，胸部对称，虚里搏动正常，腹部平坦，无癥瘕痞块，爪甲色泽红润，双下肢无浮肿，舌淡红，苔白，脉弦。,0,0,0,0,1,1,0,0,0,0,2,气滞|血瘀
441628,train,气虚血瘀证,auto,双下肢乏力半年，咳嗽1天。,患者近半年开始，出现双下肢无力伴行走欠稳，无明显头痛、头晕等不适，曾于外院诊断为脑梗塞，予以对症治疗后，症状持续未缓解。患者昨日受凉后出现咳嗽咳痰，低热，未测体温，饮食差，未予以特殊处理，今日出现呕吐，为胃内容物，急来我院急诊，急诊以“脑梗塞、肺部感染”收入病区，病程中无意识模糊、无肢体抽搐，刻下患者神清，精神可，双下肢无力，行走欠稳，今日未进饮食，夜寐安，二便正常。舌淡紫，苔白，脉弦。,神志清晰，精神尚可，形体适中，语言清晰，口唇红润；皮肤正常，无斑疹。头颅大小形态正常，无目窼下陷，白睛无黄染，耳轮正常，无耳瘘及生疮；颈部对称，无青筋暴露，无瘿瘤瘰疬，胸部对称，虚里搏动正常，腹部平坦，无癥瘕痞块，爪甲色泽红润，双下肢无浮肿，舌淡红，苔白，脉数。,1,0,0,0,0,1,0,0,0,0,2,血瘀|气虚
473729,train,肝肾不足证,manual_disambiguated,双眼视物不清数年，左眼加重2月,"患者数年无明显诱因自觉双眼视物不清逐渐加重,无眼红眼痛,无畏光流泪,无视物变形,患者未予重视，未进行任何诊治，近2月来，左眼视物不清明显严重，眼前辨容困难，自觉影响日常生活，今来我院眼科求治，门诊检查后，拟以“双眼白内障”收入院。刻下：双眼视物不清，左眼为重，无红不痛，腰膝酸软，时有耳鸣，手足心热，夜寐安，纳佳，二便调。",腰膝酸软，时有耳鸣头晕，神疲乏力，手足心热，舌红苔少，脉细数。,1,1,1,0,0,0,0,0,0,0,3,阴虚|血虚|气虚
474561,train,肝胃郁热证,auto,发现血糖升高2年，加重伴口干多饮2月,患者2年前体检发现血糖升高，空腹血糖达12mmol/L，诊断2型糖尿病，予二甲双胍缓释片0.5g口服1/日、格列美脲片2mg 口服1/日，初始血糖控制尚可，空腹血糖控制在5mmol/l，半年后患者未规律用药，血糖控制欠佳；2月前患者觉口干多饮，空腹血糖达10.88mmol/l，现为求进一步诊疗收入我科。病程中患者口干多饮，视物模糊，急躁易怒，无肢体麻木，无皮肤瘙痒，无头晕头痛，无咳嗽咳痰，无心慌胸闷，小便带泡沫，大便日1次，质可，纳食可，夜寐安。近期体重无明显变化。,望：神志清晰，精神尚可，形体偏胖，语言清晰，口唇红润；皮肤正常，无斑疹。头颅大小形态正常，无目窼下陷，白睛无黄染，耳轮正常，无耳瘘及生疮；颈部对称，无青筋暴露，无瘿瘤瘰疬，胸部对称，虚里搏动正常，腹部平坦，无癥瘕痞块，爪甲色泽红润，舌红，苔黄腻；闻：呼吸如常，无呕吐，无呃逆、嗳气、太息、喷嚏等，无特殊异味。切：双下肢无浮肿，脉弦数。,0,0,0,0,1,0,0,0,0,1,2,气滞|实热
453023,train,气虚血瘀证,auto,反复胸闷心悸4月，加重3天。,患者4月前无明显诱因反复出现胸闷心悸，持续数分钟，活动时加重，休息后可缓解，未予重视，未到医院就诊。3天前患者夜间再次出现胸闷心悸，伴有全身颤抖，乏力，自服速效救心丸，持续约20分钟缓解，遂今日至我院就诊，为进一步治疗收入我科。入院时：患者胸闷、心悸，时作时休，偶有胸痛。心悸气短，易汗出，无明显头晕、头痛，无腹胀、腹痛，无双下肢水肿，纳可，二便尚调，夜寐尚可。,神志清晰，精神尚可，形体适中，语言清晰，口唇红润；皮肤正常，无斑疹。头颅大小形态正常，无目窼下陷，白睛无黄染，耳轮正常，无耳瘘及生疮；颈部对称，无青筋暴露，无瘿瘤瘰疬，胸部对称，虚里搏动正常，腹部平坦，无癥瘕痞块，爪甲色泽红润，双下肢无浮肿，舌质淡紫，苔薄白，脉虚细涩。,1,0,0,0,0,1,0,0,0,0,2,血瘀|气虚
425610,train,气滞血瘀证,auto,经行腹痛2月。,患者月经周期尚规则，28日一行，7天净，量中等，色红，有血块，无痛经，G2P1，平素工具避孕。患者近2月经行腹痛，需服用止痛药止痛，且月经量多，遂于2019年03月07日就诊于矿务局医院，查妇科彩超：子宫体积增大，形态失常，肌层回声不均，内膜显示不清，宫腔探及低回声包块，大小约4.5*5.4cm，回声不均，内呈旋涡状，内可见血流信号，双侧附件区未见明显异常声像，盆腔探及液性暗区，液深约1.0cm，CDFI:未见明显异常血流信号。提示：子宫内粘膜下肌瘤？盆腔积液，请结合临床，LMP：2019-02-24，痛经较重，行经10余天方净，量多，约为既往正常经量的3倍，色红，有血块，于我院查宫腔镜检查：宫底部略突出，质韧、色略白，基底部宽广，可达双侧宫角，经治疗好转后出院。今日患者为行进一步手术治疗，就诊于我院门诊，查妇科检查：阴道后穹隆触痛结节，建议住院，遂由门诊收入院，入院时：患者精神可，无阴道出血，无腹痛腰酸，无恶寒发热，纳寐可，二便调畅。,神志清晰，精神尚可，形体适中，语言清晰，口唇红润；皮肤正常，无斑疹。头颅大小形态正常，无目窼下陷，白睛无黄染，耳轮正常，无耳瘘及生疮；颈部对称，无青筋暴露，无瘿瘤瘰疬，胸部对称，虚里搏动正常，腹部平坦，无癥瘕痞块，爪甲色泽红润，双下肢无浮肿，舌紫黯，苔薄，脉沉涩。,0,0,0,0,1,1,0,0,0,0,2,气滞|血瘀
488103,train,风痰阻络证,auto,头晕伴言语不利1月余。,"患者1月前无明显诱因出现头晕，言语不利，未予重视，症状持续加重未见明显好转，遂至我院门诊就诊，为求中西医结合综合治疗，门诊拟“脑梗死”收治入院。刻下：患者神清，精神欠佳，头晕，无视物旋转,无黑曚,无恶心呕吐,言语不利，口角流涎,行走稍欠稳,无胸闷心慌,无发热恶寒,饮食尚可,二便正常,夜寐佳.舌暗,苔白腻,脉弦。",神志清晰，精神尚可，形体适中，语言清晰，口唇红润；皮肤正常，无斑疹。头颅大小形态正常，无目窼下陷，白睛无黄染，耳轮正常，无耳瘘及生疮；颈部对称，无青筋暴露，无瘿瘤瘰疬，胸部对称，虚里搏动正常，腹部平坦，无癥瘕痞块，爪甲色泽红润，双下肢无浮肿，舌暗，苔白，脉弦滑。,0,0,0,0,0,0,1,0,1,0,2,内风|痰湿
456280,train,脾胃虚寒证,auto,大便欠成形间作三年余,患者三年前无明显诱因出现大便欠成形，日行一次，无粘液脓血，无里急后重，伴肛门坠胀感偶作，受凉后加重，无腹胀，腹部隐痛偶作，排便后缓解，无反酸、嗳气及胸骨后烧灼感，无恶心呕吐，无发热，无咳嗽咳痰，无胸闷憋喘，食欲尚可，食纳欠佳，夜寐尚安，小便调，遂至我院住院治疗，查电子肠镜考虑“慢性结肠炎伴糜烂”，经相关对症治疗后好转出院。3年来患者反复出现大便难解、粪便不成形，经灌肠等治疗后症状好转出院。入院时患者：大便欠成形，日行一次，无粘液脓血，无里急后重，伴肛门坠胀感偶作，无腹胀，无反酸、嗳气及胸骨后烧灼感，腹部隐痛偶作，无腰背部放射痛，无恶心呕吐，无发热，无头晕、心慌、胸闷，面色萎黄，食纳欠佳，夜寐欠安，小便调，舌淡苔白，脉细弱，近期体重无明显变化。,神志清晰，精神尚可，形体形体适中，语言清晰，口唇红润；皮肤正常，无斑疹。头颅大小形态正常，无目窼下陷，白睛无黄染，耳轮正常，无耳瘘及生疮；颈部对称，无青筋暴露，无瘿瘤瘰疬，胸部对称，虚里搏动正常，腹部平坦，无癥瘕痞块，爪甲色泽红润，双下肢无浮肿，舌淡红，苔白，脉细弱。,0,0,0,1,0,0,0,0,0,0,1,阳虚
471624,train,湿热下注证,auto,肛旁肿痛伴脓液外溢3天余。,患者3天前无明显诱因下出现肛缘肿痛伴肛内肿物脱出，且伴脓液外溢，未予治疗，遂来本院求治。刻下：肛旁肿痛伴脓液外溢，坐卧不宁，行走不利，大便无便血，无粘液便，无里急后重及排便不尽感，小溲畅，纳食可，夜寐安和。,神志清晰，精神尚可，形体适中，语言清晰，口唇红润；皮肤正常，无斑疹。头颅大小形态正常，无目窼下陷，白睛无黄染，耳轮正常，无耳瘘及生疮；颈部对称，无青筋暴露，无瘿瘤瘰疬，胸部对称，虚里搏动正常，腹部平坦，无癥瘕痞块，爪甲色泽红润，双下肢无浮肿，舌淡红，苔白，脉弦。,0,0,0,0,0,0,0,1,0,0,1,湿热
421322,train,气滞血瘀证,auto,月经量多20余年，检查发现子宫肌瘤2年,患者月经周期尚规则，26-27日一行，5天净，量中等，色红，有血块，有痛经，能耐受。G1P1，上环20余年。患者诉自上环后即出现月经量多如崩，近2年出现经期延长，前5日月经量多，后量少淋漓持续10天左右干净，未重视，未系统治疗。患者2年前体检发现子宫肌瘤（报告未见，具体不详），未治疗。LMP：2019年01月20日，9天净，量色质同前。2019年02月03日患者于汴塘镇中心卫生院体检查妇科彩超示：子宫体积增大，形态失常，前壁探及大小约7.8*7.4cm低回声包块，边界清晰，周边及内可见点状血流信号，子宫内膜受压，宫腔内见节育器声像，在位良好，提示：子宫肌瘤。现患者为求进一步治疗，入住我科，入院后急查血常规示：血红蛋白：58g/l，入院时：患者神清，精神可，贫血貌，活动后胸闷心慌，无阴道出血，无腹痛腰酸，纳寐可，二便调畅。,神志清晰，精神尚可，形体适中，语言清晰，口唇苍白；皮肤正常，无斑疹。头颅大小形态正常，无目窼下陷，白睛无黄染，耳轮正常，无耳瘘及生疮；颈部对称，无青筋暴露，无瘿瘤瘰疬，胸部对称，虚里搏动正常，腹部平坦，无癥瘕痞块，爪甲色泽红润，双下肢无浮肿，舌紫黯，苔薄，脉沉涩。,0,0,0,0,1,1,0,0,0,0,2,气滞|血瘀
441357,train,脾肾两虚证,manual_disambiguated,体检发现肾功能衰竭1年余,2018年因体检发现肾功能衰竭，血肌酐305umol/l（未见化验单），之后血肌酐进行性升高，最高670umol/l（未见化验单），遂至南京某医院就诊服用中药（具体不详），血肌酐曾经有所下降，伴高血压，最高190/110mmHg，贫血，2019-7-6当地医院复查尿常规：蛋白3+，潜血+，红细胞14.6ul，血红蛋白98g/l，尿素氮17.02mmol/l，血肌酐518umol/l，P1.39mmol/l，2019-7-27当地医院复查尿常规：蛋白2+，潜血+，红细胞10ul，TP81.4g/l，ALB41.4g/l，尿素氮18.77mmol/l，血肌酐540umol/l，K4.84mmol/l，P1.45mmol/l，CO2CP19.6mmol/l。目前应用复方肾炎片、复方a酮酸、碳酸氢钠、伲福达、倍他乐克等药物治疗（具体不详），病程中：无明显恶心呕吐，无头晕头痛，无腹痛腹泻，无尿频尿急尿痛，入院时：乏力倦怠，无头晕头痛，无恶心呕吐，纳寐欠佳，双下肢轻度凹陷性浮肿，夜尿3-4次，大便正常。,神志清晰，精神尚可，形体适中，语言清晰，口唇红润；皮肤正常，无斑疹。头颅大小形态正常，无目窼下陷，无白睛，耳轮正常，无耳瘘及生疮；颈部对称，无青筋暴露，无瘿瘤瘰疬，胸部对称，虚里搏动正常，腹部平坦，无癥瘕痞块，爪甲色泽红润，双下肢有浮肿，舌红，苔白，脉沉细。,1,1,1,1,0,0,0,0,0,0,4,阴虚|阳虚|血虚|气虚
433823,train,气虚血瘀证,auto,反复胸闷心慌3月余加重10天。,患者3月余前无明显诱因反复出现胸闷心慌，持续数分钟，活动时加重，休息后可缓解，未予重视。10天前患者因劳累及情绪不畅自觉胸闷心慌较前加重，乏力，偶有后背沉重感，伴头痛不适，至当地医院输液治疗（具体不详），未见疗效，遂今日至我院就诊，为进一步治疗收入我科。入院时：患者偶有胸闷，无胸痛，时作时休，伴心悸气短，纳可，二便尚调，夜寐尚可。,神志清晰，精神尚可，形体偏胖，语言清晰，口唇发绀；皮肤正常，无斑疹。头颅大小形态正常，无目窼下陷，白睛无黄染，耳轮正常，无耳瘘及生疮；颈部对称，无青筋暴露，无瘿瘤瘰疬，胸部对称，虚里搏动正常，腹部平坦，无癥瘕痞块，爪甲色泽红润，双下肢无浮肿，舌质淡紫，可见舌体胖且边有齿痕，苔薄白，脉虚细涩。,1,0,0,0,0,1,0,0,0,0,2,血瘀|气虚
438084,test,阳虚血瘀证,auto,反复胸闷、喘憋5年，加重1天。,患者5年前常于无明显诱因下出现胸闷，外院诊断“冠心病 慢性心力衰竭”，后长期口服药物治疗，症状时有发作。此次入院前1天患者受凉后出现胸闷、喘憋再发加重，伴咳嗽、咯黄粘痰，量不多，能自行咯出，伴发热，端坐呼吸，稍感心悸，无明显胸痛，无头晕头痛，无腹胀腹泻腹痛，遂今来我院门诊就诊，为求系统诊治，今收入住院。入院时：患者胸闷、憋喘气促、咳嗽阵作，咯少量黄粘痰，疲倦乏力，面色青灰晦暗，腹胀纳呆，肢体轻度浮肿，纳差，二便正常，夜寐欠安。,神志清晰，精神尚可，形体适中，语言清晰，口唇红润；皮肤正常，无斑疹。头颅大小形态正常，无目窼下陷，白睛无黄染，耳轮正常，无耳瘘及生疮；颈部对称，无青筋暴露，无瘿瘤瘰疬，胸部对称，虚里搏动正常，腹部平坦，无癥瘕痞块，爪甲色泽红润，双下肢无浮肿，舌暗，苔白腻，脉沉细。,0,0,0,1,0,1,0,0,0,0,2,阳虚|血瘀
476740,train,气虚血瘀证,auto,反复头晕20余年，加重伴双下肢乏力3天。,患者20余年前开始反复出现头晕不适，多次测血压高于140/90mmhg，患者未予重视，未予治疗。10余年前患者因头晕反复发作，自测血压偏高，遂长期口服苯磺酸左旋氨氯地平片降压治疗，症状时有反复。3天前患者早餐后自觉头晕较前加重，伴双下肢乏力，自测血压180/40mmHg，无胸痛心慌，无晕厥黑朦，无行走欠稳，无视物旋转，遂今日出院至我院就诊，患者门诊已查血常规、新冠核酸及胸部CT，已排除新冠肺炎，现为进一步诊治收住入院。入院时：患者头晕间作，劳累即发，双下肢乏力，无胸痛心慌，无晕厥黑朦，无行走欠稳，无视物旋转，无发热恶寒，无咳嗽咳痰，无腹痛腹泻，纳可，二便尚调，夜寐欠佳。,神志清晰，精神尚可，形体适中，语言清晰，口唇红润；皮肤正常，无斑疹。头颅大小形态正常，无目窼下陷，白睛无黄染，耳轮正常，无耳瘘及生疮；颈部对称，无青筋暴露，无瘿瘤瘰疬，胸部对称，虚里搏动正常，腹部平坦，无癥瘕痞块，爪甲色泽红润，双下肢无浮肿，舌淡紫，苔薄白，脉细弦。,1,0,0,0,0,1,0,0,0,0,2,血瘀|气虚
431377,train,肝阴不足证,auto,右侧胁肋部疼痛20天,"患者20天前无明显诱因出现右侧胁肋部疼痛不适，伴纳差、乏力症状，伴有肩背部放射痛，呈持续性隐痛，进食油腻食物后右上腹痛明显，无恶心、呕吐,无发热，伴咳嗽，无明显咳痰。就诊于徐州矿物集团医院，查胸部CT示右肺中叶部分实性结节，肝脏增大，密度不均匀，建议上腹部增强CT检查，今来我院门诊，查肺功能示肺通气功能正常，支气管舒张试验阴性，肝功示ALT277.7U/l,AST83U/L,患者为求进一步治疗，门诊收入我科，无药物及化学毒物接触史，病程中：患者纳谷稍差，胁肋隐痛，遇劳加重，口干咽燥，心中烦热，夜寐尚可，小便黄，大便颜色不祥，舌淡红，苔薄白，脉弦。",神志清晰，精神尚可，形体形体适中，语言清晰，口唇红润；皮肤正常，无斑疹。头颅大小形态正常，无目窼下陷，白睛无黄染，耳轮正常，无耳瘘及生疮；颈部对称，无青筋暴露，无瘿瘤瘰疬，胸部对称，虚里搏动正常，腹部平坦，无癥瘕痞块，爪甲色泽红润，双下肢无浮肿，舌淡红，苔白，脉弦。,0,0,1,0,0,0,0,0,0,0,1,阴虚
430795,train,正虚瘀结,auto,发现肝癌1月余。,患者既往患乙肝10余年，2019-04-12因右上腹胀痛至六院查胸腹部CT平扫：两肺纹理增多，两下胸膜增厚，右侧胸腔少量积液？肝硬化、脾大、少量腹水，肝脏右叶较大低密度占位，考虑：原发巨块型肝癌，胆囊结石。结合患者乙肝两对半、AFP指标，临床诊断为肝癌。为求进一步中西医结合诊疗至我院就诊。入院时，患者上腹部胀痛，口服氨酚曲马多止痛，NRS评分3分，时有爆发痛，纳差，乏力，无发热，无呕吐，无腹泻，无心悸，无咳痰，睡眠差，大便少，小便正常。,神志清晰，精神尚可，形体适中，语言清晰，口唇红润；皮肤正常，无斑疹。头颅大小形态正常，无目窼下陷，白睛无黄染，耳轮正常，无耳瘘及生疮；颈部对称，无青筋暴露，无瘿瘤瘰疬，胸部对称，虚里搏动正常，腹部平坦，无癥瘕痞块，爪甲色泽红润，双下肢无浮肿，舌淡红，苔白，脉细弱。,1,0,0,0,0,1,0,0,0,0,2,血瘀|气虚
435575,test,肝肾不足证,manual_disambiguated,多关节肿痛间作1月余,患者4月中旬开始无明显诱因出现双手近端指间关节、掌指关节疼痛、肿胀，伴晨僵，活动后稍缓解，逐渐累及双腕、双肘、双肩、双膝、双踝关节，2019.4.28-2019.5.6于徐医附院风湿免疫科住院治疗，查类风湿因子42.9IU/ml，超敏CRP20.6mg/L，血沉81mm/h，抗CCP抗体：124.97U/mL，诊断为类风湿关节炎，予柳氮磺嘧啶2片1/日、艾拉莫德1片2/日、扶他林1片1/日、雷贝拉唑1片1/日、云克治疗，症状略缓解后出院，出院后规范口服药物治疗，2019.5.20-2019.5.20患者因关节肿痛再发，再次就就诊于徐医附院，复查血沉91mm/h，RF102.0IU/ml，超敏CRP172mg/L，继续予云克治疗第2疗程、艾拉莫德1片2/日、来氟米特1片2/日、醋酸泼尼松10mg1/日、白芍总苷治疗，症状略好转后出院。出院后患者停服白芍总苷，余药物均规律口服，症状未见明显好转，昨日患者自觉双手指间关节疼痛加重，咨询徐医附院风湿免疫科后醋酸泼尼松临时加至20mg口服，症状略缓解，今为求进一步系统中西医结合诊疗，遂来我院就诊，门诊以“类风湿关节炎”收入我病区。入院时：患者双手指间关节肿胀疼痛、双手部分近端指间关节骨性膨大，双手尺偏，双腕关节肿胀疼痛，双肘关节疼痛，不能屈伸，屈曲30°畸形，双肩关节疼痛，双膝关节疼痛，活动时可及骨摩擦音，无发热，无频发口腔溃疡、皮疹、口眼干，进干食无需水送，无咳嗽咳痰，无腹痛腹泻，食欲尚可，二便调。,神志清晰，精神尚可，形体适中，语言清晰，口唇红润；皮肤正常，无斑疹。头颅大小形态正常，无目窼下陷，白睛无黄染，耳轮正常，无耳瘘及生疮；颈部对称，无青筋暴露，无瘿瘤瘰疬，胸部对称，虚里搏动正常，腹部平坦，无癥瘕痞块，爪甲色泽红润，双下肢无浮肿，舌淡红，苔薄白，脉沉。,0,0,0,0,0,0,1,0,0,0,1,痰湿
427082,train,湿热下注证,auto,肛内肿物外脱伴肿痛、便血3周,"患者于入院前3周，出现因食辛辣醇厚且劳累后出现肛缘肿痛伴肛内肿物脱出,伴便血，喷射而出，量多，色鲜红，有予马应龙栓、炎痛宁栓治疗，疗效欠理想，遂来本院求治。刻下：肛内肿物脱出伴肿缘疼痛，大便日行1-3次，质软，排出畅，伴便血，量中，色鲜红，伴排便不尽及肛门坠胀感，无粘液便，小溲畅，无发热恶寒。纳食可，夜寐尚可，舌红，苔黄，脉滑数。",神志清晰，精神尚可，形体适中，语言清晰，口唇红润；皮肤正常，无斑疹。头颅大小形态正常，无目窼下陷，白睛无黄染，耳轮正常，无耳瘘及生疮；颈部对称，无青筋暴露，无瘿瘤瘰疬，胸部对称，虚里搏动正常，腹部平坦，无癥瘕痞块，爪甲色泽红润，双下肢无浮肿，舌淡红，苔白，脉滑数。,0,0,0,0,0,0,0,1,0,0,1,湿热
445318,train,湿热下注证,auto,便后肛内肿物脱出伴出血2月，加重1周,"患者2月前感会阴部坠胀明显，而致便后肛内肿物脱出，能回复，伴便血,自行治疗（具体不祥）后症状有所缓解，1周来症状明显加重，脱出无法还纳，自行休息后无缓解，疼痛难忍，便血明显，遂于今日由门诊拟“脱肛、混合痔”，收入我区。刻下：便后肛内肿物脱出，不能回复，持续疼痛，肛门坠胀不适,大便排出费力，纳寐欠安。",神志清晰，精神尚可，形体形体适中，语言清晰，口唇红润；皮肤正常，无斑疹。头颅大小形态正常，无目窼下陷，无白睛，耳轮正常，无耳瘘及生疮；颈部对称，无青筋暴露，无瘿瘤瘰疬，胸部对称，虚里搏动正常，腹部平坦，无癥瘕痞块，爪甲色泽红润，双下肢无浮肿，舌淡红，苔白，脉平和。,0,0,0,0,0,0,0,1,0,0,1,湿热
443775,train,湿热下注证,auto,肛内肿物外脱伴肿痛1周,"患者于入院前1周，出现因食辛辣醇厚且劳累后出现肛缘肿痛伴肛内肿物脱出,未予治疗，症情反复发作渐加重，遂来本院求治。刻下：肛内肿物脱出伴肿缘疼痛，坐卧不宁，行走不利。大便，日行1-2次，质软，排出畅，无便血，伴排便不尽及肛门坠胀感，无粘液便，小溲畅，无发热恶寒。纳食可，夜寐尚可，舌红，苔黄，脉滑数。",神志清晰，精神尚可，形体形体适中，语言清晰，口唇红润；皮肤正常，无斑疹。头颅大小形态正常，无目窼下陷，白睛无黄染，耳轮正常，无耳瘘及生疮；颈部对称，无青筋暴露，无瘿瘤瘰疬，胸部对称，虚里搏动正常，腹部平坦，无癥瘕痞块，爪甲色泽红润，双下肢无浮肿，舌红，苔黄，脉滑数。,0,0,0,0,0,0,0,1,0,0,1,湿热
437975,train,气滞血瘀证,auto,搬东西致腰部扭伤疼痛1天余,"患者1天前弯腰搬重物时突然扭伤腰部致腰背部剧烈疼痛伴腰部各方向活动受限,在家休息时症状不见缓解,严重影响日常生活及休息。患者现为行进一步诊疗，来我院门诊就诊，门诊拟“急性腰扭伤”收住入院。刻下患者神清，精神可。腰痛酸痛不适伴活动受限，一般情况可。",神志清晰，精神尚可，形体适中，语言清晰，口唇红润；皮肤正常，无斑疹。头颅大小形态正常，无目窼下陷，白睛无黄染，耳轮正常，无耳瘘及生疮；颈部对称，无青筋暴露，无瘿瘤瘰疬，胸部对称，虚里搏动正常，腹部平坦，无癥瘕痞块，爪甲色泽红润，双下肢无浮肿，舌淡红，苔白，脉弦。,0,0,0,0,1,1,0,0,0,0,2,气滞|血瘀
428337,val,痰湿蒙窍证,auto,头晕、视物旋转1日,患者于2月前劳累、紧张后出现头晕昏沉不适，自觉视物旋转，头痛时作，偶有恶心干呕，心慌不适，颈项部休息后症状稍改善，仍有头部昏沉、肢体乏力，近3日患者自觉症状较前加重，现为进一步中西医结合治疗，遂入本院求治，病程中无发热、无意识丧失，无四肢抽搐，无大小便失禁。入院症状：神志清晰，精神欠佳，头晕、昏沉时作，视物旋转，头部胀痛，颈项部紧痛，僵硬活动不适，偶有恶心干呕，纳食一般，夜寐一般，大便如常，小便正常，舌暗淡，苔白腻，脉濡。,神志清晰，精神尚可，形体适中，语言清晰，口唇红润；皮肤正常，无斑疹。头颅大小形态正常，无目窼下陷，白睛无黄染，耳轮正常，无耳瘘及生疮；颈部对称，无青筋暴露，无瘿瘤瘰疬，胸部对称，虚里搏动正常，腹部平坦，无癥瘕痞块，爪甲色泽红润，双下肢无浮肿，舌淡红，苔白，脉。,0,0,0,0,0,0,1,0,0,0,1,痰湿
444193,train,肝阳上亢证,auto,突发头晕、左侧半身麻木半天,患者半天前无明显诱因出现头晕、左侧半身麻木。头晕呈头昏沉感，持续无缓解，无头痛，无恶心呕吐，无视物旋转。自觉肢体乏力。上述症状持续存在无好转，为求中西医结合诊治，今来我院就诊，门诊拟“脑梗死”收住入院。入院时：患者神志尚清，精神萎靡，头晕头昏，言语尚利，左侧鼻唇沟浅，伸舌右歪，左侧半身麻木，纳食可，夜寐一般，二便尚可。,神志清晰，精神尚可，形体适中，语言清晰，口唇红润；皮肤正常，无斑疹。头颅大小形态正常，无目窼下陷，白睛无黄染，耳轮正常，无耳瘘及生疮；颈部对称，无青筋暴露，无瘿瘤瘰疬，胸部对称，虚里搏动正常，腹部平坦，无癥瘕痞块，爪甲色泽红润，双下肢无浮肿，舌淡红，苔白，脉弦。,0,0,1,0,0,0,0,0,0,0,1,阴虚
433967,train,气虚血瘀证,auto,头晕伴行走不稳半天,患者今日上午无明显诱因出现头晕，伴行走不稳，向右转头时症状明显加重，恶心，呕吐一次，症状持续数分钟后稍缓解，无视物旋转，无耳鸣，无心慌胸闷，无视物黑朦。今日为求中西医结合诊治，来我院门诊，为进一步诊治予收入院。入院时：患者神清，精神欠佳，言语清晰，头晕，伴行走不稳，向右转头时症状明显加重，无天旋地转，无心慌、胸闷，无腹痛、腹泻，纳食可，口苦，夜寐欠安，小便黄，大便可。,神志清晰，精神欠佳，形体适中，语言清晰，口唇红润；皮肤正常，无斑疹。头颅大小形态正常，无目窼下陷，白睛无黄染，耳轮正常，无耳瘘及生疮；颈部对称，无青筋暴露，无瘿瘤瘰疬，胸部对称，虚里搏动正常，腹部平坦，无癥瘕痞块，爪甲色泽红润，双下肢无浮肿，舌质淡紫边有齿痕，苔白，脉弦涩。,1,0,0,0,0,1,0,0,0,0,2,血瘀|气虚
477714,train,湿热蕴结证,auto,双腋窝部有异味18年余。,患者自诉18年前开始于双腋窝部出现一种特殊的刺鼻的臭味，夏季出汗时更甚，且逐年明显，局部无瘙痒等不适，曾于祥和医院行微创治疗，效果不显，患者为求彻底祛除臭味，遂今日来我科住院手术治疗。门诊查血常规，肺部CT，新冠核酸无异常，患者否认近14天湖北疫区及本地发病区接触史，否认近14天新冠肺炎病人接触史，否认近14天接触过来自武汉市及周边或境内、境外疫情严重地区发热有呼吸道症状的患者，否认近14天发热、咳嗽、腹泻，排除新冠肺炎，遂收入院.近期患者无发热等不适，精神及纳食可，睡眠正常，二便自调。,神志清晰，精神尚可，形体适中，语言清晰，口唇红润；躯干、四肢皮肤见红斑丘疹，以四肢为著。头颅大小形态正常，无目窼下陷，白睛无黄染，耳轮正常，无耳瘘及生疮；颈部对称，无青筋暴露，无瘿瘤瘰疬，胸部对称，虚里搏动正常，腹部平坦，无癥瘕痞块，爪甲色泽红润，双下肢无浮肿，舌暗红，苔白腻，脉弦滑。,0,0,0,0,0,0,0,1,0,0,1,湿热
445784,val,风痰阻络证,auto,突发言语欠清伴右侧肢体活动不利20天,患者二十天前无明显诱因下突然出现头晕间作，伴有言语欠清，右侧肢体活动不利，行走欠稳，无视物旋转，无恶心呕吐，症状持续，于我院保守治疗后，症状好转出院。今为求进一步治疗，遂来我院就诊，入院时：患者神志清，精神尚可，言语欠清，右侧肢体活动不利，行走不能，无意识障碍，无头痛，无视物旋转，无恶心呕吐，无腹痛腹泻，纳寐尚可，二便尚调。,神志清晰，精神尚可，形体适中，语言清晰，口唇红润；皮肤正常，无斑疹。头颅大小形态正常，无目窼下陷，白睛无黄染，耳轮正常，无耳瘘及生疮；颈部对称，无青筋暴露，无瘿瘤瘰疬，胸部对称，虚里搏动正常，腹部平坦，无癥瘕痞块，爪甲色泽红润，双下肢无浮肿。,0,0,0,0,0,0,1,0,1,0,2,内风|痰湿
447615,train,气滞血瘀证,auto,鼻部皮肤起皮疹3年余。,患者自诉3年前发现左侧鼻部皮肤出现一绿豆大小淡红色角化性丘疹，境界清楚，表面白色鳞屑，偶有瘙痒不适，时常搔抓，并有白色鳞屑，揭去鳞屑后，基底潮红，皮损逐渐增大，曾至徐州市四院就诊，考虑“老年疣”，建议激光治疗，未予处理，今日右侧鼻背亦发现类似皮疹，目前左侧鼻部皮损已增大至黄豆大小，表面粗糙，患者为求进一步治疗，遂今日来我科住院予以手术切除。近期患者无发热不适，精神及纳食可，睡眠一般，大小便正常。,神志清晰，精神尚可，形体适中，语言清晰，口唇红润；皮肤同前，有斑疹。头颅大小形态正常，无目窼下陷，白睛无黄染，耳轮正常，无耳瘘及生疮；颈部对称，无青筋暴露，无瘿瘤瘰疬，胸部对称，虚里搏动正常，腹部平坦，无癥瘕痞块，爪甲色泽红润，双下肢无浮肿，舌质暗红，苔薄白，脉涩。,0,0,0,0,1,1,0,0,0,0,2,气滞|血瘀
471565,train,气虚血瘀证,auto,反复一过性头晕发作半月,患者近半月来无明显诱因下出现阵发性头晕，行走稍有发飘感，片刻后可缓解，头部转动时眩晕感无明显加重，无视物旋转，无耳鸣，无视物黑朦，无恶心、呕吐。今为求进一步治疗由门诊收入院，入院时患者神志清晰，精神可，言语清晰，头晕，偶有胸闷心慌，偶有咳嗽，饮食睡眠一般，小便正常，大便通畅。,神志清晰，精神尚可，形体适中，语言清晰，口唇红润；皮肤正常，无斑疹。头颅大小形态正常，无目窼下陷，白睛无黄染，耳轮正常，无耳瘘及生疮；颈部对称，无青筋暴露，无瘿瘤瘰疬，胸部对称，虚里搏动正常，腹部平坦，无癥瘕痞块，爪甲色泽红润，双下肢无浮肿，舌淡红，苔白，脉细涩。,1,0,0,0,0,1,0,0,0,0,2,血瘀|气虚
487481,test,湿热下注证,auto,肛内肿物外脱伴肿痛1年,"患者于入院前1年，出现因食辛辣醇厚且劳累后出现肛缘肿痛伴肛内肿物脱出,予治疗，症情反复发作渐加重，遂来本院求治。刻下：肛内肿物脱出伴肿缘疼痛，坐卧不宁，行走不利。大便1日1行，质软，排出畅，无便血，无排便不尽及肛门坠胀感，无粘液便，小溲畅，无发热恶寒。纳食可，夜寐尚可，舌红，苔黄，脉滑数。",神志清晰，精神尚可，形体适中，语言清晰，口唇红润；皮肤正常，无斑疹。头颅大小形态正常，无目窼下陷，白睛无黄染，耳轮正常，无耳瘘及生疮；颈部对称，无青筋暴露，无瘿瘤瘰疬，胸部对称，虚里搏动正常，腹部平坦，无癥瘕痞块，爪甲色泽红润，双下肢无浮肿，舌红，苔黄，脉滑数。,0,0,0,0,0,0,0,1,0,0,1,湿热
425624,train,气虚血瘀证,auto,右侧肢体活动不利5月，加重1天,患者于5月前无明显诱因下突然出现右侧肢体活动不利，行走欠稳，伴有意识模糊，无头痛，无视物旋转，无恶心呕吐，至徐州四院就诊，查头颅CT示：脑干出血，出血量约10ml，破入脑室。内科保守治疗，经治疗症状好转出院。昨日患者诉右侧肢体活动不利较前加重，今为进一步中西医结合治疗，遂入本院求治，入院症状：患者神志清晰，精神尚可，右侧肢体活动不利，行走不能，言语欠清，饮水呛咳，视物模糊，无头晕头痛，无视物旋转，无胸闷心慌，纳食可，夜寐尚可，大便如常，小便如常。,神志清晰，精神尚可，形体适中，语言欠清，口唇红润；皮肤正常，无斑疹。头颅大小形态正常，无目窼下陷，白睛无黄染，耳轮正常，无耳瘘及生疮；颈部对称，无青筋暴露，无瘿瘤瘰疬，胸部对称，虚里搏动正常，腹部平坦，无癥瘕痞块，爪甲色泽红润，双下肢无浮肿，舌暗红，苔薄腻，脉涩。,1,0,0,0,0,1,0,0,0,0,2,血瘀|气虚
485507,test,正虚瘀结证,auto,左肺腺癌术后化疗后2年，乏力3月余。,患者2018年7月因阵发性胸闷不适于徐州市肿瘤医院行胸部CT示：1、肝右叶低密度区；2、左肺上叶新生物，右肺下叶结节。行肺穿刺活检术，病理示：“左肺”穿刺物：肺泡上皮不典型增生，原位癌高度可疑，穿刺物少。“右肺”穿刺物未见癌细胞。后患者至徐州医科大学附属医院住院诊治，排除禁忌后，于2018-08-20行“胸腔镜下左上肺叶切除+淋巴结清扫术”，术程顺利，术后病理示：（左肺上叶）腺癌，腺泡为主型，局部侵犯肺被膜，肿瘤大小：4*3*2cm，未见明确神经脉管浸犯，支气管切端未见癌累及，肺门淋巴结未见癌转移（0/5），“第2组”、“第5组”、“第7组”、“第10组”、“第11组”淋巴结未见癌转移（0/1，0/1，0/1，0/1）。基因检测：EGFR突变，20外显子阳性。术后行“培美曲塞0.8 d1，q21d”单药化疗4周期，疗程顺利。期间复查胸部CT示病情稳定，右肺结节未见明显变化。患者2018年11月行头颅MRI提示海绵状血管瘤及静脉畸形，有再发脑出血风险，建议患者行伽马刀治疗，患者拒绝治疗。2019年3月份患者无明显诱因下出现双下肢水肿，于2019-04-18至徐州医科大学附属医院就诊，复查胸部CT示：“左肺上叶术后”改变。较前右肺结节、左侧包裹性积液未示明显变化。予降压、利尿、营养支持治疗后好转出院，间断于我院门诊口服中药治疗。2019-11入我院复查CT提示肺、肝占位，考虑转移瘤可能，右下肺结节与外院前片比较未示明显变化，患者家属要求定期监测，未予以特殊治疗。2020-09患者因剑突疼痛入住我科，胸部CT平扫：左肺腺癌病例，两肺多发结节，建议 取以往检查比较 3个月复查。右肺下叶占位。较前无明显变化。上腹部MR(磁共振)：1、肝右前叶上段异常强化灶，考虑转移瘤，基本同前(2019-11-07)。2、肝左外叶上段小囊肿。建议患者行肝脏穿刺检查，患者拒绝，保守对症治疗症情好转后出院。期间未再复查。近3月来患者乏力明显，为求中西医结合治疗，遂来我科住院治疗，刻下：乏力明显，双下肢浮肿，偶咳嗽，无咳痰，无胸痛咯血，无头晕头痛，无恶心呕吐，胃纳尚可，二便尚调，夜寐尚安，发病以来无明显消瘦。,神志清晰，精神尚可，形体适中，语言清晰，口唇红润；皮肤正常，无斑疹。头颅大小形态正常，无目窼下陷，白睛无黄染，耳轮正常，无耳瘘及生疮；颈部对称，无青筋暴露，无瘿瘤瘰疬，胸部对称，虚里搏动正常，腹部平坦，无癥瘕痞块，爪甲色泽红润，双下肢有浮肿，舌淡红，苔白，脉弦涩。,1,0,0,0,0,1,0,0,0,0,2,血瘀|气虚
460503,test,正虚瘀结证,auto,反复腰腹部疼痛8月余。,"患者2019年6月无明显诱因出现腰腹部疼痛间作，以左上腹为主，伴有嗳气，食欲欠佳，进食量较前明显减少，伴口干口苦，无反酸，无恶心欲吐，大便干，排出困难，无肉眼脓血，小便正常，至我院就诊，行腹部CT示1、胰腺体尾部稍增粗，密度减低，周围脂肪间隙模糊。建议：CT增强检查。2、双肾多发低密度灶（考虑囊肿）。3、结直肠积粪。上腹部增强CT示1.胰尾部新生物，侵及胃壁、脾动脉。2.肝内多发小囊肿；多发点状一过性强化灶，血管瘤可能。3.双肾多发囊肿。肿瘤10项（女） 糖类抗原CA19-9 ＞1000U/ml↑,糖类抗原CA50 ＞180U/ml↑。进行我院MDT讨论：考虑患者胰腺癌诊断明确，以胰体尾部占位明显，尚不排除肺部、胃部转移可能。建议行电子胃镜、超声胃镜、PET-CT检查明确诊断，如侵犯部位局限，可行胰腺、脾及局部淋巴清扫对症治疗。患者家属对胰腺癌诊断明确，表示理解，拒绝手术，拒绝行电子胃肠镜、全消化道钡剂造影、小肠镜、胶囊内镜等胃肠道进一步检查，要求对症支持治疗。2019-11-16复查胸部CT增强示：两肺多发结节（最大病灶位于左肺下叶后底段，直径约1.4cm），考虑转移瘤。全腹部CT增强：1.胰尾部新生物，侵及胃壁、脾动脉。大致同前（2019-06-19）。2.肝肾囊肿。3.老年性子宫改变。4.盆腔积液。近几月来患者病情反复，疼痛进行性加重。现患者为求中西医结合治疗收入我科。入院时：患者上腹部及腰骶部疼痛，NRS8分，目前口服盐酸吗啡缓释片20mg q12h，乏力间作，时有恶心、呕吐，无恶寒发热，无咳嗽咳痰，无胸闷气短，食纳欠佳，进食量少，二便尚调，双下肢轻度水肿，自发病以来消瘦约5kg。",神志清晰，精神尚可，形体适中，语言清晰，口唇红润；皮肤正常，无斑疹。头颅大小形态正常，无目窼下陷，白睛无黄染，耳轮正常，无耳瘘及生疮；颈部对称，无青筋暴露，无瘿瘤瘰疬，胸部对称，虚里搏动正常，腹部平坦，无癥瘕痞块，爪甲色泽红润，双下肢无浮肿，舌淡红，苔白，脉弦细。,1,0,0,0,0,1,0,0,0,0,2,血瘀|气虚
423371,train,气虚血瘀证,auto,反复头晕、头痛1年余，加重伴上腹痛7天,患者2年余前无明显诱因感头晕头昏时作，头胀痛，予外院就诊，诊断：脑梗塞，予住院治疗，好转后出院，症状反复发作，7余天前患者无明显诱因感头晕频作，头昏时作，头胀痛，恶心阵作，无呕吐，胸闷心慌偶作，无憋喘，无夜间憋醒，可平躺，自觉上腹部疼痛，晨起尤甚，予当地医院就，即来我院门诊就诊，为进一步检查治疗收住入院。病程中患者上腹部疼痛，无四肢抽搐，气短，纳食可，夜寐一般，二便尚调。,神志清晰，精神尚可，形体形体适中，语言清晰，口唇红润；皮肤正常，无斑疹。头颅大小形态正常，无目窼下陷，无白睛，耳轮正常，无耳瘘及生疮；颈部对称，无青筋暴露，无瘿瘤瘰疬，胸部对称，虚里搏动正常，腹部平坦，无癥瘕痞块，爪甲色泽：淡红，双下肢对称，舌质紫，苔白腻，脉弦细。,1,0,0,0,0,1,0,0,0,0,2,血瘀|气虚
482156,test,气滞血瘀证,auto,车祸致左足背肿痛活动受限1天,"患者1天前发生车祸，致伤左足部，当时即感左足背疼痛、肿胀、活动障碍，受伤后无昏迷，对受伤经过回忆清晰，急诊送至外院诊治，行影像学检查示：左足第1，2,3,4跖骨骨折。患者为进一步治疗，经门诊拟“跖骨骨折”收住入院。刻下患者左足背肿痛活动受限依旧。患者自发病以来无意识障碍，无头晕疼痛，无恶心呕吐，二便调。",神志清晰，精神尚可，形体适中，语言清晰，口唇红润；皮肤正常，无斑疹。头颅大小形态正常，无目窼下陷，白睛无黄染，耳轮正常，无耳瘘及生疮；颈部对称，无青筋暴露，无瘿瘤瘰疬，胸部对称，虚里搏动正常，腹部平坦，无癥瘕痞块，爪甲色泽红润，双下肢无浮肿，舌淡红，苔白，脉弦滑。,0,0,0,0,1,1,0,0,0,0,2,气滞|血瘀
460893,train,肝胃郁热证,auto,腹部胀痛3天,患者3天无明显诱因出现腹部胀痛不适，呈持续性胀痛，进食后加重，无肩背部放射痛，有反酸、嗳气、腹胀、上腹部烧灼感，有进食哽咽感，伴恶心、呕吐，呕吐胃内容物，无发热，食欲欠佳，大便干硬难解，就诊于我院急诊科，查腹部CT示提示胃潴留； 双肾内多发小片致密影 考虑钙化灶或结石； 右腹股沟区少量积液； 左肺下叶炎症。 建议随诊。患者为求进一步诊治，今来我院，查胸部CT示与前片（2020-1-08）相比较 1.左肺下叶轻度支气管扩张伴炎症，较前吸收。 2.右肺上叶结节影，同前。 3.两肺间质性改变、肺气肿，两肺胸膜下钙化灶。 4.冠状动脉钙化。由门诊收入我科。病程中患者：无头晕，无心悸胸闷，纳少，睡眠可，小便疼痛，无血尿，近一月体重减轻约10kg，舌红苔白，脉弦。,神志清晰，精神尚可，形体形体适中，语言清晰，口唇红润；皮肤正常，无斑疹。头颅大小形态正常，无目窼下陷，白睛无黄染，耳轮正常，无耳瘘及生疮；颈部对称，无青筋暴露，无瘿瘤瘰疬，胸部对称，虚里搏动正常，腹部膨隆，无癥瘕痞块，爪甲色泽红润，双下肢无浮肿，舌淡红，苔白，脉弦。,0,0,0,0,1,0,0,0,0,1,2,气滞|实热
443400,train,热毒蕴结证,auto,肛旁肿痛6月,"患者于入院前6月，出现因食辛辣醇厚且劳累后出现肛旁肿胀疼痛,于2019年1月于睢宁县中医院行肛周脓肿手术治疗,术后症情反复发作渐加重，遂来本院求治。刻下：肛旁肿胀疼痛剧烈，坐卧不宁，行走不利。大便日行1次，质软，排出畅，无便血，无排便不尽及肛门坠胀感，无粘液便，小溲畅，无发热恶寒。纳食可，夜寐尚可，舌红，苔黄，脉滑数。",神志清晰，精神尚可，形体适中，语言清晰，口唇红润；皮肤正常，无斑疹。头颅大小形态正常，无目窼下陷，白睛无黄染，耳轮正常，无耳瘘及生疮；颈部对称，无青筋暴露，无瘿瘤瘰疬，胸部对称，虚里搏动正常，腹部平坦，无癥瘕痞块，爪甲色泽红润，双下肢无浮肿，舌淡红，苔白，脉滑数。,0,0,0,0,0,0,0,0,0,1,1,实热
473664,train,肝肾不足证,manual_disambiguated,多关节肿痛间作20余年。,患者于20年前无明显诱因出现左手PIPJ2、5关节肿痛不适，至医院就诊，诊断为“类风湿性关节炎”，后关节肿痛累及双手关节、双腕关节、双肘关节、双肩关节、双膝关节、双踝关节，晨僵约30分钟，曾予激素、布洛芬、中成药及中药汤药治疗，21岁时患者停用所有药物，2019年5月患者因关节肿痛明显至北京就诊，予甲氨蝶呤10mgqw、叶酸10mgqw联合雅美罗400mg静滴st治疗，治疗效果明显，雅美罗400mg每4周1次×3次，后改为雅美罗400mg每5周1次×1次，雅美罗400mg每6周1次×1次，雅美罗400mg每8周1次×1次，雅美罗400mg每10周1次×1次，2020.4.4于我院予雅美罗400mg静滴（总共静滴8次，最后1次为2020.4.4），现为按疗程静滴雅美罗，遂至我科住院治疗。病程中患者无发热、皮疹，否认有口腔溃疡，无雷诺现象，纳食一般， 无明显口干眼干，二便调，睡眠尚可。,神志清晰，精神尚可，形体适中，语言清晰，口唇红润；皮肤正常，无斑疹。头颅大小形态正常，无目窼下陷，无白睛，耳轮正常，无耳瘘及生疮；颈部对称，无青筋暴露，无瘿瘤瘰疬，胸部对称，虚里搏动正常，腹部平坦，无癥瘕痞块，爪甲色泽红润，双下肢无浮肿，舌淡红，苔薄白，脉沉细。,0,0,1,1,0,0,0,0,0,0,2,阴虚|阳虚
420796,train,湿热下注证,auto,肛内肿物外脱伴肿痛3天,"患者于入院前3天，出现因食辛辣醇厚且劳累后出现肛缘肿痛伴肛内肿物脱出,未予治疗，症情反复发作渐加重，遂来本院求治。刻下：肛内肿物脱出伴肿缘疼痛，坐卧不宁，行走不利。大便3日1行，质软，排出不畅，无便血，无排便不尽及肛门坠胀感，无粘液便，小溲畅，无发热恶寒。纳食可，夜寐尚可，舌红，苔黄，脉滑数。",神志清晰，精神尚可，形体适中，语言清晰，口唇红润；皮肤正常，无斑疹。头颅大小形态正常，无目窼下陷，白睛无黄染，耳轮正常，无耳瘘及生疮；颈部对称，无青筋暴露，无瘿瘤瘰疬，胸部对称，虚里搏动正常，腹部平坦，无癥瘕痞块，爪甲色泽红润，双下肢无浮肿，舌淡红，苔白，脉滑数。,0,0,0,0,0,0,0,1,0,0,1,湿热
443870,train,脾虚证,auto,经期延长2年余,患者既往月经尚规律，30天一行，行经5天，月经量色质正常，无痛经，G1P1，剖腹产。患者2年前无明显诱因出现月经周期延长，淋漓10余天方净，色褐，无腹痛。2018年03月因月经异常于市二院行诊断性刮宫术，术后病理：子宫内膜生理性增生（具体报告未见），未予以调理。2019-07月于我院就诊，予以地屈孕酮等药物调理，调理后月经改善欠满意。患者LMP：2019-08-09，月经量多，淋漓十余日方净，08-19就诊我院，查妇科彩超提示宫腔内隐见数枚较大约7*4mm稍高回声团（子宫前位，宫体大小形态规则，表面光滑，肌层回声均匀，内膜厚10mm，回声不均，宫腔内隐见数枚较大约7*4mm稍高回声团。宫颈探及多枚无回声，最大直径4mm，左侧卵巢30*20mm，右侧卵巢29*15mm，内见储备卵泡6-8枚。子宫直肠窝见少许液性暗区，示：子宫内膜回声不均合并宫腔稍高回声团，考虑子宫息肉样病变不排除，宫颈纳囊，双卵巢未见明显异常。），考虑异常子宫出血及子宫内膜异常增生可能，建议患者入院进一步检查及治疗，入院时：一般情况可，无异常子宫出血，无腹痛腰酸，无往来寒热，纳欠佳，寐欠安，二便调，舌淡，苔薄白，脉弱。,神志清晰，精神尚可，形体适中，语言清晰，口唇红润；皮肤正常，无斑疹。头颅大小形态正常，无目窼下陷，白睛无黄染，耳轮正常，无耳瘘及生疮；颈部对称，无青筋暴露，无瘿瘤瘰疬，胸部对称，虚里搏动正常，腹部平坦，无癥瘕痞块，爪甲色泽红润，双下肢无浮肿，舌淡，苔薄白，脉弱。,1,0,0,0,0,0,0,0,0,0,1,气虚
471133,train,气虚血瘀证,auto,反复胸闷心慌半年，加重1周。,患者半年前开始反复出现胸闷心慌，以心前区为主，每次症状持续2-5分钟，休息后症状可缓解。2019-12-17在我科行冠脉造影示：LM无明显狭窄；LAD近中段80%狭窄，远段95%狭窄；LCX未见明显狭窄；RCA近段50%狭窄，远段95%狭窄，TIMI血流III级。患者及家属要求药物保守治疗，明确告知其存在的风险，予药物继续治疗。后患者于2019-12-19同意行PCI术，遂复查造影：LAD近段80%狭窄，远段90%狭窄，在LAD远段植入2.5*18mmEndeavor Resolute支架，在LAD近段狭窄处送入2.75*20mmSeQuent药物球囊并予扩张，复查造影，管腔无狭窄，TIMI血流III级。术后患者规律服用阿司匹林、替格瑞洛片、阿托伐他汀钙片、倍他乐克缓释片、麝香保心丸等药物治疗，1月前患者出现皮肤瘀斑，遂改阿司匹林75mg po qd。1周前患者感胸闷心慌较前加重，遂今日来我院就诊，为求进一步治疗收住院，入院时：患者时有胸闷心慌，无胸痛放射痛，无头晕头痛，无咳嗽咳痰，无恶心反酸，纳可，二便调，夜寐可。,神志清晰，精神尚可，形体适中，语言清晰，口唇红润；皮肤正常，无斑疹。头颅大小形态正常，无目窼下陷，白睛无黄染，耳轮正常，无耳瘘及生疮；颈部对称，无青筋暴露，无瘿瘤瘰疬，胸部对称，虚里搏动正常，腹部平坦，无癥瘕痞块，爪甲色泽红润，双下肢无浮肿，舌质淡紫，苔薄白，脉虚细涩。,1,0,0,0,0,1,0,0,0,0,2,血瘀|气虚
476850,train,湿热瘀阻证,auto,下腹部疼痛不适4天。,"患者既往平素月经规则，30天一行，3天净，量中，色暗红，无血块，无痛经，G4P1，顺娩一女，近3年月经量偏少,月经周期30天一行，LMP：2020-08-04，量色质如常。患者4天前无明显诱因出现下腹疼痛不适，劳累后加重，今日至我院门诊就诊，查妇科检查宫体及附件均压痛明显。现患者下腹疼痛未见明显好转，为行进一步综合治疗，由门诊拟“盆腔炎”收入我科，刻下：患者神清，精神可，下腹隐痛不适，时有腰酸不适，伴肛门坠胀感，无阴道异常出血，心慌胸闷偶作，头痛不适，纳食可，夜寐欠佳，二便调，舌红，苔黄腻，脉滑数。",神志清晰，精神尚可，形体适中，语言清晰，口唇红润；皮肤正常，无斑疹。头颅大小形态正常，无目窼下陷，白睛无黄染，耳轮正常，无耳瘘及生疮；颈部对称，无青筋暴露，无瘿瘤瘰疬，胸部对称，虚里搏动正常，腹部平坦，无癥瘕痞块，爪甲色泽红润，双下肢无浮肿，舌红，苔黄腻，脉滑数。,0,0,0,0,0,0,0,1,0,0,1,湿热
439094,train,肝肾阴虚证,auto,左半身无力1月余。,患者自诉1月前无明显诱因突发左半身无力，伴昏睡，言语不清，外院查头颅CT提示脑梗死，具体治疗不详，经治疗后患者症状好转，今为求进一步行中西医结合治疗，予收入院，病程中无意识模糊、无肢体抽搐，刻下患者神清，嗜睡，言语欠利，无活动后心慌胸闷，夜寐差，小便畅，大便干燥。,神志清晰，精神尚可，形体适中，语言清晰，口唇红润；皮肤正常，无斑疹。头颅大小形态正常，无目窼下陷，白睛无黄染，耳轮正常，无耳瘘及生疮；颈部对称，无青筋暴露，无瘿瘤瘰疬，胸部对称，虚里搏动正常，腹部平坦，无癥瘕痞块，爪甲色泽红润，双下肢无浮肿，舌淡红，苔白，脉细。,0,0,1,0,0,0,0,0,0,0,1,阴虚
479264,train,肝胃郁热证,auto,上腹胀痛间作一月余,患者一月前无明显诱因出现上腹胀痛，疼痛以剑下及右上腹为主，呈持续性隐痛，进食后腹痛稍缓解，无肩背部放射痛，有反酸、嗳气、腹胀及上腹部、胸骨后烧灼感，无恶心、呕吐，无发热，食欲欠佳，大便每日一次，无粘液、脓血便，患者为求进一步诊治，今来我院，由门诊收入我科。病程中患者：有头晕，无心悸胸闷，纳可，睡眠可，小便正常，近期体重无明显变化，进食后感胃脘嘈杂，舌红苔白，脉弦。,神志清晰，精神尚可，形体形体适中，语言清晰，口唇红润；皮肤正常，无斑疹。头颅大小形态正常，无目窼下陷，白睛无黄染，耳轮正常，无耳瘘及生疮；颈部对称，无青筋暴露，无瘿瘤瘰疬，胸部对称，虚里搏动正常，腹部平坦，无癥瘕痞块，爪甲色泽红润，双下肢无浮肿，舌淡红，苔白，脉弦。,0,0,0,0,1,0,0,0,0,1,2,气滞|实热
487727,train,肝肾亏虚证,manual_disambiguated,腰部及左髋部酸胀疼痛1周,"患者1周前无明显诱因出现腰部及左髋部酸胀疼痛,未予重视,症状持续不解,2日前出现腹胀不适,为求进一步中西医结合治疗,至我院就诊,经门诊收住入院,入院时患者神清,精神欠佳,腰部及左髋部酸胀疼痛,连及左侧腹部,腹胀时作,行走尚可,无麻木,无肢体不遂,无二便异常,纳食一般,夜寐安,舌红,苔薄,脉弦细。","神志清晰，精神欠佳，形体适中，语言清晰，口唇发绀；皮肤正常，无斑疹。头颅大小形态正常，无目窼下陷，白睛无黄染，耳轮正常，无耳瘘及生疮；颈部对称，无青筋暴露，无瘿瘤瘰疬，胸部对称，虚里搏动正常，腹部平坦，无癥瘕痞块，爪甲色泽红润，双下肢无浮肿，舌红,苔薄,脉弦细。",0,0,1,0,0,1,0,0,0,0,2,阴虚|血瘀
429817,train,痰浊蒙窍证,auto,四肢瘫5月余,患者家属诉患者于2018年10月28号自行车碰伤后导致脑出血，予脑室-腹腔分流术后、钻孔外引流术后，现患者植物状态、四肢瘫，气管套管在位，无粘液，无红肿，今为求进一步治疗由门诊收入院，入院证见：植物状态、不能言语，四肢瘫，气管套管在位，鼻饲管在位通畅，右上肢PICC在位，平素有咳嗽，咳痰少，咳痰能力弱，二便失禁，均能解，大便2天左右一次，右侧额颞部伤口已愈合，无渗液及红肿。舌苔白，脉细涩。,植物状态，精神差，形体适中，语言不能，口唇发绀；皮肤正常，无斑疹。头颅大小形态正常，无目窼下陷，白睛无黄染，耳轮正常，无耳瘘及生疮；颈部对称，无青筋暴露，无瘿瘤瘰疬，胸部对称，虚里搏动正常，腹部平坦，无癥瘕痞块，爪甲色泽红润，双下肢无浮肿，舌苔白，脉细涩。,0,0,0,0,0,0,1,0,0,0,1,痰湿
428821,train,气虚血瘀证,auto,反复胸闷不适1周，加重伴四肢乏力2天,患者1周前因劳累后出现胸闷不适，伴心慌乏力，休息后即可缓解。2天前患者无明显诱因出现胸闷加重，伴四肢乏力，时有心慌，活动后加重，自感头皮发紧，四肢乏力，至徐州市二院就诊，查心电图示：ST-T改变；u波大于T/2（V2、V3），予药治疗（具体不详），病情未改善，今至我院就诊，为进一步治疗收入我科。入院时：患者胸闷不适，时有心慌乏力，伴头皮发紧，夜间可平卧，无恶寒发热，无恶心呕吐，无腹胀呕吐，无腹泻腹痛，口淡纳呆，二便尚调，夜寐欠安。,神志清晰，精神尚可，形体适中，语言清晰，口唇发绀；皮肤正常，无斑疹。头颅大小形态正常，无目窼下陷，白睛无黄染，耳轮正常，无耳瘘及生疮；颈部对称，无青筋暴露，无瘿瘤瘰疬，胸部对称，虚里搏动正常，腹部平坦，无癥瘕痞块，爪甲色泽红润，双下肢无浮肿，舌紫，苔薄白，脉细涩。,1,0,0,0,0,1,0,0,0,0,2,血瘀|气虚
472686,train,肝胃不和证,auto,上腹部胀痛间作一月,患者一月前无明显诱因出现上腹部胀痛不适，以剑下为主，无嗳气反酸，无恶心呕吐，伴排气增多，觉口干口苦，食欲减退，排便困难，曾口服乳杆菌、中药对症治疗，效果欠佳，一月来病情无明显好转，无明显好转，今为求中西医结合进一步诊治再来我院，门诊遂拟慢性胃炎收住入院。病程中患者上腹部胀痛，无恶心欲吐，口干口苦间作，食欲减退，无发热、黄疸，无吞咽困难，无呕血、黑便，无腹泻，食纳欠佳、睡眠尚可，小便正常，排便困难，近期无明显消瘦。,神志清晰，精神尚可，形体形体适中，语言清晰，口唇红润；皮肤正常，无斑疹。头颅大小形态正常，无目窼下陷，无白睛，耳轮正常，无耳瘘级生疮；颈部对称，无青筋暴露，无瘿瘤瘰疬，胸部对称，虚里搏动正常，腹部平坦，无癥瘕痞块，爪甲色泽红润，双下肢对称，舌质红，苔薄黄，脉弦。,0,0,0,0,1,0,0,0,0,0,1,气滞
468270,train,脾胃积热证,auto,剑突下疼痛间作2月余，加重5天,患者2月余前无明显诱因出现剑突下疼痛，呈间断性烧灼样疼痛，与饮食无碍，无肩背部放射痛，伴反酸及上腹部烧灼感，无嗳气，无明显腹胀，恶心干呕，无发热，食欲尚可，夜寐尚安，小便调，大便日行一次，无粘液脓血，当时未予重视，未行相关检查或治疗。后剑突下疼痛症状间断发作，遂至青岛市城阳人民医院就诊，查“乙肝表面抗原、丙肝抗体、钾、钠、氯、二氧化碳结合率、淀粉酶、血常规、心电图未见明显异常”，后至我院门诊就诊，查电子胃镜考虑“活动性胃炎伴糜烂（C2萎缩），胃镜病理回示：（胃体下部）粘膜重度慢性活动性炎伴灶性肠上皮化生，建议免疫组化分型”，并于2020.04.08至我院住院治疗（住院号463269），并于04.10行胃镜下胃病损切除术，胃镜诊断：胃窦粘膜隆起内镜下治疗，慢性胃炎伴糜烂及胆汁反流。予抑酸、护胃、对症支持等治疗后好转出院。5天前，患者因饮食不慎后再次出现剑突下疼痛，伴胸骨后烧灼感，脐周疼痛时作。现患者为求进一步诊治，今来我院，由门诊收入我科。入院时患者：剑突下疼痛，呈间断性烧灼样疼痛，与饮食无碍，无肩背部放射痛，伴反酸及上腹部烧灼感，无嗳气，无明显腹胀，恶心干呕，无发热，食欲尚可，夜寐尚安，小便调，大便日行一次，无粘液脓血，近期体重轻度下降，舌红苔薄黄，脉弦。,神志清晰，精神尚可，形体形体适中，语言清晰，口唇红润；皮肤正常，无斑疹。头颅大小形态正常，无目窼下陷，白睛无黄染，耳轮正常，无耳瘘及生疮；颈部对称，无青筋暴露，无瘿瘤瘰疬，胸部对称，虚里搏动正常，腹部平坦，无癥瘕痞块，爪甲色泽红润，双下肢无浮肿，舌红，苔黄，脉弦。,0,0,0,0,0,0,0,0,0,1,1,实热
470515,train,气虚血瘀证,auto,反复胸闷心慌1年余，加重1周。,患者1年余前反复出现胸闷心慌，呈阵发性，每次持续数秒至数分钟，时有汗出，无胸痛及放射痛，无恶心呕吐，无头晕黑矇，休息后可自行缓解，未予重视。1周前患者自觉胸闷心慌较前加重，发作较前频繁，伴汗出不适，遂今日至我院门诊就诊，患者门诊已查血常规、新冠病毒核酸检测及胸部CT，已排除新冠病毒肺炎，为进一步诊治收住入院。入院时：患者胸闷心慌，时作时休，偶有胃胀、剑突下疼痛，无发热恶寒，无咳嗽咳痰，无恶心呕吐，无头晕黑矇，纳可，小便尚调，大便质稀，日行2-4次，夜寐欠佳。,神志清晰，精神尚可，形体适中，语言清晰，口唇发绀；皮肤正常，无斑疹。头颅大小形态正常，无目窼下陷，白睛无黄染，耳轮正常，无耳瘘及生疮；颈部对称，无青筋暴露，无瘿瘤瘰疬，胸部对称，虚里搏动异常，腹部平坦，无癥瘕痞块，爪甲色泽红润，双下肢无浮肿。舌质紫暗，有瘀斑，舌下瘀筋，苔薄，脉弦涩。,1,0,0,0,0,1,0,0,0,0,2,血瘀|气虚
447359,train,气滞血瘀证,auto,腰部疼痛1月余加重1周。,患者1月前因劳累出现腰部疼痛，自感乏力，休息后减轻，患者未予重视，近1周来患者自觉上述症状加重，疼痛使患者不能弯腰，夜间因疼痛无法安睡，经休息后症状未见明显减轻，现为求进一步治疗，由门诊拟“腰椎小关节紊乱”收住入院。入院时见：患者腰部疼痛，弯腰困难，不耐久坐久站，不耐久行，未有双下肢放射痛，无头痛，食纳欠佳，夜寐欠安，二便调。,神志清晰，精神尚可，形体偏瘦，语言清晰，口唇红润；皮肤正常，无斑疹。头颅大小形态正常，无目窼下陷，白睛无黄染，耳轮正常，无耳瘘及生疮；颈部对称，无青筋暴露，无瘿瘤瘰疬，胸部对称，虚里搏动正常，腹部平坦，无癥瘕痞块，爪甲色泽红润，双下肢无浮肿，舌暗，苔白，脉弦细。,0,0,0,0,1,1,0,0,0,0,2,气滞|血瘀
484536,train,湿热下注证,auto,肛内肿物外脱伴肿痛7天,患者于入院前7天，出现因食辛辣醇厚且劳累后出现肛缘肿痛伴肛内肿物脱出，症情反复发作渐加重，遂来本院求治。刻下：肛内肿物脱出伴肿缘疼痛，大便1日1行，质软，排出畅，无便血，无排便不尽及肛门坠胀感，无粘液便，小溲畅，无发热恶寒。纳食可，夜寐尚可，舌红，苔黄，脉滑数。,神志清晰，精神尚可，形体适中，语言清晰，口唇红润；皮肤正常，无斑疹。头颅大小形态正常，无目窼下陷，白睛无黄染，耳轮正常，无耳瘘及生疮；颈部对称，无青筋暴露，无瘿瘤瘰疬，胸部对称，虚里搏动正常，腹部平坦，无癥瘕痞块，爪甲色泽红润，双下肢无浮肿，舌淡红，苔白，脉滑数。,0,0,0,0,0,0,0,1,0,0,1,湿热
429018,train,肝阳上亢证,auto,反复头晕1月余，加重伴双目胀痛3天,"患者1月前反复出现头晕不适，双目发胀,多次测血压在150/85-90mmhg左右，至当地社区医院就诊,予以口服依伦平治疗,病情稍显缓解。3天前患者临睡时感头晕头昏加重，且双目胀痛，自测血压多在160/90mmhg左右，遂今日至我院就诊，现为进一步诊治，拟“眩晕病”收住入院。入院时：患者时有头晕头昏，双目胀痛不适，稍感乏力，无胸痛放射痛，无恶心呕吐，无咳嗽咳痰，无腹胀腹泻,纳可，二便尚调，夜寐安。",神志清晰，精神尚可，形体适中，语言清晰，口唇红润；皮肤正常，无斑疹。头颅大小形态正常，无目窼下陷，白睛无黄染，耳轮正常，无耳瘘及生疮；颈部对称，无青筋暴露，无瘿瘤瘰疬，胸部对称，虚里搏动正常，腹部平坦，无癥瘕痞块，爪甲色泽红润，双下肢无浮肿，舌暗红，少苔，脉数。,0,0,1,0,0,0,0,0,0,0,1,阴虚
481351,train,气虚血瘀证,auto,阵发性胸闷1年余，再发加重1周。,患者1年前开始出现活动后胸闷，无胸痛放射痛，无心慌自汗，无喘憋气促，无咳嗽咯痰，上述症状持续数分钟，休息后能缓解，患者当时未予重视，未系统诊治。1年来患者上述症状仍反复发作，性质程度同前。1周来患者自觉上述症状发作较前频繁，休息后缓解不完全，遂今日来我院门诊就诊，门诊查胸部CT：1.两肺间质性改变。 2.冠状动脉钙化。 3.肝脏小囊片低密度影。血常规、新冠核酸未见异常。为求系统诊治，今收入住院。入院时：患者诉胸闷胸痛未作，无心慌自汗，无喘憋气促，无咳嗽咯痰，纳食尚可，夜寐一般，二便无殊。,神志清晰，精神尚可，形体适中，语言清晰，口唇无发绀；皮肤正常，无斑疹。头颅大小形态正常，无目窼下陷，白睛无黄染，耳轮正常，无耳瘘及生疮；颈部对称，无青筋暴露，无瘿瘤瘰疬，胸部对称，虚里搏动异常，腹部平坦，无癥瘕痞块，爪甲色泽红润，双下肢无浮肿。舌质淡紫，苔薄白，脉虚细涩。,1,0,0,0,0,1,0,0,0,0,2,血瘀|气虚
477693,train,气虚血瘀证,auto,血糖升高20年，双足麻痛3个月,患者2型糖尿病病史20年，现降糖方案为“门冬胰岛素30早16u中10u晚16uih 餐前5分钟，诺和龙 1mg 2/日，达格列净片 1# 1/日”；餐前血糖为10-11mmol/l，餐后血糖未测。3个月前出现双足麻痛，视物模糊，便秘。来我院门诊，为进一步诊疗，收入我病区，现症：双足麻痛，视物模糊，便秘，纳差，小便正常，夜寐安，舌暗红，舌下瘀络，苔白腻，脉细涩。近期体重无变化。,神志清晰，精神尚可，形体适中，语言清晰，口唇红润；皮肤正常，无斑疹。头颅大小形态正常，无目窼下陷，无白睛，耳轮正常，无耳瘘及生疮；颈部对称，无青筋暴露，无瘿瘤瘰疬，胸部对称，虚里搏动正常，腹部平坦，无癥瘕痞块，爪甲色泽红润，双下肢无浮肿，双足麻痛，视物模糊，便秘，纳差，小便正常，夜寐安，舌暗红，舌下瘀络，苔白腻，脉细涩。,1,0,0,0,0,1,0,0,0,0,2,血瘀|气虚
465378,train,气虚血瘀证,auto,胸闷、胸痛反复发作10余年，加重7天,患者10余年前无明显诱因出现胸闷、胸痛反复发作，当时于当地医院诊断为冠心病，经治疗后好转，此后不规律服用药物，2015年至徐州市三院行“阑尾手术切除”时发现房颤病史，此后未特殊治疗，7天前患者症情较前较重，现患者为求进一步明确诊疗遂由门诊收住入院，入院时：患者神清，精神欠佳，胸闷、胸痛，时有左后背及左上肢内侧放射痛，心慌偶作，无恶心呕吐，无头晕头痛，无恶寒发热，无腹痛腹泻，纳寐尚可，小便尚调，大便尚可。舌质淡紫，苔腻，脉结代。,神志清晰，精神尚可，形体适中，语言清晰，口唇发绀；皮肤正常，无斑疹。头颅大小形态正常，无目窼下陷，无白睛，耳轮正常，无耳瘘及生疮；颈部对称，无青筋暴露，无瘿瘤瘰疬，胸部对称，虚里搏动正常，腹部平坦，无癥瘕痞块，爪甲色泽红润，双下肢对称，舌质淡紫，苔腻，脉结代。,1,0,0,0,0,1,0,0,0,0,2,血瘀|气虚
470760,train,脾肾两虚证,manual_disambiguated,确诊系统性红斑狼疮、狼疮性肾炎10年，血肌酐升高3年，憋喘4日,"患者10年前因发现蛋白尿确诊为系统性红斑狼疮，2010年4月肾活检病理结果为狼疮性肾炎IV型。予激素、环磷酰胺、硫酸羟氯喹、扶异治疗，2014.6.30-2014.7.23曾在我科住院治疗，出院后予强的松50mgqd维持服用，患者自行渐减量为15mgqd，11月底自行停用激素，因蛋白尿复发于2014.12.18起开始应用强的松60mgqd、CTX0.6q2w、扶异0.5bid等药物，未规律复诊，未规律应用CTX，其后激素减量至25mg qd，扶异0.5 bid，硫酸强氯喹 0.2 qd，2015年7月开始规律使用环磷酰胺共3次，胃肠道症状较重，遂至南京军区总医院就诊，改为激素+雷公藤多苷片治疗，2017年2月14日因酒精中毒、吸入性肺炎于我科住院治疗，出院时服用甲强龙片4#qd，硫酸羟氯喹 0.2 bid，雷公藤多苷片20mgtid，患者2017-8查血肌酐轻度升高；2018年10月查尿蛋白1+，肾功能：BUN5.8mmol/L，Scr83.8umol/L，补体C3 0.81g/L，补体C4 0.13g/L，Hb 139g/L，患者自行停药药物约2月，其后自服强的松10mg/日，硫酸羟氯喹0.2/日，患者2019-03门诊查尿蛋白3+，肾功能：BUN8.98mmol/L，Scr127.2umol/L，补体C3 0.46g/L，补体C4 0.06g/L，Hb 131g/L，患者自行再次停用药物；改服用保健品治疗；患者2019年5月因生气后出现恶心不欲进食，胸闷，心前区不适，6月我科住院查血肌酐345umol/L，K5.96mmol/L；NT-ProBNP50144.45pg/ml↑,PCT 0.42ng/ml↑。补体C3 0.50g/L↓,补体C4 0.07g/L↓。ENA：抗双链DNA抗体 阳性,抗组蛋白抗体 阳性（++）,抗核小体抗体 阳性,抗核糖体P蛋白抗体 阳性（++）,抗U1-SNRNP抗体 阳性(+)。糖化血红蛋白测定 HBA1C 6.1↑。尿常规：WBC 27个/uL↑,颗粒管型 2,蛋白 2+,红细胞 234个/uL↑,潜血 3+。尿蛋白/尿肌酐 1.65/2576.7↑，予甲强龙80mg+环磷酰胺治疗；患者使用环磷酰胺后出现转氨酶升高，停用环磷酰胺，加用利妥昔单抗100mg×3次治疗，患者出院后自2019年9月未再复诊，患者近4日自觉憋喘加重，患者今日至我科就诊，为进一步系统诊治，收住我病区，入院时：患者憋喘较甚，活动后加重，双下肢轻度水肿，有光敏感，进食尚可，夜寐安，二便调。舌淡，苔白，脉细。",神志清晰，精神尚可，形体形体适中，语言清晰，口唇红润；皮肤正常，无斑疹。头颅大小形态正常，无目窼下陷，无白睛，耳轮正常，无耳瘘及生疮；颈部对称，无青筋暴露，无瘿瘤瘰疬，胸部对称，虚里搏动正常，腹部平坦，无癥瘕痞块，爪甲色泽红润，双下肢轻度可凹陷性浮肿，舌淡红，苔白，脉沉细。,0,1,0,1,0,0,0,0,0,0,2,阳虚|血虚
486608,test,湿热下注证,auto,便后肛内肿物脱出20年余，加重10天,"患者20年前因劳累感会阴部坠胀明显，而致便后肛内肿物脱出，不能回复，大便带血，自行休息后症状未见明显缓解，10天来症状明显加重，肛门疼痛，行走不便，便血量多，遂于今日由门诊拟“混合痔”，收入我区。刻下：无发热咳嗽，便后肛内肿物脱出，不能还纳，持续疼痛，活动受限，肛门坠胀不适,大便排出困难，纳寐欠安。",神志清晰，精神尚可，形体形体适中，语言清晰，口唇红润；皮肤正常，无斑疹。头颅大小形态正常，无目窼下陷，无白睛，耳轮正常，无耳瘘及生疮；颈部对称，无青筋暴露，无瘿瘤瘰疬，胸部对称，虚里搏动正常，腹部平坦，无癥瘕痞块，爪甲色泽红润，双下肢无浮肿，舌淡红，苔白，脉平和。,0,0,0,0,0,0,0,1,0,0,1,湿热
480955,train,阴虚阳亢证,auto,反复头晕头痛1月余。,患者1月前开始反复出现头晕头痛不适，多次测血压高于140/60mmhg，最高血压180/70mmhg，患者既往有“高血压”病史2年，服用非洛地平降压，血压控制欠佳。患者平素时有胸闷心慌，自述曾于徐州市中心医院行冠脉造影检查示冠脉50%狭窄（具体不详），平素服用“阿司匹林”治疗。近日患者感头晕头痛明显加重，持续不解，伴目眶胀痛，无胸闷心慌，无胸痛放射痛，无晕厥黑矇，现为进一步诊治收住入院。入院时：患者头晕头痛明显，目赤，目眶胀痛，无视物旋转，无黑矇晕厥，无胸痛放射痛，无胸闷心慌，无恶心呕吐，无耳鸣耳聋，纳食可，二便调，夜寐安。,神志清晰，精神尚可，形体适中，语言清晰，口唇红润；皮肤正常，无斑疹。头颅大小形态正常，无目窼下陷，白睛无黄染，耳轮正常，无耳瘘及生疮；颈部对称，无青筋暴露，无瘿瘤瘰疬，胸部对称，虚里搏动正常，腹部平坦，无癥瘕痞块，爪甲色泽红润，双下肢无浮肿，舌红少苔，脉弦细。,0,0,1,0,0,0,0,0,0,0,1,阴虚
448689,train,气滞血瘀证,auto,车祸致腰背部疼痛伴活动受限1小时,患者1小时前不慎发生车祸，当时即感腰背部疼痛剧烈，活动受限，翻身困难，伴有头痛、头晕，恶心，无呕吐，120送入我院，询问病史及查体后，行腰椎CT示：腰1椎体压缩性骨折，，遂经门诊拟“腰椎压缩性骨折”收治入院。刻下患者腰背部疼痛依然，活动受限，伤后无昏迷，无意识不清，对受伤经过回忆清晰，无头晕头疼，无恶心呕吐，饮食未进，二便未排。,神志清晰，精神尚可，形体适中，语言清晰，口唇红润；皮肤正常，无斑疹。头颅大小形态正常，无目窼下陷，白睛无黄染，耳轮正常，无耳瘘及生疮；颈部对称，无青筋暴露，无瘿瘤瘰疬，胸部对称，虚里搏动正常，腹部平坦，无癥瘕痞块，爪甲色泽红润，双下肢无浮肿，舌淡红，苔白，脉弦滑。,0,0,0,0,1,1,0,0,0,0,2,气滞|血瘀
427324,train,气滞血瘀证,auto,绝经9年，下腹隐痛2天，要求取环,患者既往月经周期规则，30日一行，7天净，量中等，无痛经，50岁绝经，绝经后无异常阴道出血、异常排液等情况。患者昨日起下腹隐痛不适，为求取环，今日就诊于我院门诊，查妇科检查提示：宫体压痛及双附件区压痛（±），妇科彩超示：子宫平位，宫体体积减小，形态正常，表面光滑，肌层回声均匀，宫腔线分离14mm，节育器居中，双卵巢显示不清，子宫直肠窝未见明显积液，提示：绝经后子宫萎缩，宫腔积液，患者为行进一步治疗入住我院。刻下：患者神清，精神可，腰部酸痛明显，无腹痛，无阴道出血及排液，无寒热往来，无头晕头痛，无肛门下坠感，纳可，寐安，二便调畅。,神志清晰，精神尚可，形体适中，语言清晰，口唇红润；皮肤正常，无斑疹。头颅大小形态正常，无目窼下陷，白睛无黄染，耳轮正常，无耳瘘及生疮；颈部对称，无青筋暴露，无瘿瘤瘰疬，胸部对称，虚里搏动正常，腹部平坦，无癥瘕痞块，爪甲色泽红润，双下肢无浮肿，舌淡红，苔白，脉弦涩。,0,0,0,0,1,1,0,0,0,0,2,气滞|血瘀
462588,train,阳虚水泛证,auto,阵发性胸闷憋喘半年，加重伴双下肢水肿1月。,患者半年余前反复出现胸闷憋喘不适，活动后明显，伴气短乏力，纳食减少，夜间尚可平卧，眼睑浮肿，夜寐差，未正规治疗，症状反复发作，且呈加重趋势，1月前患者感胸闷憋喘加重，伴颜面、双下肢水肿，夜间不能平卧，活动明显，纳差，不欲饮食，干呕，至沛县中医院就诊，心脏彩超：1、主动脉瓣轻度反流、二尖瓣轻度反流2、三尖瓣轻度反流3、微量心包积液4、左心功能不全5、轻度肺动脉高压，EF：46%，予利尿减轻心脏负荷、抗聚稳斑、改善心功能治疗，患者憋喘症状未见明显缓解，双下肢水肿，遂今日至我院就诊，为进一步诊治，拟“急性左心衰竭 心功能IV级 冠心病 不稳定性心绞痛 阵发性房颤 2型糖尿病”收住入院。入院时：患者憋喘、呼吸困难，端坐呼吸，不能平卧，心悸怔忡，颜面、双下肢浮肿，四肢冰冷，纳差干呕，胃胀，大便少，夜寐不安。,神志清晰，精神差，形体偏胖，语言清晰，口唇发绀；皮肤正常，无斑疹。头颅大小形态正常，无目窼下陷，白睛无黄染，耳轮正常，无耳瘘及生疮；颈部对称，无青筋暴露，无瘿瘤瘰疬，胸部对称，虚里搏动正常，腹部平坦，无癥瘕痞块，爪甲色泽青紫，双下肢有浮肿，舌暗淡，体胖，苔白厚腻，脉沉迟。,0,0,0,1,0,0,0,0,0,0,1,阳虚
455291,train,风痰阻络证,auto,左侧肢体及头面部麻木发胀间作3天,患者近3天，自觉左侧肢体及头面部异样感，发作性发胀，麻木，似过电样，每次持续约数分钟缓解，每天发作数次，现觉左侧肢体欠灵活，今为求进一步中西医结合治疗，拟“脑梗死、短暂性大脑缺血发作”收治入院。入院时，患者神志清楚，精神一般，左侧肢体欠灵活，头面部及左侧肢体麻木间作，无言语欠利，偶有头晕，活动尚自如，纳寐尚可，偶有反酸， 二便调，舌暗红，苔白腻，脉弦滑。,神志清晰，精神尚可，形体适中，言语欠利，口唇淡紫，口角稍向左歪；皮肤正常，无斑疹。头颅大小正常无畸形，无目窼下陷，白睛无黄染，耳轮正常，无耳瘘及生疮；颈部对称，无青筋暴露，无瘿瘤瘰疬，胸部对称，虚里搏动正常，腹部平坦，无癥瘕痞块，爪甲色泽暗，双下肢无浮肿，舌暗红，苔白腻，脉弦滑。,0,0,0,0,0,0,1,0,1,0,2,内风|痰湿
473541,train,湿热下注证,auto,肛内肿物外脱伴肿痛3天,"患者于入院前3天，出现因食辛辣醇厚且劳累后出现肛缘肿痛伴肛内肿物脱出,予治疗，症情反复发作渐加重，遂来本院求治。刻下：肛内肿物脱出伴肿缘疼痛，坐卧不宁，行走不利。大便1日1行，质软，排出不畅，无便血，伴排便不尽及肛门坠胀感，无粘液便，小溲畅，无发热恶寒。纳食可，夜寐尚可，舌红，苔黄，脉滑数。",神志清晰，精神尚可，形体适中，语言清晰，口唇红润；皮肤正常，无斑疹。头颅大小形态正常，无目窼下陷，白睛无黄染，耳轮正常，无耳瘘及生疮；颈部对称，无青筋暴露，无瘿瘤瘰疬，胸部对称，虚里搏动正常，腹部平坦，无癥瘕痞块，爪甲色泽红润，双下肢无浮肿，舌淡红，苔白，脉滑数。,0,0,0,0,0,0,0,1,0,0,1,湿热
427819,train,气虚血瘀证,auto,头晕伴右侧肢体乏力1天,患者1天前无明显诱因下出现头晕，视物旋转，右侧肢体乏力，无口眼歪斜，无四肢感觉障碍，无言语不利，无饮水呛咳，无头痛，无耳鸣耳聋，患者自觉经休息后症状缓解不明显，遂今来我院门诊就诊，为求系统诊治，今收入住院。入院时：患者头晕，仍感视物旋转，右侧肢体乏力，无头痛，无耳鸣耳聋，无口眼歪斜，无四肢感觉障碍，无言语不利，无饮水呛咳，纳食尚可，夜寐正常，二便无殊。,神志清晰，精神尚可，形体适中，语言清晰，口唇发绀；皮肤正常，无斑疹。头颅大小形态正常，无目窼下陷，白睛无黄染，耳轮正常，无耳瘘及生疮；颈部对称，无青筋暴露，无瘿瘤瘰疬，胸部对称，虚里搏动正常，腹部平坦，无癥瘕痞块，爪甲色泽苍白，双下肢无浮肿，舌紫暗有瘀斑，苔白腻，脉弦滑。,1,0,0,0,0,1,0,0,0,0,2,血瘀|气虚
432787,train,湿热蕴结证,auto,反复腹泻伴大便带血半年余。,患者半年前饮酒后反复出现腹泻，大便2-3次/天，稀水样便，口服止泻药物后症状可改善。伴有间断大便带血，鲜血，附着大便表面，量较少。无明显腹痛腹胀，无恶心呕吐，无发热。今为求进一步诊治而来我院，查肠镜提示肠息肉、慢性结肠炎，门诊予以收入我科。发病来，患者间断腹泻、大便带血，无头痛，无胸痛、咳痰、咯血，无呕血、黑便，食纳、睡眠尚可，无尿频、尿急，无肉眼血尿，近期无明显消瘦。,神志清晰，精神尚可，形体形体偏胖，语言清晰，口唇红润；皮肤正常，无斑疹。头颅大小形态正常，无目窼下陷，无白睛，耳轮正常，无耳瘘及生疮；颈部对称，无青筋暴露，无瘿瘤瘰疬，胸部对称，虚里搏动正常，腹部平坦，无癥瘕痞块，爪甲色泽红润，双下肢无浮肿，舌红，苔黄腻，脉弦。,0,0,0,0,0,0,0,1,0,0,1,湿热
446880,train,气滞血瘀证,auto,车祸致全身多处肿痛伴活动受限5小时,患者约5小时前不幸发生车祸，当时即感全身多处疼痛伴活动不利，急被120送至我院急诊就诊。经询问病史及查体后，行相关影像学检查，结果回示：全腹部CT平扫未示明显脏器挫裂伤。左侧膝关节退行性变、少量关节积液。1、腰椎CT平扫未见明确错位性骨折或椎体滑脱改变。2、腰椎退行性变，L2、3椎体许莫氏结节表现，L4/5椎间盘变性。颈椎CT平扫未见明确错位性骨折或椎体滑脱改变。颈椎骨质增生。肋骨三维重建未见明确错位性骨折征象。两肺间质性改变，肺坠积效应可能。颅脑螺旋CT平扫颅内尚未见明确血肿及脑挫裂伤。故为求进一步治疗，遂经急诊拟“多处挫伤”收治入院。刻下患者全身多处疼痛依然，活动受限，伤后无昏迷，无意识不清，对受伤经过回忆清晰，自诉平有头晕头痛，时有反复，无腹胀腹痛，二便未解。,神志清晰，精神尚可，形体适中，语言清晰，口唇红润；皮肤正常，无斑疹。头颅大小形态正常，无目窼下陷，白睛无黄染，耳轮正常，无耳瘘及生疮；颈部对称，无青筋暴露，无瘿瘤瘰疬，胸部对称，虚里搏动正常，腹部平坦，无癥瘕痞块，爪甲色泽红润，双下肢无浮肿，舌淡红，苔白，脉细涩。,0,0,0,0,1,1,0,0,0,0,2,气滞|血瘀
446223,train,风痰入络证,auto,突发右侧肢体麻木2小时,患者2小时前无明显诱因突发右侧肢体麻木，无头痛，头晕，无恶心、呕吐，无意识障碍，无胸闷、心慌，遂来我院急诊就诊，由急诊收入我科，入院时：患者神清，精神可，右侧肢体麻木，头晕，右侧口角下垂，无胸闷、心慌，无咳嗽、咳痰，无发热，饮食，睡眠可，二便调。舌质淡红，苔白腻，脉弦滑。,神志清晰，精神尚可，形体适中，语言清晰，口唇红润；皮肤正常，无斑疹。头颅大小形态正常，无目窼下陷，白睛无黄染，耳轮正常，无耳瘘及生疮；颈部对称，无青筋暴露，无瘿瘤瘰疬，胸部对称，虚里搏动正常，腹部平坦，无癥瘕痞块，爪甲色泽红润，双下肢无浮肿，舌质淡红，苔白腻，脉弦滑。,0,0,0,0,0,0,1,0,1,0,2,内风|痰湿
436727,train,肾虚肝亢证,auto,潮热盗汗伴双手掌发红2月余,"患者平素性情急躁，2月前因情绪激动后开始出现潮热盗汗，失眠多梦,双手掌发红，时伴有头痛头昏不适，双侧乳房胀痛，胃部灼热及反酸，呈逐渐加重趋势。为求中西医进一步治疗，今遂至我院门诊，门诊拟“卵巢早衰？”收治入院。病程中患者诉头面烘热，心烦口苦，头昏沉不适，神疲乏力，双手掌发红，双侧乳房胀痛隐隐，无明显咳嗽，无胸闷胸痛，无腹胀腹痛。纳食欠佳，夜寐欠安，二便尚调。近期体重无明显降低。",神志清晰，精神尚可，形体适中，语言清晰，口唇红润；皮肤正常，无斑疹。头颅大小形态正常，无目窼下陷，无白睛，耳轮正常，无耳瘘及生疮；颈部对称，无青筋暴露，无瘿瘤瘰疬，胸部对称，虚里搏动正常，腹部平坦，无癥瘕痞块，爪甲色泽红润，双下肢无浮肿，舌淡红，苔薄白，脉弦细。,0,0,1,1,0,0,0,0,0,0,2,阴虚|阳虚
459670,train,脾肾两虚证,manual_disambiguated,双下肢水肿伴纳差乏力6月,"6月前患者无明显诱因下出现纳差乏力，伴双下肢水肿，查尿蛋白3+、红细胞26个/ul、潜血3+，于我科住院治疗，查大量蛋白尿、低白蛋白血症、高脂血症，诊断为肾病综合征，8.5于彩超引导下行肾穿刺检查，2019.8.8病理报告示肾小球毛细血管襻基底膜广泛增厚，免疫荧光：IgG(++),IgA(-),IgM(+),C1q(-),C3(+++),C4(-),κ(++),λ(++),PLA2R(++),临床印象:膜性肾病。予低分子肝素钙抗凝、立普妥降血脂，8.7予甲强龙40mg静滴、他克莫司1mg bid口服治疗，后加量至早上2mg，晚上1mg，8.12加用肾康80mg静滴保肾降尿蛋白、静滴环磷酰胺0.6g，8.15加用百令胶囊2粒tid保肾，病情好转，出院后规律服药。2019.9.3因双手抖动、多汗入院，查白蛋白 33.9g/L、24小时尿蛋白 0.42g/24h，双下肢浮肿明显减轻，病情控制可，2019.9.4停低分子肝素钙，强的松减量至25mg qd，2019.9.5予静滴环磷酰胺0.6g治疗，好转后出院，激素每半月减半片，2019.10.19予静滴环磷酰胺0.6g治疗，至今累及4.2g，现激素口服1片qod，现为进一步中西医结合系统诊治，遂就诊于我科，门诊拟“肾病综合征”收治入院，病程中患者无恶心呕吐，无胸闷憋喘，无发热，无咳嗽咯痰，无尿频急痛，无腹痛腹泻，双下肢无浮肿，饮食睡眠尚可，大便未见明显异常。",神志清晰，精神尚可，形体适中，语言清晰，口唇红润；皮肤正常，有斑疹。头颅大小形态正常，无目窼下陷，无白睛，耳轮正常，无耳瘘及生疮；颈部对称，无青筋暴露，无瘿瘤瘰疬，胸部对称，虚里搏动正常，腹部平坦，无癥瘕痞块，爪甲色泽红润，双下肢无浮肿，舌淡红，苔白，脉弦滑。,1,1,0,1,0,0,1,0,0,0,4,阳虚|血虚|气虚|痰湿
418705,train,痰湿蕴肺证,auto,间断咳嗽2年余，加重4月,患者近2年间，患者咳嗽、咳痰症状间断发作，予以药物化痰、止喘及消炎等对症治疗后改善。4月前患者因受凉后出现咳嗽、咳少量白粘痰，无发热，无胸痛。外院予以药物对症治疗后，咳嗽、咳痰仍间断发作，现为求进一步诊治，来我院就诊，门诊以“慢性阻塞性肺疾病急性加重”收入我区住院系统治疗。病程中，患者无恶寒发热，无恶心呕吐，无咳血胸痛，饮食少，睡眠一般，二便正常。,神志清晰，精神尚可，形体适中，语言清晰，口唇红润；皮肤正常，无斑疹。头颅大小形态正常，无目窼下陷，白睛无黄染，耳轮正常，无耳瘘及生疮；颈部对称，无青筋暴露，无瘿瘤瘰疬，胸部对称，虚里搏动正常，腹部平坦，无癥瘕痞块，爪甲色泽红润，双下肢无浮肿，舌淡苔薄腻，脉细滑。,0,0,0,0,0,0,1,0,0,0,1,痰湿
440286,test,气虚血瘀证,auto,头晕乏力伴下肢麻木间作4年余，加重1周,患者3年余前无明显诱因感头晕头昏时作，头胀痛，予外院就诊，诊断：脑梗塞，予住院治疗，好转后出院，症状反复发作，2天前患者无明显诱因感头晕频作，头昏时作，无恶心呕吐，双上肢乏力，胸闷心慌阵作，心前区疼痛时作，无放射痛，无憋喘，无夜间憋醒，可平躺，即来我院门诊就诊，为进一步检查治疗收住入院。病程中患者咳嗽、咳痰不显，无恶寒发热，无四肢抽搐，无气喘，健忘明显，纳食可，夜寐一般，二便尚调。,神志清晰，精神欠佳，形体适中，语言清晰，口唇红润；皮肤正常，无斑疹。头颅大小形态正常，无目窼下陷，白睛无黄染，耳轮正常，无耳瘘及生疮；颈部对称，无青筋暴露，无瘿瘤瘰疬，胸部对称，虚里搏动正常，腹部平坦，无癥瘕痞块，爪甲色泽红润，双下肢有浮肿，舌淡红，苔白，脉弦.,1,0,0,0,0,1,0,0,0,0,2,血瘀|气虚
424432,test,湿热下注证,auto,肛内肿物外脱伴肿痛便血1周,"患者1周来反复出现肛内肿物外脱伴肿痛便血,给予外用药物对症治疗，大便1日1-2行，大便时稀，不成形，排出畅，伴便血，色时暗红，量多，伴排便不尽及肛门坠胀感，无粘液便，小溲畅，无发热恶寒。纳食可，夜寐尚可。舌淡红，苔白，脉数。",神志清晰，精神尚可，形体适中，语言清晰，口唇红润；皮肤正常，无斑疹。头颅大小形态正常，无目窼下陷，白睛无黄染，耳轮正常，无耳瘘及生疮；颈部对称，无青筋暴露，无瘿瘤瘰疬，胸部对称，虚里搏动正常，腹部平坦，无癥瘕痞块，爪甲色泽红润，双下肢无浮肿，舌淡红，苔白，脉数。,0,0,0,0,0,0,0,1,0,0,1,湿热
451986,train,正虚毒结证,auto,原发性肝癌介入术后1月余。,患者于2019-07月体检发现肝脏占位，随后入住我院外科，上腹部增强CT等检查，明确诊断为：肝右叶巨块型肝癌，肝内多发转移；分别于07-09、08-16、09-26日于DSA室行“经皮穿刺腹腔动脉造影+灌注+栓塞术”，术后恢复可。出院后患者无明显特殊不适，现为进一步治疗，至我科就诊，门诊以“原发性肝癌”收入住院。入院症见：患者无明显腹痛、腹胀，无咳嗽、咳痰，无胸闷、胸痛，二便自调，夜寐安。,神志清晰，精神尚可，形体偏瘦，语言清晰，口唇红润；皮肤正常，无斑疹。头颅大小形态正常，无目窼下陷，白睛有轻度黄染，耳轮正常，无耳瘘及生疮；颈部对称，无青筋暴露，无瘿瘤瘰疬，胸部对称，虚里搏动正常，腹部平坦，无癥瘕痞块，爪甲色泽红润，双下肢无浮肿，舌淡红，苔白腻，脉弦细。,1,0,0,0,0,1,0,0,0,0,2,血瘀|气虚
451484,train,湿热下注证,auto,肛内肿物外脱伴肿痛1月。,"患者于入院前1月，出现因食辛辣醇厚且劳累后出现肛缘肿痛伴肛内肿物脱出,未予治疗，症情反复发作渐加重，遂来本院求治。刻下：肛内肿物脱出伴肿缘疼痛，坐卧不宁，行走不利。大便，一日1次，质硬，排出畅，无便血，伴排便不尽及肛门坠胀感，无粘液便，小溲畅，无发热恶寒。纳食可，夜寐尚可，舌红，苔黄，脉滑数。",神志清晰，精神尚可，形体适中，语言清晰，口唇红润；皮肤正常，无斑疹。头颅大小形态正常，无目窼下陷，白睛无黄染，耳轮正常，无耳瘘及生疮；颈部对称，无青筋暴露，无瘿瘤瘰疬，胸部对称，虚里搏动正常，腹部平坦，无癥瘕痞块，爪甲色泽红润，双下肢无浮肿，舌红，苔黄，脉滑数。,0,0,0,0,0,0,0,1,0,0,1,湿热
487878,test,肝郁血瘀证,auto,反复头晕不适1年余，加重伴头痛1天,患者1年余前开始反复出现头晕不适，多次测血压高于140/90mmhg，最高190/110mmhg。患者至外院就诊，诊断为“高血压病”，予“厄贝沙坦氢氯噻嗪片150mg 口服qd”控制血压，血压控制较平稳。规律服用降压药物2月后，患者自行停药，停药后血压时有波动，但患者未予重视。1天前患者情绪激动后自觉头晕较前加重，伴头痛，至外院测血压185/106mmhg，未予药物治疗，具体情况不详。今晨患者自觉头晕头痛逐渐加重，遂今日至我院就诊，为进一步诊治予门诊排除新冠肺炎后收住入院。入院时：患者头晕头痛，心慌乏力，时欲太息，遇烦劳、郁怒而加重，无明显胸闷痛，无晕厥黑矇，无行走欠稳，无肢体麻木，纳尚可，二便调，夜寐欠佳。,神志清晰，精神欠佳，形体适中，语言清晰，口唇红润；皮肤正常，无斑疹。头颅大小形态正常，无目窼下陷，白睛无黄染，耳轮正常，无耳瘘及生疮；颈部对称，无青筋暴露，无瘿瘤瘰疬，胸部对称，虚里搏动正常，腹部平坦，无癥瘕痞块，爪甲色泽红润，双下肢无浮肿，舌质淡紫，舌底瘀络，苔薄黄，脉细弦。,0,0,0,0,1,1,0,0,0,0,2,气滞|血瘀
485663,train,气虚血瘀证,auto,反复胸闷不适5年余，加重伴胸痛20天,患者5年前开始反复出现胸闷不适，每次持续1-2分钟，劳累时加重，休息或含服速效救心丸后可缓解。患者至外院查运动平板试验示无异常，未予药物治疗，具体情况不详。20天前天气转冷后患者自觉胸闷不适较前加重，伴心前区刺痛，偶有后背沉重感，时有心慌乏力。患者至市二院查心电图示：窦性心律，正常范围心电图，肌钙蛋白示正常，未予药物治疗。20天来患者时有胸闷痛，且程度逐渐加重，遂今日至我院门诊就诊，为进一步诊治收入我科。入院时：患者心胸疼痛，痛有定处，时作时休，偶有后背沉重感，心慌乏力，夜间打鼾频繁，无明显恶寒发热，无晕厥黑矇，无腹痛腹泻，无头晕头痛，纳尚可，大便稀薄，小便尚调，夜寐欠佳。,神志清晰，精神欠佳，形体适中，语言清晰，口唇红润；皮肤正常，无斑疹。头颅大小形态正常，无目窼下陷，白睛无黄染，耳轮正常，无耳瘘及生疮；颈部对称，无青筋暴露，无瘿瘤瘰疬，胸部对称，虚里搏动正常，腹部平坦，无癥瘕痞块，爪甲色泽红润，双下肢无浮肿，舌质淡紫，舌底瘀络，苔薄白，脉细涩。,1,0,0,0,0,1,0,0,0,0,2,血瘀|气虚
471184,train,气虚血瘀证,auto,发现血糖升高12年，头晕肢麻1月,患者于2008年在外院体检时发现血糖升高，诊断为“2型糖尿病”，曾多次在外院住院治疗。先后口服二甲双胍、诺和龙降糖，后因血糖控制不稳定，改为口服格华止0.5g tid，诺和龙1mg tid，睡前皮下注射长秀霖30u控制血糖。1月前头晕时作，时有肢麻，自觉口渴多饮，小便可见泡沫。为求进一步诊治入住我科。病程中：口渴多饮，时有头晕，无头痛，时有胸闷，无心悸心慌，双目视物稍模糊，乏力倦怠，时有肢麻，胃纳尚可，小便量中，大便偏干，夜寐欠佳，双下肢无水肿。近期无明显消瘦及肥胖。,神志清晰，精神尚可，形体适中，语言清晰，口唇淡红；皮肤正常，无斑疹。头颅大小形态正常，无目窼下陷，白睛无黄染，耳轮正常，无耳瘘及生疮；颈部对称，无青筋暴露，无瘿瘤瘰疬，胸部对称，虚里搏动正常，腹部平坦，无癥瘕痞块，爪甲色泽淡红，双下肢无浮肿，舌暗，苔少，脉涩。,1,0,0,0,0,1,0,0,0,0,2,血瘀|气虚
488359,train,正虚瘀结证,auto,静脉化疗后12天，检查发现骨髓抑制3天,患者2015年09月因“卵巢癌”行手术治疗，术后常规病理提示右卵巢颗粒细胞瘤，免疫组化提示低级别浆液性腺癌，并行3次化疗。2019年01月08日行PET-CT检查考虑卵巢ca术后右下腹网膜区及盆腔系膜及脾内多发转移，遂于2019年01月11日行经腹脾及大网膜切除术，术后病理：脾脏转移性恶性肿瘤，大网膜转移性恶性肿瘤，累及脉管，免疫组化回示高级别浆液性腺癌，术后行12次化疗（2019年05月至2019年07月共行四次化疗，方案为紫杉醇210mg+洛铂40mg，2019年09月至2020年05月共行8次化疗，方案为吉西他滨1.0g d1、d8+顺铂30mgd1、d2、d3）。患者06-16查CA125：76.73U/ml，07-06查CA125：141.40U/ml、甲胎蛋白：9.88ng/ml，查肝功提示乳酸脱氢酶253.0U/L，07月-11月予以白蛋白紫杉醇0.4g+贝伐珠单抗注射液0.4g化疗共计6疗程，现相关检查提示患者病情平稳，拟持续贝伐珠单抗靶向治疗，方案为贝伐珠单抗注射液7.5mg/kg，3周方案，共12期，12-14靶向治疗一周期，01-08予奈达铂针120mg+表柔比星90mg方案化疗，过程顺利。患者01-18我院查血常规：白细胞计数：1.17*109/L，血小板计数63*109/L，01-20查血常规：白细胞计数：1.39*109/L，血小板计数17*109/L，考虑患者3度骨髓移植，建议患者住院观察及治疗，为求进一步治疗，由门诊拟“卵巢癌”收入院。住入我科。入院时：患者一般情况可，无恶寒发热，自觉乏力，无阴道出血，无腹痛、腰酸，无咳嗽、咳痰，饮食、睡眠可，二便调，舌红，苔白，脉细弱。,神志清晰，精神尚可，形体偏瘦，语言清晰，口唇红润；皮肤正常，无斑疹。头颅大小形态正常，无目窼下陷，白睛无黄染，耳轮正常，无耳瘘及生疮；颈部对称，无青筋暴露，无瘿瘤瘰疬，胸部对称，虚里搏动正常，腹部平坦，无癥瘕痞块，爪甲色泽红润，双下肢无浮肿，舌红，苔白，脉细弱。,1,0,0,0,0,1,0,0,0,0,2,血瘀|气虚
433017,train,风痰阻络证,auto,头晕伴双下肢乏力3天。,患者3天前，无明显诱因，出现头晕间作，伴有双下肢乏力，行走后明显，右侧半身麻木不适，今为求进一步中西医结合治疗，收治入院。入院时，患者神志清楚，精神欠佳，头晕间作，双下肢乏力，行走后明显，右侧半身麻木不适，纳寐尚可，二便调。,神志清晰，精神欠佳，形体适中，言语尚清，口唇淡紫，口角不歪；皮肤正常，无斑疹。头颅大小正常无畸形，无目窼下陷，白睛无黄染，耳轮正常，无耳瘘及生疮；颈部对称，无青筋暴露，无瘿瘤瘰疬，胸部对称，虚里搏动正常，腹部平坦，无癥瘕痞块，爪甲色泽暗，双下肢无浮肿，舌暗红，苔薄腻，脉弦滑。,0,0,0,0,0,0,1,0,1,0,2,内风|痰湿
483409,train,肝阳上亢证,auto,言语不能、四肢瘫痪2年，加重2日,患者2年前无明显诱因出现头晕、行走不稳。头晕呈头昏沉感，持续无缓解，遂至外院行相关影像学检查示：脑梗死。予相关治疗后出院（具体药物不详），2日前上述情况加重，为求中西医结合进一步诊治，今来我院就诊，门诊拟“脑梗死”收住入院。病程中无头痛，无恶心呕吐，无意识丧失，无肢体抽搐，无二便失禁。入院时：患者神志尚清，头晕头昏，言语不清，瘫痪在床，左侧肩部、背部压疮，纳食差，夜寐一般，二便尚可。,神志尚清，形体适中，语言含糊不清；皮肤正常，无斑疹。头颅大小形态正常，无目窼下陷，白睛无黄染，耳轮正常，无耳瘘及生疮；颈部对称，无青筋暴露，无瘿瘤瘰疬，胸部对称，虚里搏动正常，腹部平坦，无癥瘕痞块，双下肢无浮肿，舌淡红，苔白，脉弦细。,0,0,1,0,0,0,0,0,0,0,1,阴虚
475209,train,湿热下注证,auto,肛旁流脓液伴肛内肿物外脱1周,患者1周来无明显诱因下出现肛旁流脓液伴肛内肿物外脱，未予治疗，大便1日2-3次，大便质软，排出畅，无便血，无粘液便，无里急后重及排便不尽感，小溲畅，无发热恶寒。纳食可，夜寐尚可。舌红，苔黄，脉滑数。,神志清晰，精神尚可，形体适中，语言清晰，口唇红润；皮肤正常，无斑疹。头颅大小形态正常，无目窼下陷，白睛无黄染，耳轮正常，无耳瘘及生疮；颈部对称，无青筋暴露，无瘿瘤瘰疬，胸部对称，虚里搏动正常，腹部平坦，无癥瘕痞块，爪甲色泽红润，双下肢无浮肿，舌淡红，苔白，脉数。,0,0,0,0,0,0,0,1,0,0,1,湿热
490377,test,气滞血瘀证,auto,双侧膝关节疼痛伴活动受限半月余,患者约半月前无明显诱因下出现双侧膝关节疼痛，活动受限，右侧为重，休息后症状可缓解但活动及行走后疼痛加重，严重影响患者正常生活，故为求进一步治疗，今日来我院门诊就诊，经询问病史及查体后，建议患者住院系统检查治疗，遂经门诊拟“双侧膝关节骨关节炎”收治入院。近期患者无明显体重下降，无潮热盗汗，无胸闷憋喘，无腹胀不适，睡眠及食纳尚可，二便自调。刻下双膝关节疼痛依然，活动受限。,神志清晰，精神尚可，形体适中，语言清晰，口唇红润；皮肤正常，无斑疹。头颅大小形态正常，无目窼下陷，白睛无黄染，耳轮正常，无耳瘘及生疮；颈部对称，无青筋暴露，无瘿瘤瘰疬，胸部对称，虚里搏动正常，腹部平坦，无癥瘕痞块，爪甲色泽红润，双下肢无浮肿，舌淡红，苔白，脉弦。,0,0,0,0,1,1,0,0,0,0,2,气滞|血瘀
440884,train,血瘀痰凝证,auto,左大腿起皮疹3个月。,患者3个月前左大腿发现1枚米粒大小皮疹，略突出皮面，无红肿疼痛，当时未予重视，逐渐增大至豌豆大小，颜色暗红，表面光滑，触之略硬，时有瘙痒，压痛（+），为求进一步诊治，患者今来我科要求住院，手术切除治疗。入院时患者无发热不适，精神及纳食可，夜寐安，二便正常。,神志清晰，精神尚可，形体适中，语言清晰，口唇红润；皮肤正常，无斑疹。头颅大小形态正常，无目窼下陷，白睛无黄染，耳轮正常，无耳瘘及生疮；颈部对称，无青筋暴露，无瘿瘤瘰疬，胸部对称，虚里搏动正常，腹部平坦，无癥瘕痞块，爪甲色泽红润，双下肢无浮肿，舌质暗红，苔薄黄，脉弦滑。,0,0,0,0,0,1,1,0,0,0,2,痰湿|血瘀
477024,train,气阴两虚证,auto,口干多饮伴乏力1月。,患者近1月无明显诱因下出现口干多饮，伴体倦乏力，测空腹血糖＞6.1mmol/L，患者未予重视，饮食控制结合运动锻炼降糖，症状未见明显缓解，遂至我院门诊就诊，今为求进一步中西医结合系统诊治收入我区。目前：患者神清，精神可，口干多饮，多汗，动则汗出，乏力明显，头晕时作，偶有视物模糊，纳食可，夜寐欠安，多梦易醒，小便正常，大便2-3次/日，质溏薄。无视物模糊，无易饥多食，无四肢麻木刺痛，无恶寒发热，无咳嗽咳痰，无腹痛腹泻，无恶心呕吐，双下肢无浮肿，近期体重无明显改变。,神志清晰，精神可，形体偏胖，语言清晰，口唇红润；皮肤正常，无斑疹。头颅大小形态正常，无目窼下陷，白睛无黄染，耳轮正常，无耳瘘及生疮；颈部对称，无青筋暴露，无瘿瘤瘰疬，胸部对称，虚里搏动正常，腹部平坦，无癥瘕痞块，爪甲色泽红润，双下肢无浮肿，舌暗红，苔薄黄，脉弦细。,1,0,1,0,0,0,0,0,0,0,2,阴虚|气虚
476191,train,湿热下注证,auto,肛内肿物外脱伴肿痛6月。,"患者于入院前6月，出现因食辛辣醇厚且劳累后出现肛缘肿痛伴肛内肿物脱出,未予治疗，症情反复发作渐加重，遂来本院求治。刻下：肛内肿物脱出伴肿缘疼痛，坐卧不宁，行走不利。大便1-2日/行，质软，排出畅，无便血，伴排便不尽及肛门坠胀感，无粘液便，小溲畅，无发热恶寒。纳食可，夜寐尚可，舌红，苔黄，脉滑数。",神志清晰，精神尚可，形体适中，语言清晰，口唇红润；皮肤正常，无斑疹。头颅大小形态正常，无目窼下陷，白睛无黄染，耳轮正常，无耳瘘及生疮；颈部对称，无青筋暴露，无瘿瘤瘰疬，胸部对称，虚里搏动正常，腹部平坦，无癥瘕痞块，爪甲色泽红润，双下肢无浮肿，舌红，苔黄，脉滑数。,0,0,0,0,0,0,0,1,0,0,1,湿热
467116,train,痰湿蕴肺证,auto,反复咳喘20年余，加重10余天,患者20年余来，每于感寒受凉后出现咳嗽、咳痰、经抗炎平喘治疗后可改善；多于秋冬季发病，每年总病程超过三个月，诊断为慢性支气管炎，支气管哮喘，反复发病，间断求治。患者10余天前受凉后，出现咳嗽阵作，咳少量白粘痰，伴胸闷憋喘，活动后加重，夜间偶有喉间喘鸣，自服药物控制，效果欠佳。现患者自觉憋喘加重，今为求进一步治疗，收治我区住院。病中，患者无胸痛、无咯血，无咳粉红色泡沫痰，无下肢水肿，纳差，大小便可，睡眠欠佳。,神志清晰，精神差，形体适中，语言清晰，口唇红润；皮肤正常，无斑疹。头颅大小形态正常，无目窼下陷，白睛无黄染，耳轮正常，无耳瘘及生疮；颈部对称，无青筋暴露，无瘿瘤瘰疬，胸部对称，虚里搏动正常，腹部平坦，无癥瘕痞块，爪甲色泽红润，双下肢无浮肿，舌淡红，苔白，脉沉细。,0,0,0,0,0,0,1,0,0,0,1,痰湿
473656,train,热毒蕴结证,auto,肛旁肿痛半年,"患者于入院前6月，出现因食辛辣醇厚且劳累后出现肛旁肿胀疼痛,初未重视，病情反复渐加重，遂来本院求治。刻下：肛旁肿胀疼痛剧烈，大便日行1次，质软，排出畅，偶伴便血，色鲜红，无排便不尽及肛门坠胀感，无粘液便，小溲畅，无发热恶寒。纳食可，夜寐尚可，舌红，苔黄，脉滑数。",神志清晰，精神尚可，形体适中，语言清晰，口唇红润；皮肤正常，无斑疹。头颅大小形态正常，无目窼下陷，白睛无黄染，耳轮正常，无耳瘘及生疮；颈部对称，无青筋暴露，无瘿瘤瘰疬，胸部对称，虚里搏动正常，腹部平坦，无癥瘕痞块，爪甲色泽红润，双下肢无浮肿，舌淡红，苔白，脉滑数。,0,0,0,0,0,0,0,0,0,1,1,实热
469049,train,气滞血瘀证,auto,右足底部疼痛麻木1年半余,"患者2018-11-6背人 行走时不慎扭伤右踝,致右踝部疼痛肿胀伴活动受限,外院拍摄X现片示踝部骨折，予石膏外固定治疗。后患者右踝部骨折愈合拆除石膏外固定后出现右踝部红肿疼痛波及足部。患者就诊于外院行足部MRI检查示右足部骨髓水肿，右踝关节超声检查示：右侧胫神经踝管处增粗，右侧距腓踝关节损伤，诊断为右侧踝管综合征。现患者右足部疼痛不适较甚，伴右足部活动受限，遂来我院就诊，门诊为进一步治疗收入院，现患者右足部麻木，无恶寒发热，无胸闷心慌，二便正常。",神志清晰，精神尚可，形体适中，语言清晰，口唇红润；皮肤正常，无斑疹。头颅大小形态正常，无目窼下陷，白睛无黄染，耳轮正常，无耳瘘及生疮；颈部对称，无青筋暴露，无瘿瘤瘰疬，胸部对称，虚里搏动正常，腹部平坦，无癥瘕痞块，爪甲色泽红润，双下肢无浮肿，舌淡红，苔白，脉弦。,0,0,0,0,1,1,0,0,0,0,2,气滞|血瘀
475798,train,气虚血瘀证,auto,反复胸闷2年余，再发加重伴喘憋气促1天。,患者2年余前开始出现胸闷，活动后加重，于徐州市二院行冠脉造影示冠脉狭窄，植入支架1枚（具体不详），术后规律口服“阿司匹林、波立维、他汀类药物”。2018年7月患者胸闷再发加重，于徐州市二院行球囊扩张术。2018年10月再发胸闷于我院行冠脉造影示LM无明显狭窄；LAD近中段延及支架内血管闭塞；LCX及RCA未见明显狭窄，于LAD闭塞病变处植入支架1枚。术后规律服药，好转后出院。2018年12月患者出现胸闷再作，至我院就诊，病程中出现心源性休克、室颤、室上速及室早二联律，予电复律及药物治疗后病情好转，复查冠脉造影术示LM未见异常，前降支近、中段支架无狭窄，远端血管分支少，LCX未见明显狭窄，RCA主支未见明显狭窄，PDA50%狭窄，左室后支侧供间隔支。建议患者行ICD植入术，患者拒绝，予拜阿司匹林、替格瑞洛、立普妥、胺碘酮、诺欣妥等药物保守治疗后好转出院。1天前患者劳力后出现喘憋气促，胸闷，伴咽喉部紧缩感，至我院急诊就诊，查心电图：窦性心律，完全性左束支传导阻滞。心梗三项：全阴性。后患者胸闷症状自行缓解，今为求系统诊治，收入住院。入院时：患者诉稍感喘憋气促，胸闷未做，无胸痛放射痛，无心慌自汗，无喘憋气促，纳食尚可，夜寐一般，二便无殊。,神志清晰，精神尚可，形体适中，语言清晰，口唇红润；皮肤正常，无斑疹。头颅大小形态正常，无目窼下陷，白睛无黄染，耳轮正常，无耳瘘及生疮；颈部对称，无青筋暴露，无瘿瘤瘰疬，胸部对称，虚里搏动正常，腹部平坦，无癥瘕痞块，爪甲色泽红润，双下肢有浮肿，舌质淡紫，苔薄白，脉虚细涩。,1,0,0,0,0,1,0,0,0,0,2,血瘀|气虚
428680,train,气虚血瘀证,auto,反复胸痛心慌2月，加重2天,患者1月前无明显诱因下出现胸痛心慌，呈针刺样疼痛，放射至左肩部，至我院就诊，于2019-03-12行CAG+PCI术，冠脉造影示：LM无狭窄；LAD近段95%狭窄，中段50-60%狭窄；LCX近段 60-70%，中段闭塞；RCA近段长病变70%狭窄，中段90%狭窄，左室后支近段90%狭窄，TIMI血流III级，与家属沟通后，行PCI术，于LAD远端置入一枚XP药物支架、LCX置入一枚XP药物支架，予以口服“压氏达、硫酸氢氯吡格雷片”等药物治疗，病情好转出院。近2天无明显诱因出现胸闷加重，伴明显心慌，今至我院就诊，为进一步治疗收入我科。入院时：患者胸闷不适，时有心慌乏力，夜间尚可平卧，无恶寒发热，时感恶心反酸，无腹胀呕吐，无腹泻腹痛，纳可，二便尚调，夜寐欠安。,神志清晰，精神尚可，形体适中，语言清晰，口唇红润；皮肤正常，无斑疹。头颅大小形态正常，无目窼下陷，白睛无黄染，耳轮正常，无耳瘘及生疮；颈部对称，无青筋暴露，无瘿瘤瘰疬，胸部对称，虚里搏动正常，腹部平坦，无癥瘕痞块，爪甲色泽红润，双下肢无浮肿，舌淡有紫气，苔白，脉弦。,1,0,0,0,0,1,0,0,0,0,2,血瘀|气虚
469112,train,阴虚阳亢证,auto,反复头晕痛1月余，加重1天,患者1月来开始反复出现头晕不适，多次测血压高于140/90mmhg，最高血压160/100mmhg，平素未服用降压药，血压时有波动。近1天患者感头晕明显加重，伴头痛，乏力，脚下踩棉感，行走不稳，无胸痛放射痛，无晕厥黑矇，今至我科门诊就诊，查血压168/110mmhg，现为进一步诊治收住入院。入院时：患者头晕头痛明显，行走欠稳，乏力，恶心反酸，无胸痛放射痛，无腹痛腹泻，无咳嗽咳痰，纳欠佳，大小便尚调，夜寐欠佳。,神志清晰，精神欠佳，形体适中，语言清晰，口唇红润；皮肤正常，无斑疹。头颅大小形态正常，无目窼下陷，白睛无黄染，耳轮正常，无耳瘘及生疮；颈部对称，无青筋暴露，无瘿瘤瘰疬，胸部对称，虚里搏动正常，腹部平坦，无癥瘕痞块，爪甲色泽青紫，双下肢无浮肿，舌红少苔，脉弦细。,0,0,1,0,0,0,0,0,0,0,1,阴虚
425507,train,气虚血瘀证,auto,反复胸闷憋喘5年余，加重伴双下肢水肿1天。,患者5年余前始出现胸闷憋喘，伴心慌不适，情绪激动或活动后加重，持续10-15分钟，休息后可缓解，曾多次至外院就诊，诊断为冠心病 心衰，长期不规律服药治疗，间断服用拜阿司匹林、立普妥、单硝酸异山梨酯等药物，病情尚平稳。1天前患者因家事再次出现胸闷憋喘较前加重，伴心慌，双下肢水肿，稍有胸痛，头晕、头昏间作，自服上述药物症状无明显缓解，遂今日至我院就诊，为进一步治疗收入我科。入院时：患者神情，精神差，胸闷憋喘，胸痛偶作，心悸气短，动则益甚，倦怠乏力，头晕、头昏，咳嗽咳痰偶作，无黑矇晕厥，无行走不稳，无恶心呕吐，无腹痛腹胀，纳欠佳，二便尚调，夜寐欠安。,神志清晰，精神尚可，形体适中，语言清晰，口唇发绀；皮肤正常，无斑疹。头颅大小形态正常，无目窼下陷，白睛无黄染，耳轮正常，无耳瘘及生疮；颈部对称，无青筋暴露，无瘿瘤瘰疬，胸部对称，虚里搏动异常，腹部平坦，无癥瘕痞块，爪甲色泽红润，双下肢无浮肿。,1,0,0,0,0,1,0,0,0,0,2,血瘀|气虚
446817,train,痰湿蕴肺证,auto,反复咳喘10余年，加重1月,"患者10年前受凉后出现咳嗽、咳痰、喘憋，于当地医院就诊，予以对症治疗后改善。此后3年间，咳嗽、咳痰及喘憋症状反复发作，多在受凉及季节交替时加重，每年发作时间超过3个月，诊断为“慢性阻塞性肺病 肺间质纤维化”，予以药物化痰、止喘及消炎等对症治疗后改善。1月前因受凉后出现胸闷气喘,活动后加重，咳嗽，咳黄白粘痰，夜间无喉间喘鸣。于当地医院输液治疗,效果欠佳；门诊以“慢性阻塞性肺疾病 肺间质纤维化”收入我区住院系统治疗。近1月来，患者神志清，精神可，咳嗽、咳痰、气喘，无发热，无胸痛，饮食可，睡眠可，二便正常。",神志清晰，精神尚可，形体适中，语言清晰，口唇红润；皮肤正常，无斑疹。头颅大小形态正常，无目窼下陷，白睛无黄染，耳轮正常，无耳瘘及生疮；颈部对称，无青筋暴露，无瘿瘤瘰疬，胸部对称，虚里搏动正常，腹部平坦，无癥瘕痞块，爪甲色泽红润，双下肢无浮肿，舌淡红，苔白，脉滑。,0,0,0,0,0,0,1,0,0,0,1,痰湿
478388,train,肝肾不足证,manual_disambiguated,多关节肿痛间作14年余,2006年患者因双腕关节肿痛，活动受限，疼痛剧烈，就诊于徐州市中心医院，完善相关检查（具体不详）后诊为“类风湿关节炎”，患者未服用药物；后至我院门诊就诊，予口服来氟米特20mg qn口服抗类风湿治疗，患者口服半年后自停来氟米特；后逐渐出现双肩、双肘、双手近端指间关节等疼痛，患者自服雷公藤多苷，但未规律服用，症状改善后停用；半年前出现双膝关节疼痛，蹲起受限，上下楼加重，至我科门诊查双膝关节正位片提示双膝关节骨质增生，诊为“双膝骨关节炎”，予双醋瑞因及硫酸氨基葡萄糖钾口服，并自用膏药外敷等治疗后双膝关节疼痛改善；1月前患者出现双肩、左肘、双腕关节疼痛，活动略受限，晨僵明显，至我科门诊就诊，予得宝松1支肌注后关节肿痛改善，但左肘关节、右腕关节仍疼痛，现为求进一步治疗由门诊收入我科，入院症见：左肘关节、右腕关节疼痛，纳差，眠可，二便正常。病程中无口干眼干，进食干物无需水送，无皮疹，无口腔溃疡，否认银屑病史。,神志清晰，精神尚可，形体适中，语言清晰，口唇红润；皮肤正常，无斑疹。头颅大小形态正常，无目窼下陷，无白睛，耳轮正常，无耳瘘及生疮；颈部对称，无青筋暴露，无瘿瘤瘰疬，胸部对称，虚里搏动正常，腹部平坦，无癥瘕痞块，爪甲色泽红润，双下肢无浮肿，舌淡红，苔白腻，脉沉细。,0,0,1,1,0,0,1,0,0,0,3,阴虚|阳虚|痰湿
454558,train,气滞血瘀证,auto,摔伤致左腕部肿痛活动受限1天,患者今日上午自己不慎滑倒，摔伤左腕部，致左腕部肿痛畸形，活动受限，急至我院诊治，行X线片示：左桡骨远端骨折。现患者为求进一步诊治疗，门诊拟“左桡骨远端骨折”收治入院。刻下患者神志清，左腕部肿痛畸形，活动受限依然。,神志清晰，精神尚可，形体适中，语言清晰，口唇红润；皮肤正常，无斑疹。头颅大小形态正常，无目窼下陷，白睛无黄染，耳轮正常，无耳瘘及生疮；颈部对称，无青筋暴露，无瘿瘤瘰疬，胸部对称，虚里搏动正常，腹部平坦，无癥瘕痞块，爪甲色泽红润，双下肢无浮肿，舌淡红，苔白，脉弦。,0,0,0,0,1,1,0,0,0,0,2,气滞|血瘀
443415,train,心血瘀阻证,auto,胸闷、心慌间作10天。,患者10天前无明显诱因下突发心前区憋闷，伴阵发性心慌，无胸痛及放射痛，无汗出，无恶心、呕吐，无黒朦及晕厥，前后持续约20分钟，休息后症状自行缓解，未予重视及特殊治疗。近10天来胸闷、心慌症状间断发作，每于受凉、劳累及情绪激动时加重，部位、性质、持续时间、伴随症状大致同前，2019年8月15日就诊于灵璧县人民医院，行24H动态心电图检查示：平均心率81次/分，室性早搏1076个，1阵室性早搏三联律，T波异常，提示下壁心肌缺血，今至我院体检中心复查心电图检查提示示：窦性心律、室性早搏，为求进一步综合诊治，收住我科住院治疗。入院时：患者心前区憋闷，时有阵发性心慌，无胸痛及放射痛，无汗出，无咳嗽、咳痰，无恶心、呕吐，无腹痛、腹泻，无黒朦及晕厥，饮食量可，二便正常，夜寐一般。舌质紫暗，有瘀斑，舌下瘀筋，苔薄，脉弦涩。,神志清晰，精神欠佳，形体适中，语言清晰，口唇发绀；皮肤正常，无斑疹。头颅大小形态正常，无目窼下陷，白睛无黄染，耳轮正常，无耳瘘及生疮；颈部对称，无青筋暴露，无瘿瘤瘰疬，胸部对称，虚里搏动正常，腹部平坦，无癥瘕痞块，爪甲色泽青紫，双下肢无浮肿，舌质紫暗，有瘀斑，舌下瘀筋，苔薄，脉弦涩。,0,0,0,0,0,1,0,0,0,0,1,血瘀
465535,train,热毒蕴结证,auto,肛旁肿痛10天。,患者于入院前10天，出现因食辛辣醇厚且劳累后出现肛旁肿胀疼痛，外院静滴抗生素治疗（具体不详），症情渐加重，遂来本院求治。刻下：肛旁肿胀疼痛剧烈，坐卧不宁，行走不利。大便，日行1次，质软，排出畅，无便血，无排便不尽及肛门坠胀感，无粘液便，小溲畅，无发热恶寒。纳食可，夜寐尚可，舌红，苔黄，脉滑数。,神志清晰，精神尚可，形体形体适中，语言清晰，口唇红润；皮肤正常，无斑疹。头颅大小形态正常，无目窼下陷，白睛无黄染，耳轮正常，无耳瘘及生疮；颈部对称，无青筋暴露，无瘿瘤瘰疬，胸部对称，虚里搏动正常，腹部平坦，无癥瘕痞块，爪甲色泽红润，双下肢无浮肿，舌红，苔黄，脉滑数。,0,0,0,0,0,0,0,0,0,1,1,实热
444504,train,正虚瘀结证,auto,膀胱癌术后5年余，发现肺占位8月余,"患者2014年因血尿查彩超示：膀胱前上壁占位，2014-04-14于徐州医科大学在全麻下行尿道膀胱肿瘤等离子电切术，术后病理示：膀胱尿路上皮癌。术后予吡柔比星灌注化疗2年。2017-02-20江苏省人民医院膀胱镜检查示：膀胱顶部见乳头状新生物2*1.5cm，彩超示：双侧腹股沟可见淋巴结，右侧腹股沟皮下实质性包块。2017-02-24再次于徐州医科大学在全麻下行尿道膀胱肿瘤等离子电切术，术后病理示：膀胱高级别乳头状尿路上皮癌，可见固有层浸润，予吉西他滨灌注治疗2月。患者仍间断出现血尿。2017-05-10于江苏省人民医院在腹腔镜下膀胱癌根治术，术后恢复良好，术后病理示:粘膜急慢性炎伴炎性坏死及肉芽组织，局灶尿路上皮重度不典型增生，固有层肉芽肿性炎伴钙化，未见肿瘤残余，左右闭孔淋巴结示脂肪结缔组织，为未见癌累及。双侧精囊腺、输精管未见癌累及。2018-10患者无明显诱因开始出现咳嗽，咳少量白痰，纳差，2018-12-19南京市栖霞区医院查彩超示：肝内多发实性占位，左下腹实性占位，腹腔见淋巴结，胆囊炎、胆囊结石。2018-12-20栖霞区医院胸腹部CT平扫示：1、右肺上叶尖段胸膜下见磨玻璃结节，大小约1.1*0.8cm，右肺下叶见数枚小实性结节，主动脉弓旁见多发肿大淋巴结，较大短径约1.5cm。2、膀胱全切术后改变，腹膜后多发淋巴结。2018-12-20栖霞区医院上腹部增强CT示:1、肝脏多发转移，纵膈、腹膜后及腹腔多发淋巴结转移，L4椎体转移。2、右肺中下叶多发转移可能。3、右肺上叶磨玻璃结节，转移不排除。4、盆腔少量积液。2018-12-27、2019-01-18、2019-02-12、2019-03-06、2019-03-29、2019-04-19行紫杉醇210mg +卡铂0.5方案化疗6周期，具体：紫杉醇210mg +卡铂0.5 D1；2018-12-29、2019-01-22、2019-02-14、2019-03-31、2019-05-12、06-19、07-22行唑来膦酸抑制骨破坏,第一次化疗后出现III°骨髓抑制，予对症治疗后好转。化疗2、4、6周期后复查疗效评价为SD，2019-06-18 CT提示病情进展，2019-06-20吉西他滨1.2 ivgtt 化疗1周期，化疗后患者出现Ⅲ°血小板下降，2019-08-07予吉西他滨1g ivgtt d1化疗1周期。今为进一步中西医治疗来诊我院。目前患者仍咳嗽，咳少量白痰，感左侧髋部疼痛不适，食纳差，造瘘口排尿，大便无异常。",神志清晰，精神尚可，形体适中，语言清晰，口唇红润；皮肤正常，无斑疹。头颅大小形态正常，无目窼下陷，白睛无黄染，耳轮正常，无耳瘘及生疮；颈部对称，无青筋暴露，无瘿瘤瘰疬，胸部对称，虚里搏动正常，腹部平坦，无癥瘕痞块，爪甲色泽红润，双下肢无浮肿，舌淡红，苔白，脉弦。,1,0,0,0,0,1,0,0,0,0,2,血瘀|气虚
478516,train,气滞血瘀证,auto,月经量多5年，阴道不规则出血半月余。,"患者既往月经规则，28-30天一行，5-7天净，5年前起经量增多，约为既往正常量1.5倍，色暗红，偶有血块，无痛经。前次月经：2020-08-13，量色质如常。2020-09-13起阴道出血量多2天，约为既往正常2倍，伴心慌乏力间作，后淋漓出血，自行口服云南白药，至9月28日方净。查彩超提示内膜厚23.2mm，宫腔内见73*71mm低回声，后壁见22*14mm低回声，界清，左卵巢大小形态正常，内见22*20mm无回声，右卵巢大小形态正常。建议患者进一步手术治疗，排除新冠后,由门诊拟以""子宫平滑肌瘤、异常子宫出血""收入我科，刻下：患者神清，精神可，偶有心慌乏力，无阴道异常出血，下腹隐痛，无腰酸，无恶心呕吐，无寒热往来，纳眠可，二便调畅，舌紫黯，苔薄，脉沉涩。",神志清晰，精神尚可，形体适中，语言清晰，口唇红润；皮肤正常，无斑疹。头颅大小形态正常，无目窼下陷，白睛无黄染，耳轮正常，无耳瘘及生疮；颈部对称，无青筋暴露，无瘿瘤瘰疬，胸部对称，虚里搏动正常，腹部平坦，无癥瘕痞块，爪甲色泽红润，双下肢无浮肿，舌紫黯，苔薄，脉沉涩。,0,0,0,0,1,1,0,0,0,0,2,气滞|血瘀
454136,train,气虚血瘀证,auto,反复胸闷心慌10年余，加重10余天,"患者10余年前无明显诱因出现胸闷心慌，胸痛偶作，为隐痛，持续时间不等，休息后可缓解，予外院就诊，诊断“冠心病、心律失常”，平素予口服药物治疗，症状反复发作，10余天前患者劳累后感胸闷频作，心慌时作，心前区不适，无胸痛放射痛，休息或含服“速效救心丸”后可缓解，头痛时作，右枕部明显，无头晕头昏，无晕厥黑朦，无饮水呛咳，气喘时作，活动后加重，不喜平躺，全身乏力，双下肢为著，遂至我院门诊就诊，为进一步诊治遂入住我区，病程中患者精神一般，无恶心呕吐，无晕厥黑朦,无视物旋转，无恶寒发热，无夜间憋醒，无四肢抽搐，无腹胀，纳食差，夜眠差多梦，大便干结,尿频。",神志清晰，精神尚可，形体适中，语言清晰，口唇红润；皮肤正常，无斑疹。头颅大小形态正常，无目窼下陷，白睛无黄染，耳轮正常，无耳瘘及生疮；颈部对称，无青筋暴露，无瘿瘤瘰疬，胸部对称，虚里搏动正常，腹部平坦，无癥瘕痞块，爪甲色泽红润，双下肢无浮肿，舌淡紫，苔白，脉弦。,1,0,0,0,0,1,0,0,0,0,2,血瘀|气虚
477653,train,气虚血瘀证,auto,反复胸闷痛2年余，加重3天。,患者2年前无明显诱因反复出现胸闷痛，持续数分钟，休息后可缓解，未予重视，症状时有发作。2017年1月2突发心胸持续性疼痛，痛有定处，至我院就诊，诊断为“急性心肌梗死”，急诊行冠脉造影示：LM无狭窄；LAD近中段内膜欠规则，钙化病变，狭窄30%；D1中段内膜欠规则，钙化病变狭窄50%，LCX无狭窄；右冠近段第一弯偏心斑块，狭窄60-70%，远段完全闭塞，于RCA病变处植入支架1枚。术后长期服用拜阿司匹林、波立维、立普妥等药物治疗，病情时有反复，多次于我科住院治疗。3天前患者因劳累后胸闷痛再发加重，发作较前频繁，每次持续约数分钟，休息后可缓解，无明显放射痛，无心慌汗出，无黑矇晕厥，现为求进一步系统治疗，遂就诊于我院门诊，患者已查血常规、新挂核酸及胸部CT，已排除新冠肺炎，遂收住入院。入院时：患者时有胸闷痛，心悸气短，动则益甚，倦怠乏力，无畏寒发热，无咳嗽咳痰，无恶心呕吐，无腹痛腹胀，无头晕头痛，饮食睡眠尚可，二便正常。,神志清晰，精神尚可，形体适中，语言清晰，口唇发绀；皮肤正常，无斑疹。头颅大小形态正常，无目窼下陷，白睛无黄染，耳轮正常，无耳瘘及生疮；颈部对称，无青筋暴露，无瘿瘤瘰疬，胸部对称，虚里搏动异常，腹部平坦，无癥瘕痞块，爪甲色泽红润，双下肢无浮肿。舌淡紫，苔白，脉细弦。,1,0,0,0,0,1,0,0,0,0,2,血瘀|气虚
425795,train,湿热下注证,auto,肛内坠胀不适10年余,患者10年前无明显诱因下出现肛内坠胀不适，有排便不尽感，无脓血便，无腹痛，肠鸣音亢进，曾于3年前因直肠粘膜脱落行相关手术，具体不详，术后恢复尚可。患者1月前，渐加重。刻下：大便频数溏薄，日行2~3次，无便血，肛内坠痛不适，偶见里急后重感，无发热。,神志清晰，精神尚可，形体适中，语言清晰，口唇红润；皮肤正常，无斑疹。头颅大小形态正常，无目窼下陷，白睛无黄染，耳轮正常，无耳瘘及生疮；颈部对称，无青筋暴露，无瘿瘤瘰疬，胸部对称，虚里搏动正常，腹部平坦，无癥瘕痞块，爪甲色泽红润，双下肢无浮肿，舌淡红，苔白，脉弦。,0,0,0,0,0,0,0,1,0,0,1,湿热
470627,train,瘀血阻络证,auto,外伤后四肢无力8月余。,"患者于2019年10月13日不慎从4米高空坠落至平台,头部着地,后出现四肢无力,急送至徐州医科大学附属医院救治,完善相关检查,诊断为颈椎骨折、脱位（C6-7 IV°滑脱），脊髓损伤，住院后予以颈椎牵引治疗，疗效欠佳。于10月22日行全麻下后入路颈椎融合术+前入路颈椎融合术,术后予以抗炎消肿止痛等对症支持治疗。现为求中西医结合康复治疗，予门诊拟“颈椎骨折”收治入院。刻下：患者神情，精神欠佳，四肢无力，瘫卧在床，睡眠一般，饮食正常，时有咳嗽、咳痰，时有胸闷不适，留置尿管，大便开塞露导出，舌红，苔薄白，脉弦细。",神志清晰，精神欠佳，形体适中，语言清晰，口唇红润；皮肤正常，无斑疹。头颅大小形态正常，无目窼下陷，白睛无黄染，耳轮正常，无耳瘘及生疮；颈部对称，无青筋暴露，无瘿瘤瘰疬，胸部对称，虚里搏动正常，腹部平坦，无癥瘕痞块，爪甲色泽红润，双下肢无浮肿，舌红，苔薄白，脉弦细。,0,0,0,0,0,1,0,0,0,0,1,血瘀
476659,train,气虚血瘀证,auto,头晕伴行走不稳1月余,"患者自述1月前无明显诱因突发头晕，伴行走不稳，就诊于外院，查头颅CT提示脑梗，经治疗后症状稍有改善，仍留有头晕行走不稳，为求进一步治疗遂来我院，门诊以“脑梗死恢复期”收入院，病程中无意识模糊、无肢体抽搐，刻下患者神清，精神差，头晕，行走不稳，言语清晰，咳嗽、咳痰,活动后偶有心慌胸闷，食纳可，夜寐差，二便畅。",神志清晰，精神欠佳，形体适中，语言清晰，口唇苍白；皮肤正常，无斑疹。头颅大小形态正常，无目窼下陷，白睛无黄染，耳轮正常，无耳瘘及生疮；颈部对称，无青筋暴露，无瘿瘤瘰疬，胸部对称，虚里搏动正常，腹部平坦，无癥瘕痞块，爪甲色泽红润，双下肢无浮肿，舌淡白，苔白，脉细。,1,0,0,0,0,1,0,0,0,0,2,血瘀|气虚
430176,train,湿热阻络证,auto,鳞屑样红斑18年，多关节肿痛13年，加重半月,"患者有银屑病病史18年，曾双侧耳后、头皮、背部有鳞屑样红斑皮损，现头皮及右踝关节有鳞屑样红斑；多关节肿痛13年，累及双手多个指间关节、双腕、双膝、双踝关节，2008年曾于我院住院治疗，予来氟米特、硫酸氨基葡萄糖钾、双醋瑞因治疗，患者出院后停用所有药物，关节疼痛时间断自服扶他林，2012年再次因右膝关节疼痛，行走时疼痛加重，于我科住院治疗，予来氟米特、雷公藤多苷、硫酸氨基葡萄糖钾、双醋瑞因治疗，患者好转后又自行停药，2014.12予甲氨蝶呤及雷公藤多苷、白芍总苷治疗，后患者自行停药，未再复诊，2017.3因左腕关节、左足第2趾肿痛，右腕关节疼痛于我科住院治疗，予甲氨蝶呤4粒1/周、雷公藤多苷2粒3/日、白芍总苷、塞来昔布等治疗，甲氨蝶呤自行停用3月，雷公藤多苷自行改为4粒2/日口服，长期服用塞来昔布1粒1/日，2018.5.31-10.9于我科应用雷公藤多苷、艾拉莫德片、云克、白芍总苷等治疗3疗程后有所好转，出院后仍不规律服药，常自行停药,2019.2.23-3.11头皮及左侧腰部有新发皮疹，多关节肿痛加重5天于我科住院治疗，予甲氨蝶呤、白芍总苷、艾拉莫德片、云克及中药制剂等治疗经治病情好转，出院后又自行停用甲氨蝶呤及艾拉莫德，间断服用雷公藤多苷及白芍总苷，近半月皮疹及手足多关节肿痛加重，为进一步诊疗收入院。入院时：左侧小腿、背部、腹部及头皮散在鳞屑样红斑，左腕关节、左DIPJ1、左PIPJ1肿痛，右腕关节疼痛，右DIPJ1、4及右PIPJ2肿痛，右足第5趾肿痛，左手DIPJ2及右手DIPJ4屈曲畸形变，纳食可，夜寐安，二便正常。",神志清晰，精神尚可，形体偏胖，语言清晰，口唇红润；皮肤正常，无斑疹。头颅大小形态正常，无目窼下陷，无白睛，耳轮正常，无耳瘘及生疮；颈部对称，无青筋暴露，无瘿瘤瘰疬，胸部对称，虚里搏动正常，腹部平坦，无癥瘕痞块，爪甲色泽红润，双下肢无浮肿，舌淡红，苔黄，脉弦。,0,0,0,0,0,0,0,1,0,0,1,湿热
490396,train,痰湿蕴肺证,auto,反复咳嗽咳黄痰9年余，加重10余天,患者9年前受凉后出现咳嗽、咳痰、经抗炎平喘治疗后可改善；多于秋冬季发病，每年总病程超过三个月，反复发病，诊断为“慢性阻塞性肺病、支气管扩张、呼吸衰竭”，曾无创辅助通气治疗，间断求治。10余天前受凉后出现咳嗽咳痰，痰粘稠，无发热，自服药物咳嗽咳痰未减，伴胸闷憋喘，间断偶见喘鸣，应用吸入剂、茶碱缓释片等药物后效果欠佳，伴双下肢水肿；今来我院就诊，血常规WBC 6.64*10^9 ，N 63%；排查新冠肺炎；为求进一步治疗，拟“呼吸衰竭、慢性阻塞性肺病急性加重，支气管扩张伴感染”收治我区住院。患者无胸痛，腹痛，无腹泻，无明显消瘦，有下肢水肿，纳差，大小便可，睡眠欠佳。,神志清晰，精神差，形体偏瘦，语言清晰，口唇发绀；皮肤正常，无斑疹。头颅大小形态正常，无目窼下陷，白睛无黄染，耳轮正常，无耳瘘及生疮；颈部对称，无青筋暴露，无瘿瘤瘰疬，胸部对称，虚里搏动正常，腹部平坦，无癥瘕痞块，爪甲色泽红润，双下肢无浮肿，舌淡红，苔白，脉沉细。,0,0,0,0,0,0,1,0,0,0,1,痰湿
460605,train,痰湿蕴肺证,auto,反复咳嗽、咳痰伴气喘10余年，加重10天,"患者10年前受凉后出现咳嗽、咳痰、喘憋，于当地医院就诊，予以对症治疗后改善。此后10余年间，咳嗽、咳痰及喘憋症状反复发作，多在受凉及季节交替时加重，每年发作时间超过3个月，诊断为“慢性阻塞性肺病”，予以药物化痰、止喘及消炎等对症治疗后改善。近两年活动较少,长期家庭氧疗,每年均有入住呼吸科病史,未曾用吸入剂；10天前受凉后出现憋喘加重，动则尤甚，夜间憋喘，咳嗽、咳少量黄白粘痰，无发热，于当地医院输液(甲强龙\头孢米诺\左氧氟沙星)治疗，经治疗后患者气喘好转,但仍有间断发作,活动耐受极差；今日憋喘加重，今来我院急诊就诊，急诊以“呼吸衰竭、慢性阻塞性肺疾病”收入我区住院系统治疗。患病以来，神志清，精神差，咳嗽、咳痰、憋喘，饮食一般，睡眠可，二便正常。",神志清晰，精神差，形体适中，语言清晰，口唇红润；皮肤正常，无斑疹。头颅大小形态正常，无目窼下陷，白睛无黄染，耳轮正常，无耳瘘及生疮；颈部对称，无青筋暴露，无瘿瘤瘰疬，胸部对称，虚里搏动正常，腹部平坦，无癥瘕痞块，爪甲色泽红润，双下肢无浮肿，舌淡红，苔白，脉沉细。,0,0,0,0,0,0,1,0,0,0,1,痰湿
485207,test,痰湿蕴肺证,auto,反复咳喘10余年，加重10天,"患者10余年来，每于感寒受凉后出现咳嗽、咳痰、伴气喘，活动后气喘加重，间断咯血，经抗炎平喘止血治疗后可改善；多于秋冬季发病，每年总病程超过三个月，诊为慢支、肺气肿，反复发病，间断求治。患者10天前受凉后，出现咳嗽阵作，咳少量黄痰,胸闷憋喘，动则喘促，夜间喉间喘鸣，自服药物控制，效果欠佳。来我院门诊，查新冠核酸阴性，门诊以“慢性阻塞性肺疾病急性加重”收入我区住院系统治疗。近半月来，患者无武汉及疫区接触史，无新冠肺炎患者、潜伏期患者及疫区亲友接触史，无境外回国人员接触史，科内会诊考虑不支持新冠肺炎现患者为求进一步诊治，今收治我区住院。患者自发病以来，无发热，无恶心呕吐，无咳血胸痛，无双下肢水肿，饮食少，睡眠一般，二便正常。",神志清晰，精神尚可，形体适中，语言清晰，口唇红润；皮肤正常，无斑疹。头颅大小形态正常，无目窼下陷，白睛无黄染，耳轮正常，无耳瘘及生疮；颈部对称，无青筋暴露，无瘿瘤瘰疬，胸部对称，虚里搏动正常，腹部平坦，无癥瘕痞块，爪甲色泽红润，双下肢无浮肿，舌淡红，苔白，脉滑。,0,0,0,0,0,0,1,0,0,0,1,痰湿
484777,train,湿热下注证,auto,肛内肿物外脱伴便血1周。,"患者于入院前1周，出现因食辛辣醇厚且劳累后出现肛缘肿痛伴肛内肿物脱出,伴便血未予治疗，症情反复发作渐加重，遂来本院求治。刻下：肛内肿物脱出伴肿缘疼痛，坐卧不宁，行走不利。大便1日/行，质软，排出不畅，伴便血量中，色鲜红，点滴而出，便后即止，无排便不尽及肛门坠胀感，无粘液便，小溲畅，无发热恶寒。纳食可，夜寐尚可，舌红，苔黄，脉滑数。",神志清晰，精神尚可，形体形体适中，语言清晰，口唇红润；皮肤正常，无斑疹。头颅大小形态正常，无目窼下陷，白睛无黄染，耳轮正常，无耳瘘及生疮；颈部对称，无青筋暴露，无瘿瘤瘰疬，胸部对称，虚里搏动正常，腹部平坦，无癥瘕痞块，爪甲色泽红润，双下肢无浮肿，舌红，苔黄，脉滑数。,0,0,0,0,0,0,0,1,0,0,1,湿热
418420,train,湿热瘀阻证,auto,检查发现输卵管积水1月余。,患者平素月经周期规则，40天一行，8天净，色暗红，经量中等，少许血块，偶痛经，G0P0。患者未避孕未孕1年余，2018-12-04至我院门诊就诊查妇科超声示：子宫未见明显异常、宫腔三维未见明显异常、左侧附件区不规则囊性包块（三维成像考虑为输卵积水？）、双侧卵巢大小正常、卵巢表面钙化（子宫前位，宫体大小45*27*38mm，肌层回声不均匀，表面光滑，内膜厚8.9mm，回声欠均匀，宫腔线居中。三维成像：内膜呈倒三角形，形态正常，宫腔内未见明显占位，双侧卵巢表面局部不光滑，可见散在针尖大小点状强回声）。左附件区卵巢外侧见长约34mm。粗约12mm不规则形态囊管状回声区，腔内粗细不均匀，最窄处1.5mm，最宽处10mm，内未见血流信号。直肠子宫窝少许液性暗区；2019-01-11至我院门诊查HSG提示双侧输卵管炎，左侧远端粘连积水梗阻不通，2.盆腔炎，建议手术治疗。患者LMP：2019-01-01，量色质如常，行经9天，现经净第3天，现为行进一步手术治疗，由门诊收入我科，刻下：患者神清，精神可，下腹隐痛偶作，无阴道异常出血，无寒热往来，纳眠可，二便调畅，舌暗红，苔黄腻，脉滑涩。,神志清晰，精神尚可，形体适中，语言清晰，口唇红润；皮肤正常，无斑疹。头颅大小形态正常，无目窼下陷，白睛无黄染，耳轮正常，无耳瘘及生疮；颈部对称，无青筋暴露，无瘿瘤瘰疬，胸部对称，虚里搏动正常，腹部平坦，无癥瘕痞块，爪甲色泽红润，双下肢无浮肿，舌暗红，苔黄腻，脉滑涩。,0,0,0,0,0,0,0,1,0,0,1,湿热
479630,train,痰湿蒙窍证,auto,突发眩晕伴恶心3小时,患者今晨起床后突发眩晕伴恶心，未引起重视，遂来徐州办事，劳累后自觉症状加重，故来我院门诊就诊，为中西医结合诊治以“眩晕”收住我科，入院时：患者神清，精神一般，头晕，胸闷，偶有恶心，反酸，耳鸣，无呕吐，无头痛，无发热咳嗽，夜寐一般，食欲尚可，二便调，舌质淡紫，苔薄黄，脉弦滑。,神志清晰，精神一般，形体适中，语言清晰，口唇红润；皮肤正常，无斑疹。头颅大小形态正常，无目窼下陷，白睛无黄染，耳轮正常，无耳瘘及生疮；颈部对称，无青筋暴露，无瘿瘤瘰疬，胸部对称，虚里搏动正常，腹部平坦，无癥瘕痞块，爪甲色泽红润，双下肢无浮肿，舌质淡紫，苔薄黄，脉弦滑。,0,0,0,0,0,0,1,0,0,0,1,痰湿
418483,train,痰热蕴肺证,auto,发热伴咳嗽、憋喘4天,患者4天前，受凉后，出现发热，最高体温38.8℃，伴有咳嗽，憋喘明显，自行口服清开灵、肺炎合剂，清热解毒、止咳化痰，自觉憋喘较前加重，每晚发热，昨晚38.2℃，今为求进一步中西医结合治疗，收治入院。入院时，患者神志清楚，精神一般，咳嗽，痰少，偶有憋喘胸闷，体温正常，肢体活动尚可，言语清晰，食纳不香，夜寐欠佳，二便尚调，舌暗红，苔白腻，脉弦滑。,神志清晰，精神欠佳，形体适中，语言清晰，口唇发绀；皮肤正常，无斑疹。头颅大小形态正常，无目窼下陷，白睛无黄染，耳轮正常，无耳瘘及生疮；颈部对称，无青筋暴露，无瘿瘤瘰疬，胸部对称，虚里搏动正常，腹部平坦，无癥瘕痞块，爪甲色泽红润，双下肢无浮肿，舌暗红，苔白腻，脉弦滑。,0,0,0,0,0,0,1,0,0,0,1,痰湿
449431,train,风痰阻络证,auto,头晕2天,患者于2日前无明显诱因出现头晕不适，伴双手麻木，症状持续无明显缓解，遂至我院门诊，予收入我科。入院时症状：神志清，精神欠佳，头晕时作，双手麻木，行走可，无意识障碍，无肢体抽搐、痉挛等，饮食欠佳，二便可，夜寐尚可。舌质红，苔白腻，脉濡。,神志清晰，精神欠佳，形体适中，语言清晰，口唇红润；皮肤正常，无斑疹。头颅大小形态正常，无目窼下陷，白睛无黄染，耳轮正常，无耳瘘及生疮；颈部对称，无青筋暴露，无瘿瘤瘰疬，胸部对称，虚里搏动正常，腹部平坦，无癥瘕痞块，爪甲色泽红润，双下肢无浮肿，舌红，苔白腻，脉濡。,0,0,0,0,0,0,1,0,1,0,2,内风|痰湿
429094,train,湿热下注证,auto,肛缘肿物隆起伴疼痛10天。,"患者于入院前10天，出现因食辛辣醇厚之品出现肛缘皮肤隆起并疼痛,未予治疗，症情反复发作渐加重，遂来本院求治。刻下：肛缘疼痛明显，坐卧不宁，行走不利。大便2-3日/行，质软，排出不畅，无便血，伴排便不尽及肛门坠胀感，无粘液便，小溲畅，无发热恶寒。纳食可，夜寐尚可，舌红，苔黄，脉滑数。",神志清晰，精神尚可，形体形体适中，语言清晰，口唇红润；皮肤正常，无斑疹。头颅大小形态正常，无目窼下陷，白睛无黄染，耳轮正常，无耳瘘及生疮；颈部对称，无青筋暴露，无瘿瘤瘰疬，胸部对称，虚里搏动正常，腹部平坦，无癥瘕痞块，爪甲色泽红润，双下肢无浮肿，舌红，苔黄，脉滑数。,0,0,0,0,0,0,0,1,0,0,1,湿热
487342,test,痰湿蕴肺证,auto,反复咳喘20年余，加重1小时。,"患者20年前无明显诱因出现咳嗽、咳痰、喘憋，于当地医院就诊，予以对症治疗后改善。此后3年间，患者咳嗽、咳痰及喘憋症状反复发作，多在受凉及季节交替时加重，每年发作时间超过3个月，多次因病情加重于当地医院就诊，诊断为“慢性阻塞性肺疾病，慢性肺源性心脏病”，予以药物化痰、止喘及消炎等对症治疗后改善。1年前患者因呼吸衰竭曾入ICU，予以气管插管等处理，经治疗后改善，长期应用吸入剂及无创呼吸机辅助呼吸，病情控制一般。昨日患者因受凉后出现气喘加重，动则尤甚，咳嗽、咳中等量黄白粘痰，精神欠佳，无发热，无胸痛，予以无创辅助通气应用,效果欠佳；1小时前患者胸闷气喘加重，端坐呼吸，自测氧饱和度示65%，家属拨打120急入我院急诊，入科后患者嗜睡状态，心电提示SPO2：70-82%，血压：85/40mmHg,心率:95-110次/分，予以无创呼吸机辅助呼吸后血氧波动在78-85%，予以多巴胺泵入升压，多索茶碱、甲强龙解痉平喘；查血气分析提示：PH7.178,PCO2：41.1mmHg，PO2：86mmHg，立即予以气管插管,有创呼吸机应用后，患者氧饱和度升至90%。现患者病情危重，与患者家属沟通后立即转入ICU抢救治疗。",神志清晰，精神尚可，形体适中，语言含糊，口唇发绀；皮肤正常，无斑疹。头颅大小形态正常，无目窼下陷，白睛无黄染，耳轮正常，无耳瘘及生疮；颈部对称，无青筋暴露，无瘿瘤瘰疬，胸部对称，虚里搏动正常，腹部平坦，无癥瘕痞块，爪甲色泽苍白，双下肢有浮肿，舌淡苔薄腻，脉滑。,0,0,0,0,0,0,1,0,0,0,1,痰湿
432002,val,脾肾两虚证,manual_disambiguated,进行性认知功能下降1年余,患者1年余前出现认知功能下降、反应迟钝，现为求进一步中西医结合治疗，遂来我院就诊，门诊以“痴呆”收住入院，入院时：患者神志昏迷，刺痛有反应，可有睁眼，面色萎黄，反应迟钝，咳嗽、咳痰时作，痰色白，痰量少，咳吐不利，鼻饲饮食，夜寐尚可，胃管、尿管在位，大便干结，舌质淡红，苔略腻，脉滑。,神志昏迷，精神差，形体偏瘦，语言含糊，口唇发绀；皮肤色素沉着，无斑疹。头颅大小形态正常，无目窼下陷，白睛无黄染，耳轮正常，无耳瘘及生疮；颈部对称，无青筋暴露，无瘿瘤瘰疬，胸部对称，虚里搏动正常，腹部平坦，无癥瘕痞块，爪甲色泽红润，双下肢无浮肿，舌质淡红，苔略腻，脉滑。,0,1,0,1,0,1,1,0,0,0,4,阳虚|血虚|血瘀|痰湿
488967,train,气滞痰瘀证,auto,诊断右肺癌6月余，纳差、咳嗽1周。,"患者2020-06开始出现咳嗽，至铜山中医院就诊，胸部CT：右肺占位。遂至徐州医科大学附属就诊，2020-07-02查PET-CT：1、考虑右肺癌(38*42mm)伴纵膈、右肺门淋巴结转移可能大；右侧胸腔少量积液；2、“胆囊癌术后”改变，肝门部可疑增大淋巴结伴葡萄糖代谢增高（转移不除外）；建议随诊复查；3、左肺慢性炎性灶可能大，建议随诊复查；4、左肾囊肿；左侧腹股沟疝。患者家属拒绝穿刺或气管镜检查，外科会诊后不建议手术，故一直口服中药保守治疗。患者2月前开始间断出现咳嗽、咳痰，为白痰，逐渐加重。12-23至我院查肿瘤11项（男） 糖类抗原CA19-9 40.08U/ml↑,细胞角蛋白19片段 38.13ng/ml↑,神经元特异性烯醇化酶 24.69ng/ml↑。头颅CT：1.两侧基底节区腔隙性脑梗；2.脑萎缩。胸部CT：右肺下叶占位，考虑：新生物；纵隔内及右肺多发淋巴结肿大；右肺下叶阻塞性肺炎；建议：与老片比较。上腹部CT：左侧膈肌抬高；胆囊术后缺如；副脾；左肾囊肿可能；左肾小结石；胃窦部壁增厚，建议：结合胃镜。予中成药增免、抗瘤治疗。2020-12-25送检外周血基因检测示：具有临床意义的体细胞变异TP53 p.A159P，敏感；肿瘤突变负荷（TMB）9.53Muts/Mb，免疫治疗获益较高。排除禁忌，01-07予卡瑞利珠单抗（具体为：200mg,q3w）治疗。近1周患者诉咳嗽反复，伴低热，伴纳差、乏力，今为求进一步诊治由门诊收入院。患病期间：患者咳嗽，咳痰少许，无发热，无胸闷、憋喘，无头痛、骨痛，睡眠尚可，食欲减退，大便便秘，小便正常，无明显消瘦。",神志清晰，精神尚可，形体适中，语言清晰，口唇红润；皮肤正常，无斑疹。头颅大小形态正常，无目窼下陷，白睛无黄染，耳轮正常，无耳瘘及生疮；颈部对称，无青筋暴露，无瘿瘤瘰疬，胸部对称，虚里搏动正常，腹部平坦，无癥瘕痞块，爪甲色泽红润，双下肢无浮肿，舌暗，苔白，脉弦涩。,0,0,0,0,1,0,1,0,0,0,2,气滞|痰湿
478986,train,痰湿蕴肺证,auto,反复咳喘10年余，加重三天,患者10年余来，每于感寒受凉后出现咳嗽、咳痰、经抗炎平喘治疗后可改善；多于秋冬季发病，每年总病程超过三个月，诊断为慢性支气管炎、支气管哮喘，反复发病，间断求治，长期吸入舒利迭控制。患者3天前受凉后，出现咳嗽阵作，咳痰色白，伴胸闷憋喘，活动后加重，夜间喉间喘鸣，自服药物控制，效果欠佳。现患者自觉憋喘加重，今为求进一步治疗，收治我区住院。病中，患者无胸痛、无咯血，无咳粉红色泡沫痰，双下肢无水肿，纳可，大小便可，睡眠可。,神志清楚，精神尚可，形体适中，语言清晰，口唇红润；皮肤正常，无斑疹。头颅大小形态正常，无目窼下陷，无白睛，耳轮正常，无耳瘘及生疮；颈部对称，无青筋暴露，无瘿瘤瘰疬，胸部对称，虚里搏动正常，腹部平坦，无癥瘕痞块，爪甲色泽红润，双下肢对称，舌红，苔白，脉沉细。,0,0,0,0,0,0,1,0,0,0,1,痰湿
490771,train,阴虚火旺证,auto,发现血糖升高4年，加重1周,患者4年前体检时发现血糖升高，患者未予重视，未及时就诊。3个月前患者体检时查空腹血糖7.4mmol/l。糖化7.5%。患者仍未重视，未及时诊治。近1周患者测血糖明显升高，空腹血糖达8mmol/l，餐后2小时13mmol/l，遂就诊于我院门诊，由门诊收入住院。病程中患者口干多饮，五心烦热，双眼视物模糊，无明显四肢麻木疼痛，睡眠欠佳，纳食可，夜寐安。,神志清晰，精神尚可，形体偏胖，语言清晰，口唇红润；皮肤正常，无斑疹。头颅大小形态正常，无目窼下陷，白睛无黄染，耳轮正常，无耳瘘及生疮；颈部对称，无青筋暴露，无瘿瘤瘰疬，胸部对称，虚里搏动正常，腹部平坦，无癥瘕痞块，爪甲色泽红润，双下肢无浮肿，舌红赤，少苔，脉虚细数。,0,0,1,0,0,0,0,0,0,0,1,阴虚
472098,train,气虚血瘀证,auto,反复胸闷隐痛3年余，加重1周。,患者3年余前无明显诱因反复出现胸闷隐痛，持续数分钟，活动时加重，休息后可缓解，至矿务局医院行PCI术，植入2枚支架，具体不详。长期服用拜阿司匹林、波立维及倍他乐克缓释片等药物治疗，病情尚平稳。1周前患者因劳累及情绪不畅自觉胸闷隐痛较前加重，乏力，偶有后背沉重感，服用上述药物无明显缓解，遂今日至我院就诊，为进一步治疗收入我科。入院时：患者心胸疼痛，痛有定处，时作时休，甚则心痛彻背，背痛彻心。心悸气短，动则益甚，倦怠乏力，声息低微，面色晄白，易汗出，纳可，二便尚调，夜寐尚可。,神志清晰，精神尚可，形体适中，语言清晰，口唇红润；皮肤正常，无斑疹。头颅大小形态正常，无目窼下陷，白睛无黄染，耳轮正常，无耳瘘及生疮；颈部对称，无青筋暴露，无瘿瘤瘰疬，胸部对称，虚里搏动正常，腹部平坦，无癥瘕痞块，爪甲色泽红润，双下肢无浮肿。舌质淡紫，可见舌体胖且边有齿痕，苔薄白，脉虚细涩。,1,0,0,0,0,1,0,0,0,0,2,血瘀|气虚
458895,train,肝胃郁热证,auto,上腹痛伴反酸间作半年,"患者半年前无明显诱因出现上腹疼痛，时有吞咽不适，疼痛以剑下及右上腹为主，无明显肩背部放射痛，有反酸、嗳气、腹胀及上腹部、胸骨后烧灼感，无恶心、呕吐，无发热，食欲可，大便每日一次，无粘液、脓血便，自诉每于进食辛辣刺激性食物后上腹痛伴反酸症状较重，昨日胃镜：反流性食管炎（LA-A）、活动性胃炎伴糜烂、十二指肠球部溃疡，患者为求进一步诊治，今来我院，由门诊收入我科。病程中患者：无头晕，无咳嗽咳痰,无心悸胸闷，纳可，睡眠可，小便正常，近期体重无明显变化，进食后感胃脘嘈杂，舌红苔白，脉弦。",神志清晰，精神尚可，形体形体适中，语言清晰，口唇红润；皮肤正常，无斑疹。头颅大小形态正常，无目窼下陷，白睛无黄染，耳轮正常，无耳瘘及生疮；颈部对称，无青筋暴露，无瘿瘤瘰疬，胸部对称，虚里搏动正常，腹部平坦，无癥瘕痞块，爪甲色泽红润，双下肢无浮肿，舌淡红，苔白，脉弦。,0,0,0,0,1,0,0,0,0,1,2,气滞|实热
428662,train,痰瘀互结证,auto,左侧面部起皮疹3年，伴糜烂渗出1年。,患者诉3年前发现左侧面部皮肤出现两处指甲大小斑疹，呈暗褐色，无瘙痒、疼痛等不适，患者曾多次就诊于我科门诊，诊断为湿疹？脂溢性角化？，予以地奈德乳膏、派瑞松乳膏等外用，病情未见好转。1年前患者诉左侧面部两处皮疹出现糜烂，伴有渗出、渗血，患者未予重视。近期患者发现皮疹瘙痒不适，常不自觉搔抓，今患者为求进一步治疗，遂来我科住院，门诊以“日光性角化”收入院，拟以手术切除及病理检查。近期患者无发热不适，精神及纳食可，睡眠一般，大小便正常。,神志清晰，精神尚可，形体适中，语言清晰，口唇红润；皮肤正常，无斑疹。头颅大小形态正常，无目窼下陷，白睛无黄染，耳轮正常，无耳瘘及生疮；颈部对称，无青筋暴露，无瘿瘤瘰疬，胸部对称，虚里搏动正常，腹部平坦，无癥瘕痞块，爪甲色泽红润，双下肢无浮肿，舌淡红，苔白，脉。,0,0,0,0,0,1,1,0,0,0,2,痰湿|血瘀
429042,train,气虚血瘀证,auto,胸闷憋喘3天,患者昨日受凉后开始出现胸闷憋喘不适，活动后加重，口服复方丹参片可缓解，昨日晚间出现左上肢麻木酸痛，今晨感胸闷憋喘加重，气短，全身乏力，遂至我院就诊，门诊拟“心力衰竭”收住入院，入院时：患者劳累性呼吸困难，胸闷不舒，偶有胸痛，疲乏无力，心悸气短，头晕恶心，左上肢麻木酸痛，双下肢无浮肿，纳佳，小便正常，大便2-3日一行，夜寐佳。,中医四诊摘要：神志清晰，精神尚可，形体肥胖，语言清晰，口唇红润；皮肤正常，无斑疹。头颅大小形态正常，无目窼下陷，无白睛，耳轮正常，无耳瘘及生疮；颈部对称，无青筋暴露，无瘿瘤瘰疬，胸部对称，虚里搏动正常，腹部平坦，无癥瘕痞块，爪甲色泽红润，双下肢对称，舌质淡，苔白，脉弦细。,1,0,0,0,0,1,0,0,0,0,2,血瘀|气虚
489057,train,湿热下注证,auto,便后肛内肿物脱出半年余，加重1月,"患者半年余前因劳累感会阴部坠胀明显，而致便后肛内肿物脱出，不能回复，大便时有带血，自行休息后症状未见明显缓解，1月来症状明显加重，肛门疼痛，瘙痒难忍，行走不便，便血量增多，遂于今日由门诊拟“混合痔”，收入我区。刻下：无发热咳嗽，便后肛内肿物脱出，不能还纳，持续疼痛，活动受限，肛门坠胀不适,大便排出困难，纳寐欠安。",7.中医四诊摘要：神志清晰，精神尚可，形体形体适中，语言清晰，口唇红润；皮肤正常，无斑疹。头颅大小形态正常，无目窼下陷，无白睛，耳轮正常，无耳瘘及生疮；颈部对称，无青筋暴露，无瘿瘤瘰疬，胸部对称，虚里搏动正常，腹部平坦，无癥瘕痞块，爪甲色泽红润，双下肢无浮肿，舌红，苔黄，脉平和。,0,0,0,0,0,0,0,1,0,0,1,湿热
464070,train,正虚瘀结证,auto,右乳癌改良根治术后1年余，乏力3天,患者2018年初无意发现右乳肿块，逐渐增大，2018-06-14于徐州四院查乳腺超声和钼靶均提示右乳4C类肿块，2018-07-02于徐州二院行全麻下右乳癌改良根治术，术后病理示：（右乳）浸润性乳腺癌，肿瘤大小：2.3×2.2×1.6cm，脉管内见肿瘤细胞，未见明确神经侵犯，乳头皮肤、梭形皮肤及基底切缘未见癌累及，腋窝淋巴结见癌转移（1/13）；“胸肌间淋巴结”：送检癌结节1枚；“第II淋巴结”送检癌结节1枚。免疫组化示：ER（-，内对照+），PR（-，内对照+），HER2（3+），Ki67（+，热点区约30%）；结合HE切片，为浸润性导管癌，III级。术后行EC-T方案化疗8周期及局部放疗50Gy/25f，并联合赫赛汀（400mg q21d）靶向治疗17次，结束时间2019-12，定期复查未见明确复发或转移征象。近3天患者时感乏力，为求进一步检查和治疗入院。入院时患者诉乏力，无头晕，无发热，无咳嗽咳痰，无胸闷心慌，无恶心呕吐，无腹胀腹痛，胃纳可，二便调，夜寐欠安。,神志清晰，精神尚可，形体适中，语言清晰，口唇红润；皮肤正常，无斑疹。头颅大小形态正常，无目窼下陷，白睛无黄染，耳轮正常，无耳瘘及生疮；颈部对称，无青筋暴露，无瘿瘤瘰疬，胸部对称，虚里搏动正常，腹部平坦，无癥瘕痞块，爪甲色泽红润，双下肢无浮肿，舌红，苔白，脉沉缓。,1,0,0,0,0,1,0,0,0,0,2,血瘀|气虚
481207,train,气滞血瘀证,auto,右侧腰腿疼痛、活动受限1日,患者1日前出现搬运重物后出现右侧臀部及右下肢疼痛，疼痛呈放射性，行走后疼痛加重，转身、弯腰活动均受限，今为求中西医治疗，由门诊拟“腰痛病”收入住院。刻下：患者神志清，精神尚可，右侧臀部至右侧大腿后部、外侧放射样疼痛，时有酸痛，无明显电击感，无尿便障碍，无肢体麻木，站立、行走均受限，左下肢抬举、屈曲受限，无头晕头痛，无恶心呕吐，无肢体震颤，纳可，夜寐一般，二便正常。舌暗淡，苔白，脉细涩。,神志清晰，精神尚可，形体适中，语言清晰，口唇红润；皮肤正常，无斑疹。头颅大小形态正常，无目窼下陷，白睛无黄染，耳轮正常，无耳瘘及生疮；颈部对称，无青筋暴露，无瘿瘤瘰疬，胸部对称，虚里搏动正常，腹部平坦，无癥瘕痞块，爪甲色泽红润，双下肢无浮肿，舌暗淡，苔白，脉细涩。,0,0,0,0,1,1,0,0,0,0,2,气滞|血瘀
421520,train,气虚血瘀证,auto,突发左侧肢体无力半月,患者半月前无明显诱因感头晕头昏时作，无明显乏力，予当地诊所就诊，静脉用药，具体用药不详，症状未见明显改善，次日凌晨患者感左侧肢体无力，下肢为甚，行走不稳，头晕阵作，无视物旋转，头昏时作，头痛不显，无恶心呕吐，胸闷心慌阵作，无胸痛放射痛，活动后加重伴气喘，无夜间憋醒，可平躺，予当地医院就诊，静脉用药治疗，症状有所改善，今来我院门诊就诊，为进一步检查治疗收住入院。病程中患者无恶寒发热，无四肢抽搐，纳食可，夜寐一般，二便尚调。,神志清晰，精神欠佳，形体适中，语言清晰，口唇发绀；皮肤正常，无斑疹。头颅大小形态正常，无目窼下陷，白睛无黄染，耳轮正常，无耳瘘及生疮；颈部对称，无青筋暴露，无瘿瘤瘰疬，胸部对称，虚里搏动正常，腹部平坦，无癥瘕痞块，爪甲色泽苍白，双下肢有浮肿，舌淡白，苔白，脉弱。,1,0,0,0,0,1,0,0,0,0,2,血瘀|气虚
487419,train,气滞血瘀证,auto,月经紊乱半年。,患者近半年月经周期及经期紊乱，30-70天一行，经期7-15天，量时多时少。患者7月28日至徐州市妇幼保健院查彩超提示子宫肌瘤4.2*4.2cm，内膜1.1cm，遂至我院门诊予以达英-35及中成药口服调经治疗。10月15日复查彩超提示子宫增大，左侧壁肌瘤大小52*40mm，内膜显示欠清厚8mm，回声不均匀。继续予以调经治疗，11月停用达英-35，患者2020-12-30其见少量阴道流血，淋漓8天止，现患者为求手术治疗由门诊拟“异常子宫出血、取环、子宫肌瘤”入院，入院时：患者神清，精神可，无阴道流血，无腹痛腰酸，无畏寒发热，无头晕恶心，纳寐可，二便调，舌淡红，苔白，脉弦涩。,神志清晰，精神尚可，形体适中，语言清晰，口唇红润；皮肤正常，无斑疹。头颅大小形态正常，无目窼下陷，白睛无黄染，耳轮正常，无耳瘘及生疮；颈部对称，无青筋暴露，无瘿瘤瘰疬，胸部对称，虚里搏动正常，腹部平坦，无癥瘕痞块，爪甲色泽红润，双下肢无浮肿，舌淡红，苔白，脉弦涩。,0,0,0,0,1,1,0,0,0,0,2,气滞|血瘀
431346,train,湿热下注证,auto,肛旁间作流脓液3月,患者3月来无明显诱因下出现肛旁间作流脓液，未予治疗，大便1日1次，大便质软，排出畅，无便血，无粘液便，无里急后重及排便不尽感，小溲畅，无发热恶寒。纳食可，夜寐尚可。舌淡红，苔白，脉数。,神志清晰，精神尚可，形体适中，语言清晰，口唇红润；皮肤正常，无斑疹。头颅大小形态正常，无目窼下陷，白睛无黄染，耳轮正常，无耳瘘及生疮；颈部对称，无青筋暴露，无瘿瘤瘰疬，胸部对称，虚里搏动正常，腹部平坦，无癥瘕痞块，爪甲色泽红润，双下肢无浮肿，舌淡红，苔白，脉数。,0,0,0,0,0,0,0,1,0,0,1,湿热
419731,val,气虚血瘀证,auto,反复头晕2月，加重1天,患者2月前开始反复出现头晕头痛不适，多次测血压高于140/90mmhg，最高血压150/110mmhg，未予重视，未到医院就诊。近1天患者感头晕明显加重，偶有右侧肋缘下疼痛，休息后可缓解，无心慌、气短乏力，无行走欠稳，无胸痛放射痛，无晕厥黑朦，现为进一步诊治收住入院。入院时：患者头晕明显，耳鸣，头目胀痛，无行走欠稳，无胸痛放射痛，无恶心呕吐，无咳嗽咳痰，纳欠佳，大小便尚调，夜寐一般。,神志清晰，精神尚可，形体适中，语言清晰，口唇红润；皮肤正常，无斑疹。头颅大小形态正常，无目窼下陷，白睛无黄染，耳轮正常，无耳瘘及生疮；颈部对称，无青筋暴露，无瘿瘤瘰疬，胸部对称，虚里搏动正常，腹部平坦，无癥瘕痞块，爪甲色泽红润，双下肢无浮肿，舌红少苔，脉弦细。,1,0,0,0,0,1,0,0,0,0,2,血瘀|气虚
423873,train,痰瘀互结证,auto,突发一过性头晕半天,患者晨起突发头晕，与体位无明显关系，发作5-6次，每次持续数分钟后缓解，无肢体麻木、无力，今为进一步中西医结合治疗，前来我院就诊，门诊拟“眩晕”收住入院。入院时：患者神清，精神一般，头晕阵作，行走尚可，形体消瘦，腹部隐痛不适，无咳嗽咯痰，无恶寒发热，饮食一般，夜寐欠佳，二便可。,神志清晰，精神尚可，形体适中，语言清晰，口唇发绀；皮肤正常，无斑疹。头颅大小形态正常，无目窼下陷，无白睛，耳轮正常，无耳瘘及生疮；颈部对称，无青筋暴露，无瘿瘤瘰疬，胸部对称，虚里搏动正常，腹部平坦，无癥瘕痞块，爪甲色泽红润，双下肢对称，舌质红，苔白，脉弦细。,0,0,0,0,0,1,1,0,0,0,2,痰湿|血瘀
479696,train,肝肾不足证,manual_disambiguated,多关节肿痛间作30余年,"患者于1986年无明显诱因出现多关节肿痛，主要累及双手、双腕、双肘、双肩、双膝、双踝及颈椎，晨僵大于1小时，双腕关节已强直多年，至当地医院就诊，诊断为“类风湿关节炎”，曾予青霉素、链霉素、激素静滴，间断服用中药及针灸治疗，2016年曾于我科住院治疗，查RF 88IU/ml，CRP58.9mg/L，血沉82mm/h，诊断为类风湿关节炎，予甲氨蝶呤、雷公藤多甙片及中药治疗；患者出院后 一直未正规用药治疗。2019年初患者服用“含乌梢蛇中成药”，服用三个月后自觉体重增长，面容库欣，停药后多关节肿痛加重，自服地塞米松 1粒 2/日3月，2019年3月患者至我科就诊，查C－反应蛋白 48.00mg/L↑,类风湿因子 1330.00IU/ml，予雷公藤多甙片、艾拉莫德治疗，好转出院，患者出院后自行停药，现多关节疼痛较甚，双膝肿痛较甚，行走困难，今日至我科就诊，为进一步系统诊治，收住我病区，入院时：患者双膝关节肿痛，右膝较甚，双肩关节疼痛，上举困难，双腕关节强直，双肘外展受限，无皮疹，否认有口腔溃疡，无明显口干眼干，饮食、睡眠一般，大小便正常。",神志清晰，精神欠佳，形体适中，语言清晰，口唇红润；皮肤正常，无斑疹。头颅大小形态正常，无目窼下陷，无白睛，耳轮正常，无耳瘘及生疮；颈部对称，无青筋暴露，无瘿瘤瘰疬，胸部对称，虚里搏动正常，腹部平坦，无癥瘕痞块，爪甲色泽红润，双下肢无浮肿，舌淡红，苔白腻，脉沉细。,0,0,1,1,0,0,1,0,0,0,3,阴虚|阳虚|痰湿
436724,test,湿热下注证,auto,肛内肿物外脱伴便血1天,"患者于入院前1天，出现因食辛辣醇厚且劳累后出现肛缘肿痛伴肛内肿物脱出,伴便血，量中,色鲜红,未予治疗，症情渐加重，遂来本院求治。刻下：肛内肿物脱出伴肿缘疼痛，坐卧不宁，行走不利。大便日行2-3次，质软，排出畅，伴便血，量中,色鲜红,伴排便不尽及肛门坠胀感，无粘液便，小溲畅，无发热恶寒。纳食可，夜寐尚可，舌红，苔黄，脉滑数。",神志清晰，精神尚可，形体适中，语言清晰，口唇红润；皮肤正常，无斑疹。头颅大小形态正常，无目窼下陷，白睛无黄染，耳轮正常，无耳瘘及生疮；颈部对称，无青筋暴露，无瘿瘤瘰疬，胸部对称，虚里搏动正常，腹部平坦，无癥瘕痞块，爪甲色泽红润，双下肢无浮肿，舌淡红，苔白，脉滑数。,0,0,0,0,0,0,0,1,0,0,1,湿热
484709,train,气虚血瘀证,auto,反复胸闷隐痛13年，加重1天。,患者13年前常于活动时出现胸闷隐痛，持续数分钟，休息后可缓解，就诊于徐州市三院，行PCI术植入3枚支架（具体不详）。术后规律服用拜阿司匹林、波立维、瑞舒伐他汀钙及倍他乐克缓释片等药物治疗，病情尚平稳。6年前，患者再次出现胸闷、胸痛症状，再次就诊于徐州市三院，行PCI术植入1枚支架（具体不详）。1天前患者因劳累及情绪不畅自觉胸闷隐痛较前加重，伴有气短乏力，心慌出汗，遂今日至我院就诊，为进一步治疗收入我科。入院时：患者胸闷隐痛，时作时休。心悸气短，动则益甚，倦怠乏力，声息低微，易汗出，纳可，二便尚调，夜寐尚可。,神志清晰，精神尚可，形体适中，语言清晰，口唇红润；皮肤正常，无斑疹。头颅大小形态正常，无目窼下陷，白睛无黄染，耳轮正常，无耳瘘及生疮；颈部对称，无青筋暴露，无瘿瘤瘰疬，胸部对称，虚里搏动正常，腹部平坦，无癥瘕痞块，爪甲色泽红润，双下肢无浮肿，舌质淡紫，苔薄白，脉虚细涩。,1,0,0,0,0,1,0,0,0,0,2,血瘀|气虚
487169,train,肝胃郁热证,auto,腹痛间作1月,患者1月前无明显诱因出现腹痛，无肩背部放射痛，有反酸、嗳气、腹胀、上腹部烧灼感，无恶心、呕吐，无发热，食欲欠佳，大便每日一次，质粘成形，无粘液、脓血便，2020-12-04外院查胸部CT：两肺多发小于5mm的微小结节，年度复查；2020-12-07外院查胃镜：反流性食管炎、胃角病变待病理、慢性胃炎；胃镜病理：（胃角）非萎缩性胃炎，考虑胃炎，炎症类型为慢性活动性，重度，全层，无萎缩；2020-12-08肠镜：1.结直肠多发息肉2.内痔；肠镜病理：（乙状结肠）非腺瘤性息肉，（直肠）非腺瘤性息肉。患者为求进一步诊治，今来我院，由门诊收入我科。病程中患者：无头晕，无心悸胸闷，纳少，睡眠可，小便正常，近期体重无明显变化，舌红苔白，脉弦。,神志清晰，精神尚可，形体形体适中，语言清晰，口唇红润；皮肤正常，无斑疹。头颅大小形态正常，无目窼下陷，白睛无黄染，耳轮正常，无耳瘘及生疮；颈部对称，无青筋暴露，无瘿瘤瘰疬，胸部对称，虚里搏动正常，腹部平坦，无癥瘕痞块，爪甲色泽红润，双下肢无浮肿，舌淡红，苔白，脉弦。,0,0,0,0,1,0,0,0,0,1,2,气滞|实热
420538,train,热毒蕴结证,auto,肛旁肿痛7天,"患者于入院前7天，出现因食辛辣醇厚且劳累后出现肛旁肿胀疼痛,自口服抗炎药物治疗，具体用药不详，3天前于当地医院行肛周脓肿穿刺术，引流约60ml脓液，症情略减轻，今为求手术治疗，遂来本院求治。刻下：肛旁肿胀疼痛剧烈，坐卧不宁，行走不利。大便日行1次，质软，排出畅，无便血，无排便不尽及肛门坠胀感，无粘液便，小溲畅，无发热恶寒。纳食可，夜寐尚可，舌红，苔黄，脉滑数。",神志清晰，精神尚可，形体适中，语言清晰，口唇红润；皮肤正常，无斑疹。头颅大小形态正常，无目窼下陷，白睛无黄染，耳轮正常，无耳瘘及生疮；颈部对称，无青筋暴露，无瘿瘤瘰疬，胸部对称，虚里搏动正常，腹部平坦，无癥瘕痞块，爪甲色泽红润，双下肢无浮肿，舌淡红，苔白，脉滑数。,0,0,0,0,0,0,0,0,0,1,1,实热
468845,train,肾虚证,auto,月经量少半年。,"患者既往月经周期规则，7/28-30，量少，色红，无血块，无痛经。G1P1,患者半年前无明显诱因出现月经量减少，经量约平素月经量的1/2，未予特殊诊治，今日至我院门诊就诊查妇科彩超：左侧卵巢体积稍小，盆腔积液，子宫右卵巢未见明显异常（子宫前位，宫体大小形态正常，表面光滑，肌层回声均匀，内膜厚7.7mm，左卵巢大小21*12mm，形态正常，内可见多枚小卵泡，右卵巢大小35*18mm，形态正常，内可见多枚小卵泡及优势卵泡21*13mm，子宫直肠窝见33*20mm液性暗区），妇科检查：外阴：已婚式，阴道：畅；宫颈：I度糜烂，宫体：前位，常大，质中等，活动度可，压痛；双侧附件区未及明显异常LMP：2020-06-02，7天净，量少，现患者为求进一步系统诊疗收入我科，刻下：患者神清，精神可，偶有下腹疼痛，无寒热往来，无头晕头痛，纳食可，夜寐安，二便调。",神志清晰，精神尚可，形体适中，语言清晰，口唇红润；皮肤正常，无斑疹。头颅大小形态正常，无目窼下陷，白睛无黄染，耳轮正常，无耳瘘及生疮；颈部对称，无青筋暴露，无瘿瘤瘰疬，胸部对称，虚里搏动正常，腹部平坦，无癥瘕痞块，爪甲色泽红润，双下肢无浮肿，舌淡红，苔薄白，脉细。,1,0,0,1,0,0,0,0,0,0,2,阳虚|气虚
456551,train,风痰阻络证,auto,肢体无力3年，咳喘、胸闷1月。,患者有3年前患脑梗塞，遗有肢体无力，行走不稳，在我院治疗，病情好转。3月前患者因受凉出现咳喘，胸闷，憋喘，心慌、心悸，予治疗后病情有所好转，但仍未痊愈。今因住院周期长，办理出院周转。现患者神清，精神萎靡，反应迟钝，记忆力下降，头晕，头胀，两耳听力下降，肢体活动无力，行走步履不稳，视物模糊，双眼右视时重影，肩背部疼痛时作，咳喘，胸闷。伴有发作性心慌、胸闷、胸痛，双下肢皮肤瘙痒，纳谷一般，饮水不呛，夜寐少，大便一日一次，排气正常，小便频数。,神志清，形体适中，发少，色白。目窠略肿，肤色无异常，无斑疹。低声气微，口中无异味，舌质红，苔薄黄，舌体胖大，有齿痕，活动尚可，舌底脉络色紫，见迂曲，脉弦细。头颅大小形态正常，白睛不黄，红丝隐隐，咽部色泽红润，未见乳娥。项部对称，活动灵活，胸部扁平，虚里搏动应收，腹膨胀。脊柱四肢无畸形，双下肢肿胀，小便不利。排泄物： 干燥、成形。,0,0,0,0,0,0,1,0,1,0,2,内风|痰湿
461988,train,气虚血瘀证,auto,突发胸痛1周。,"患者1周前突发胸痛，伴汗出，持续十余分钟缓解，无明显恶心呕吐，无黑矇晕厥，03月17日16:30左右就诊于徐州市二院，予查超敏肌钙蛋白T 56.24ng/ml,心肌酶谱未见异常，心电图示：窦性心律，正常范围内心电图，考虑心肌损伤，建议动态观察，予硝酸甘油口服，红花黄色素氯化钠、环磷腺苷葡胺静滴治疗。03月18日复查超敏肌钙蛋白T 15.29ng/ml,心肌酶谱正常，建议查冠脉CTA，患者及家属拒绝。现患者为求进一步系统治疗，由门诊拟“急性冠脉综合征”收住入院。入院时：患者胸闷间作，胸痛不显，心慌汗出不显，无憋喘，无发热恶寒，无咳嗽咳痰，无恶心呕吐，无腹痛腹胀，无头晕头痛，纳可，二便尚调，夜寐一般。",神志清晰，精神尚可，形体适中，语言清晰，口唇红润；皮肤正常，无斑疹。头颅大小形态正常，无目窼下陷，白睛无黄染，耳轮正常，无耳瘘及生疮；颈部对称，无青筋暴露，无瘿瘤瘰疬，胸部对称，虚里搏动正常，腹部平坦，无癥瘕痞块，爪甲色泽红润，双下肢无浮肿，舌暗，苔白腻，脉弦涩。,1,0,0,0,0,1,0,0,0,0,2,血瘀|气虚
474500,train,痰浊中阻证,auto,偏头痛10余年，加重1天,患者10年前无明显诱因出现右侧颞部疼痛，长期太阳穴跳痛，眼眶酸痛，张口时颞部有刀刻样疼痛发作，未予治疗，症状间断发作，换季时发作频繁，1天前感疼痛加重，遂至我科求进一步中西医治疗，由门诊排除新冠肺炎收治入院，刻下患者神志清，精神一般，右侧颞部疼痛发作，无恶心呕吐，无咳嗽咳痰，无腹痛腹泻，饮食一般，睡眠不佳，长期口服氯硝西泮，二便尚调，舌稍胖，苔白，舌边略有齿痕，脉弦。,神志清晰，精神尚可，形体适中，语言清晰，口唇红润；皮肤正常，无斑疹。头颅大小形态正常，无目窼下陷，白睛无黄染，耳轮正常，无耳瘘及生疮；颈部对称，无青筋暴露，无瘿瘤瘰疬，胸部对称，虚里搏动正常，腹部平坦，无癥瘕痞块，爪甲色泽红润，双下肢无浮肿，苔白，舌边略有齿痕，脉弦。,0,0,0,0,0,0,1,0,0,0,1,痰湿
432375,train,气滞血瘀证,auto,检查发现盆腔肿物1月。,患者既往月经周期尚规则，56岁绝经，绝经后无异常阴道出血及排液。G2P1，1月前患者因乏力至我院内分泌科就诊，拟“甲状腺功能减退”于我院内分泌科住院治疗，查妇科彩超：子宫前位，体积萎缩，形态正常，表面光滑，肌层回声尚均匀，内膜厚3mm，双侧卵巢显示不清，右侧附件区探及一带下104*68mm囊性包块，壁光，透声好；子宫直肠窝见32*14mm液性暗区，提示：绝经期子宫，右附件囊性包块，盆腔积液；今日来我院妇科门诊就诊，拟“盆腔肿物”收治入院。刻下：患者神清，精神好，偶有下腹部坠胀疼痛，无腰部酸痛，无肛门下坠感，乏力甚，纳可，夜寐安，二便调畅。,神志清晰，精神尚可，形体适中，语言清晰，口唇红润；皮肤正常，无斑疹。头颅大小形态正常，无目窼下陷，白睛无黄染，耳轮正常，无耳瘘及生疮；颈部对称，无青筋暴露，无瘿瘤瘰疬，胸部对称，虚里搏动正常，腹部平坦，无癥瘕痞块，爪甲色泽红润，双下肢无浮肿，舌淡红，苔白，脉弦涩。,0,0,0,0,1,1,0,0,0,0,2,气滞|血瘀
447398,train,风痰阻络证,auto,头晕、左下肢无力、行走不稳3日,患者于3日前无明显诱因出现头晕，行走不稳，左下肢乏力，未发生跌倒，今为求中西医结合治疗，特来我院就诊。入院时症状：神志清，头晕，视物昏沉不适，左下肢抬举乏力，双下肢力弱，左下肢酸痛不适，行走不稳，饮食尚可，二便可，夜寐尚可。舌质红，苔黄腻，脉弦。,神志清晰，精神尚可，形体适中，语言清晰，口唇红润；皮肤正常，无斑疹。头颅大小形态正常，无目窼下陷，白睛无黄染，耳轮正常，无耳瘘及生疮；颈部对称，无青筋暴露，无瘿瘤瘰疬，胸部对称，虚里搏动正常，腹部平坦，无癥瘕痞块，爪甲色泽红润，双下肢无浮肿，舌质红，苔黄腻，脉弦。,0,0,0,0,0,0,1,0,1,0,2,内风|痰湿
462672,train,正虚瘀结证,auto,胰腺癌术后化疗后，乏力1周。,"患者2019-12-05在二院行腹腔镜向胰体尾部切除术+脾切除术，术中见肿块大小2×3cm，术后病理：胰腺：考虑为腺鳞癌，待免疫组化进一步诊断，送检肿瘤大小：5×2.8×2.2cm，神经周围侵犯，未见明确脉管侵犯，镜下见肿瘤周围淋巴结4/7枚，见癌转移或累及，胰腺断面未见癌累及；脾脏：符合慢性脾瘀血病理表现，未见癌累及。免疫组化：胰腺：肿瘤细胞；CDpan(+),P40(+),P63(+),CK7(+),CEA(-),LCA(-),NSD(-),MUC2(-),Ki67(+，热点区约20%），结合HE切片及免疫组化结果符合腺鳞癌。2019-12-25腹部超声：肝胆胰头肾未见明显异常。腋窝淋巴结彩超：双侧腋窝异型淋巴结，必要时超声引导下穿刺活检。腹股沟淋巴结彩超：双侧腹股沟稍大淋巴结。排除化疗禁忌，2020-01-04行第1周期白蛋白紫杉醇+替吉奥方案化疗，具体：白蛋白紫杉醇200mg ivgtt. d1+ S-1 40mg po. bid. d1-14 q21d，并予止吐等对症处理，化疗毒性可耐受。2020-01-31胸部CT：两肺下叶陈旧灶。两侧腋窝多发稍大淋巴结。所见食道内积液。腹部CT：胰体尾部、脾脏术后缺如。肝左内叶假病灶可能，肝右后叶囊肿。双肾囊肿可能。前列腺增大伴钙化。排除禁忌，2020-02-04、03-06调整方案行吉西他滨1.4g d1、8+替吉奥40mg d1-14 po 2周期，辅以止吐、抗瘤增免等治疗，近1周患者诉乏力，为求进一步诊疗收住我科。门诊查血常规、胸部CT排除新型冠状病毒肺炎。入院时，患者乏力，纳少，无发热，无呕吐，无腹泻，无咳痰，睡眠一般，二便调。",神志清晰，精神尚可，形体适中，语言清晰，口唇红润；皮肤正常，无斑疹。头颅大小形态正常，无目窼下陷，白睛无黄染，耳轮正常，无耳瘘及生疮；颈部对称，无青筋暴露，无瘿瘤瘰疬，胸部对称，虚里搏动正常，腹部平坦，无癥瘕痞块，爪甲色泽红润，双下肢无浮肿，舌淡红，苔白，脉细弱。,1,0,0,0,0,1,0,0,0,0,2,血瘀|气虚
454819,train,气滞血瘀证,auto,便后肛痛伴便血1周余。,患者1周前无明显诱因下出现便后肛痛，伴便血，量少，点滴而出，色鲜红，无肛内坠胀不适，症状反复发作渐加重。刻下：便后肛痛，伴便血，量多，喷射而出，夹杂血块，色鲜红，无肛内坠胀不适，无里急后重感。,神志清晰，精神尚可，形体适中，语言清晰，口唇红润；皮肤正常，无斑疹。头颅大小形态正常，无目窼下陷，白睛无黄染，耳轮正常，无耳瘘及生疮；颈部对称，无青筋暴露，无瘿瘤瘰疬，胸部对称，虚里搏动正常，腹部平坦，无癥瘕痞块，爪甲色泽红润，双下肢无浮肿，舌淡红，苔白，脉弦。,0,0,0,0,1,1,0,0,0,0,2,气滞|血瘀
442209,train,心血瘀阻证,auto,胸闷痛间作1年余，加重1天,患者1年前始反复出现胸闷痛，位于心前区，劳累时明显，无心慌、汗出，无肩背放射痛，无恶心、呕吐，无黑曚及晕厥，每次持续约3-5分钟，休息后症状多可自行改善，患者未予重视及特殊治疗。近1年来，患者胸闷痛症状间断发作，每于受凉、劳累、饱餐及情绪激动时加重，疼痛部位、性质、持续时间大致同前。此次发作系患者昨日无明显诱因下感胸闷痛再发较前加重，无心慌、汗出，无肩背放射痛，无恶心、呕吐，无黑曚及晕厥，休息后感症状缓解不著，就诊于徐州市中心医院，予急查心电图提示：窦性心律、部分导联ST-T改变（未见报告），今就诊于我院门诊，予急查心电图提示：窦性心律，T波改变（V3-V6），较前呈动态演变；急查肌钙蛋白I提示未见明显异常，为进一步中西医综合诊治收住入院。入院时：患者胸闷痛间作，痛有定处，入夜为甚，无心慌、汗出，无肩背放射痛，无恶心、呕吐，无黑曚及晕厥，纳可，大小便尚调，夜寐一般。舌质紫暗，有瘀斑，舌下瘀筋，苔薄，脉弦涩。,神志清晰，精神欠佳，形体适中，语言清晰，口唇发绀；皮肤正常，无斑疹。头颅大小形态正常，无目窼下陷，白睛无黄染，耳轮正常，无耳瘘及生疮；颈部对称，无青筋暴露，无瘿瘤瘰疬，胸部对称，虚里搏动正常，腹部平坦，无癥瘕痞块，爪甲色泽青紫，双下肢无浮肿，舌质紫暗，有瘀斑，舌下瘀筋，苔薄，脉弦涩。,0,0,0,0,0,1,0,0,0,0,1,血瘀
423708,train,气虚血瘀证,auto,右侧肢体无力半月余,患者半月前无明显诱因出现右侧肢体无力，头晕头昏，诊断为脑梗死急性发作，经治疗好转出院，现为求进一步中西医结合诊疗，遂来诊；现患者神清，精神欠佳，右侧肢体无力，纳差，二便调。,神志清晰，精神欠佳，形体适中，语言清晰，口唇发绀；皮肤正常，无斑疹。头颅大小形态正常，无目窼下陷，白睛无黄染，耳轮正常，无耳瘘及生疮；颈部对称，无青筋暴露，无瘿瘤瘰疬，胸部对称，虚里搏动正常，腹部平坦，无癥瘕痞块，爪甲色泽红润，双下肢无浮肿，舌质淡紫，苔白腻，脉弦细。,1,0,0,0,0,1,0,0,0,0,2,血瘀|气虚
440110,train,肝肾不足证,manual_disambiguated,多关节肿痛间作3年余，加重2月,患者3年前无明显诱因出现双手近端指间关节、双腕、双肘、双膝关节肿痛，未正规治疗，间断口服“止痛药”对症处理。患者2019年4月因脑梗死至我院神经内科住院治疗期间查抗CCPAb大于200U/ml，请我科会诊后考虑类风湿关节炎，予雷公藤多苷、艾拉莫德口服，患者出院后间断服药，2月前多关节肿痛加重，今患者为求进一步系统治疗由门诊收住。入院时：双手PIPJ、MCPJ、双腕、双肘、右膝关节肿痛伴活动受限，失眠，二便调，无口干，进食干食无需水送，无眼干，无口腔溃疡，无雷诺现象，无明显胸闷气喘。,神志清晰，精神尚可，形体适中，语言清晰，口唇红润；皮肤正常，无斑疹。头颅大小形态正常，无目窼下陷，无白睛，耳轮正常，无耳瘘及生疮；颈部对称，无青筋暴露，无瘿瘤瘰疬，胸部对称，虚里搏动正常，腹部平坦，无癥瘕痞块，爪甲色泽红润，双下肢无浮肿，舌淡红，苔白，脉沉细。,0,0,1,1,0,0,0,0,0,0,2,阴虚|阳虚
467982,train,气虚血瘀证,auto,突发左上肢麻木无力3天,患者自诉3天前无明显诱因突发左上肢麻木无力，肘关节以下尤著，晨起明显，活动后改善，症状持续不缓解，遂急来我院急诊，急诊完善抽血及肺部CT检查排除新冠，头颅CT示两侧基底节区及额顶叶多发小缺血灶，为求进一步治疗入院，病程中无意识模糊、无肢体抽搐，刻下患者神清，精神差，左上肢麻木无力，无活动后心慌胸闷，食纳可，夜寐安，二便畅。,神志清晰，精神尚可，形体适中，语言清晰，口唇红润；皮肤正常，无斑疹。头颅大小形态正常，无目窼下陷，白睛无黄染，耳轮正常，无耳瘘及生疮；颈部对称，无青筋暴露，无瘿瘤瘰疬，胸部对称，虚里搏动正常，腹部平坦，无癥瘕痞块，爪甲色泽红润，双下肢无浮肿，舌淡红，苔白，脉细。,1,0,0,0,0,1,0,0,0,0,2,血瘀|气虚
466968,train,风痰阻络证,auto,右侧肢体无力，言语不清半月,患者家属诉患者于2020-05-06突发头晕伴右侧肢体无力，言语不能，急送至徐州市三院就诊，考虑为急性脑梗死，予溶栓治疗，后予抗聚、改善脑代谢等对症治疗，患者症状有所改善，现为求进一步治疗，门诊排除新冠肺炎后以脑梗死收治入院，刻下患者神志清楚，精神欠佳，右侧肢体无力，活动欠佳，言语不清，饮水偶有呛咳，无头晕头痛，无恶心呕吐，无心慌心悸，无咳嗽咳痰，饮食尚可，睡眠一般，二便尚调，舌暗，舌下脉络瘀滞，苔白腻，脉弦滑。,神志清晰，精神欠佳，形体适中，语言欠清，口唇红润；皮肤正常，无斑疹。头颅大小形态正常，无目窼下陷，白睛无黄染，耳轮正常，无耳瘘及生疮；颈部对称，无青筋暴露，无瘿瘤瘰疬，胸部对称，虚里搏动正常，腹部平坦，无癥瘕痞块，爪甲色泽红润，双下肢无浮肿，舌暗，苔白，脉弦滑。,0,0,0,0,0,0,1,0,1,0,2,内风|痰湿
475794,train,血热证,auto,全身反复起鳞屑性红斑7年余，复发加重半月。,"患者7年前双下肢出现少量米粒大小皮疹，表面有脱屑，数目不多，无明显瘙痒感，未予重视，不久皮损扩展至全身，就诊于我院门诊，诊断为“银屑病”，予以内服加外用药治疗，病情时好时坏，曾先后多次在我科住院,每次均病情好转而出院。最近一次住院为2019年1月，治疗19天后全身皮损大部消退而出院。半个月年前患者全身皮疹又起,数目逐渐增多,并感瘙痒不适，遂再次来我科住院治疗。入院前查血常规,肺部CT，新冠核酸无异常，患者否认近14天湖北疫区及本地发病区接触史，否认近14天新冠肺炎病人接触史，否认近14天接触过来自武汉市及周边或境内、境外疫情严重地区发热有呼吸道症状的患者，否认近14天发热、咳嗽、腹泻，排除新冠肺炎，遂收入院。入院时患者无发热不适，时有腰痛，精神及纳食尚可，夜寐欠安，二便自调。",神志清晰，精神尚可，形体适中，语言清晰，口唇红润；皮肤同前，有斑疹。头颅大小形态正常，无目窼下陷，白睛无黄染，耳轮正常，无耳瘘及生疮；颈部对称，无青筋暴露，无瘿瘤瘰疬，胸部对称，虚里搏动正常，腹部平坦，无癥瘕痞块，爪甲色泽红润，双下肢无浮肿，舌质红，苔薄黄，脉弦滑。,0,0,0,0,0,0,0,0,0,1,1,实热
453211,train,湿热下注证,auto,便后肛内肿物脱出1月，加重2天,"患者1月前感会阴部坠胀明显，而致便后肛内肿物脱出，能回复，自行治疗（具体不祥）后症状有所缓解，2天来症状明显加重，脱出无法还纳，自行休息后无缓解，疼痛难忍，无便血，遂于今日由门诊拟“脱肛、混合痔”，收入我区。刻下：便后肛内肿物脱出，不能回复，持续疼痛，肛门坠胀不适,大便排出费力，纳寐欠安。",神志清晰，精神尚可，形体形体适中，语言清晰，口唇红润；皮肤正常，无斑疹。头颅大小形态正常，无目窼下陷，无白睛，耳轮正常，无耳瘘及生疮；颈部对称，无青筋暴露，无瘿瘤瘰疬，胸部对称，虚里搏动正常，腹部平坦，无癥瘕痞块，爪甲色泽红润，双下肢无浮肿，舌淡红，苔白，脉平和。,0,0,0,0,0,0,0,1,0,0,1,湿热
463843,train,肝阴不足证,auto,乏力伴右胁部不适间作4年余,患者4年前无明显诱因出现乏力、右胁肋部胀满不适，伴有纳差，劳累后加重，无肩背部放射性疼痛，无身目巩膜黄染，无小便发黄，患者多次至我院住院治疗，2016年8月诊断为“原发性胆汁性肝硬化”，长期予“熊去氧胆酸1片bid口服”，病情控制尚可。2017年1月患者至我院住院，查上腹部增强 CT：1、上腹部增强CT扫描未见明确占位征象。2、肝硬化，脾大。3、胆囊炎。予对症、保肝、降酶等治疗症状缓解出院。现为求进一步诊治，门诊遂收入我科系统诊治。病程中患者乏力、右胁肋部胀满较前改善，无发热、黄疸，无吞咽困难，无呕血、黑便，食纳、睡眠欠佳，近期体重无明显变化。,神志清晰，精神尚可，形体形体适中，语言清晰，口唇红润；皮肤正常，无斑疹。头颅大小形态正常，无目窼下陷，白睛无黄染，耳轮正常，无耳瘘及生疮；颈部对称，无青筋暴露，无瘿瘤瘰疬，胸部对称，虚里搏动正常，腹部平坦，无癥瘕痞块，爪甲色泽红润，双下肢无浮肿，舌淡红，苔白，脉弦。,0,0,1,0,0,0,0,0,0,0,1,阴虚
423390,train,肝胃郁热证,auto,上腹痛间作2年，加重1月,患者两年前起无明显诱因下出现上腹部胀痛不适，以剑下及右上腹为主，为阵发性胀痛伴恶心、反酸、嗳气，无吞咽梗阻，无发热、腹泻、呕吐，无腰背部及肩部放射痛，劳累、受凉及饱餐后症状明显，两年来症状反复发作，口服奥美拉唑、达喜等药物后症状可减轻，2018-08至我科行电子胃镜：胃溃疡（多发）、慢性胃炎伴疣状隆起。电子肠镜：慢性结肠炎伴糜烂，予抑酸，护胃等治疗好转后出院。近一月来症状再发，自觉较前加重，觉纳差、乏力、口干、口苦、自觉消瘦。今为求中西医结合进一步诊治，今来我院就诊，由门诊收入我科系统诊治。病程中患者无发热、黄疸，觉头晕、头痛，无咳嗽、咳痰，无胸闷、心慌，无呕血、黑便，食纳、睡眠欠佳，大小便基本正常，一年来消瘦10余斤。,神志清晰，精神尚可，形体形体适中，语言清晰，口唇红润；皮肤正常，无斑疹。头颅大小形态正常，无目窼下陷，白睛无黄染，耳轮正常，无耳瘘及生疮；颈部对称，无青筋暴露，无瘿瘤瘰疬，胸部对称，虚里搏动正常，腹部平坦，无癥瘕痞块，爪甲色泽红润，双下肢无浮肿，舌淡红，苔白，脉弦。,0,0,0,0,1,0,0,0,0,1,2,气滞|实热
468254,train,阴虚火旺证,auto,发现血糖升高3年余，加重半年,"患者3年前体检时发现血糖升高，多次复诊后诊断为2型糖尿病，始口服降糖药物“利拉鲁肽 0.6mg ih qd,二甲双胍1片 po tid”，血糖控制尚可。半年前因急性胰腺炎，停用利拉鲁肽，后血糖渐升高。目前降糖方案为：“二甲双胍1片 po tid”，血糖波动于空腹血糖7-8mmol/l，餐后2h血糖12-15mmol/l；半年来血糖升高明显，就诊于我科门诊，今患者为求进一步系统治疗，由门诊收入住院。病程中患者口干多饮多尿不明显，未感视物模糊，未感四肢麻木，二便调，睡眠可，纳可。",神志清晰，精神尚可，形体偏胖，语言清晰，患者口唇红润；皮肤正常，无斑疹。头颅大小形态正常，无目窼下陷，白睛无黄染，耳轮正常，无耳瘘及生疮；颈部对称，无青筋暴露，无瘿瘤瘰疬，胸部对称，虚里搏动正常，腹部平坦，无癥瘕痞块，爪甲色泽苍白，双下肢无浮肿，舌淡红，少苔干黄，脉虚细数。,0,0,1,0,0,0,0,0,0,0,1,阴虚
418993,train,肾虚证,auto,经期延长3年余,"患者既往月经规则，30天一行，7天净，量中等，偶夹血块，无经行腹痛。2015年行子宫肌瘤剔除术后出现经期延长症状，逐年加重，未予重视及诊疗。现月经周期延长至14天，余无明显不适。为求系统诊疗，2018年10月至我院门诊就诊，予中成药及地屈孕酮口服调理，未见明显好转。末次月经：2019-01-05，14天净，余正常，为求进一步诊疗，今由门诊拟以“异常子宫出血”入住我科，刻下：患者神清，精神好，无心慌乏力，无头晕，无阴道出血，无腹痛，偶有腰酸,纳寐可，二便调，舌淡白，苔白，脉沉细。",神志清晰，精神尚可，形体适中，语言清晰，口唇红润；皮肤正常，无斑疹。头颅大小形态正常，无目窼下陷，无白睛，耳轮正常，无耳瘘及生疮；颈部对称，无青筋暴露，无瘿瘤瘰疬，胸部对称，虚里搏动正常，腹部平坦，无癥瘕痞块，爪甲色泽：淡红，双下肢对称，舌淡白，苔白，脉沉细。,1,0,0,1,0,0,0,0,0,0,2,阳虚|气虚
447067,train,气虚血瘀证,auto,反复头晕3年余，加重10余天,患者3年余前无明显诱因头晕头昏，头重如裹，予住院治疗，诊断“脑梗塞”，予输液治疗，症状反复发作，10余天前患者感头晕频作，头昏，头重如裹，肢体乏力，双下肢为著，行走尚平稳，心慌汗出阵作，即来我院门诊就诊，为进一步检查治疗收住入院。病程中患者腰部、肩关节酸痛，颈项部不适，左足、左手麻木，双目干涩，无咳嗽咳痰，无恶寒发热，无晕厥黑朦，无四肢抽搐，无夜间憋醒，无胸痛放射痛，纳食一般，夜寐一般，二便尚调。,神志清晰，精神差，形体适中，语言清晰，口唇发绀；皮肤正常，无斑疹。头颅大小形态正常，无目窼下陷，白睛无黄染，耳轮正常，无耳瘘及生疮；颈部对称，无青筋暴露，无瘿瘤瘰疬，胸部对称，虚里搏动正常，腹部膨隆，无癥瘕痞块，爪甲色泽红润，双下肢有浮肿，舌淡紫，苔白，脉细。,1,0,0,0,0,1,0,0,0,0,2,血瘀|气虚
474352,train,气滞血瘀证,auto,垂体瘤术后10个月,2019年9月因头痛、血压高住院查出垂体瘤，住院时查血糖升高，服用达格列净治疗，于江苏省人民医院行经蝶窦垂体腺瘤摘除术，术后血压一度正常，仅在情绪激动及睡眠差时血压升高，头痛症状消失，自诉垂体瘤约0.5cm大小，未行免疫组化，自诉术后曾短暂服用1周激素治疗（具体不详）术后至今未复查垂体激素水平及垂体影像检查。今至我院门诊，为行术后追踪复查，入住我病区，现症：口渴多饮，视物模糊，无视野缺损，乏力，咽痛，左耳痒，纳可，二便调，夜寐安，近期体重无变化。,神志清晰，精神尚可，形体适中，语言清晰，口唇红润；头颅大小形态正常，无目窼下陷，无白睛，耳轮正常，无耳瘘及生疮；颈部对称，无青筋暴露，无瘿瘤瘰疬，胸部对称，虚里搏动正常，腹部平坦，无癥瘕痞块，爪甲色泽红润，口渴多饮，视物模糊，无视野缺损，乏力，咽痛，左耳痒，纳可，二便调，夜寐安，近期体重无变化。向心性肥胖，脸略圆，锁骨上窝、背部脂肪增厚，上臂、大腿、肩背部汗毛增多增粗，双前臂散在瘀斑；下腹部可见少许对称性紫纹，双足底皮肤脱屑，双下肢略肿。舌暗红，苔薄黄，脉弦。,0,0,0,0,1,1,0,0,0,0,2,气滞|血瘀
449515,train,肝肾亏虚证,manual_disambiguated,腰部疼痛伴活动受限10天余,患者10天前无明显诱因出现腰部疼痛伴活动受限，左下肢疼痛伴活动受限，行走不利，走一段时间疼痛加重，坐位时感会阴部麻木不适，曾贴膏药于疼痛部位，无明显好转，今感症状加重，为求进一步中西医结合治疗，遂来我院门诊，门诊医师予“腰椎间盘突出症”收入病房，刻下：患者神志清，精神可，无头晕头痛，无恶心呕吐，患部疼痛同前，行走欠利，大小便未诉异常，夜寐尚可。,神志清晰，精神尚可，形体适中，语言清晰，口唇红润；皮肤正常，无斑疹。头颅大小形态正常，无目窼下陷，白睛无黄染，耳轮正常，无耳瘘及生疮；颈部对称，无青筋暴露，无瘿瘤瘰疬，胸部对称，虚里搏动正常，腹部平坦，无癥瘕痞块，爪甲色泽红润，双下肢无浮肿，舌淡红，苔白，脉数。,0,1,1,0,0,0,0,0,0,0,2,阴虚|血虚
447685,train,湿热下注证,auto,尿频十余年，加重一周。,患者十余年前无明显诱因下出现尿频不适，夜尿增多2-3次，并伴有尿等待、尿线变细、尿不尽等排尿困难症状，无尿急、尿痛，无血尿、脓尿，无腹胀、腹痛，发病后查泌尿系彩超示前列腺增生，间断予非那雄胺对症治疗。近一周患者感尿频症状较前加重，夜尿增多4-5次，排尿困难症状无明显缓解，余性质同前，未予系统治疗；现患者为求系统治疗，于今日来我院就诊，门拟诊“前列腺增生”收入院给予进一步的检查和治疗。入院时患者神清，精神尚可，饮食正常，夜间休息欠佳，小便如上述，大便自解，病程中无发热及寒战，无腹胀及腹痛，无恶心及呕吐，近期体重无明显变化。,神志清晰，精神尚可，形体适中，语言清晰，口唇红润；皮肤正常，无斑疹。头颅大小形态正常，无目窼下陷，无白睛，耳轮正常，无耳瘘及生疮；颈部对称，无青筋暴露，无瘿瘤瘰疬，胸部对称，虚里搏动正常，腹部平坦，无癥瘕痞块，爪甲色泽红润，双下肢无水肿，舌质黯红，苔白厚腻，脉弦滑。,0,0,0,0,0,0,0,1,0,0,1,湿热
478584,train,气滞血瘀证,auto,四肢麻木无力、行走不稳20余日。,患者20余日前无明显诱因出现四肢麻木无力，行走不稳，未予系统治疗，症状持续未见缓解，为求进一步中西结合诊疗遂来诊，由门诊排除新冠肺炎后收治入院，入院时患者神清，精神欠佳，四肢麻木、无力，行走不稳，小腹部皮肤麻木，腹部胀满，胸闷时作，双下肢及足踝部浮肿，食纳欠佳，夜寐欠佳，二便尚可，舌暗，苔白，脉弦滑。,神志清晰，精神尚可，形体偏胖，语言清晰，口唇红润；皮肤正常，无斑疹。头颅大小形态正常，无目窼下陷，白睛无黄染，耳轮正常，无耳瘘及生疮；颈部对称，无青筋暴露，无瘿瘤瘰疬，胸部对称，虚里搏动正常，腹部膨隆，无癥瘕痞块，爪甲色泽红润，双下肢无浮肿，舌暗，苔白，脉弦滑。,0,0,0,0,1,1,0,0,0,0,2,气滞|血瘀
442867,train,湿热下注证,auto,肛内肿物外脱伴肿痛1月,"患者于入院前1月，出现因食辛辣醇厚且劳累后出现肛缘肿痛伴肛内肿物脱出,未予治疗，症情反复发作渐加重，遂来本院求治。刻下：肛内肿物脱出伴肿缘疼痛，大便日行1次，质软，排出畅，无便血，无排便不尽及肛门坠胀感，无粘液便，小溲畅，无发热恶寒。纳食可，夜寐尚可，舌红，苔黄，脉滑数。",神志清晰，精神尚可，形体适中，语言清晰，口唇红润；皮肤正常，无斑疹。头颅大小形态正常，无目窼下陷，白睛无黄染，耳轮正常，无耳瘘及生疮；颈部对称，无青筋暴露，无瘿瘤瘰疬，胸部对称，虚里搏动正常，腹部平坦，无癥瘕痞块，爪甲色泽红润，双下肢无浮肿，舌淡红，苔白，脉滑数。,0,0,0,0,0,0,0,1,0,0,1,湿热
457494,train,风痰阻络证,auto,左上肢活动不利3天,患者3天前无明显诱因出现左上肢活动不利，左上肢精细活动受限，无头晕头痛，无恶心欲吐，无吞咽困难及饮水呛咳，遂至我院就诊，入院时：患者神清、精神可，左上肢活动不利，左上肢精细活动受限，左下肢酸痛不适，行走困难，口干，纳可，寐欠安，二便调。,神志清晰，精神尚可，形体适中，语言清晰，口唇红润；皮肤正常，无斑疹。头颅大小形态正常，无目窼下陷，白睛无黄染，耳轮正常，无耳瘘及生疮；颈部对称，无青筋暴露，无瘿瘤瘰疬，胸部对称，虚里搏动正常，腹部平坦，无癥瘕痞块，爪甲色泽红润，双下肢无浮肿，舌淡红，苔白，脉弦。,0,0,0,0,0,0,1,0,1,0,2,内风|痰湿
451053,train,气虚血瘀证,auto,反复胸闷、胸痛阵作10余年，加重半天,患者于10余年前起无明显诱因出现胸闷、胸痛阵作，时有后背放射痛，持续时间不等，活动后加重伴气短，含服“速效救心丸或麝香保心丸”后症状缓解，症状反复发作，多次予多家医院住院治疗，诊为：冠心病，均经治疗好转后出院，出院后长期服用“血脂康、倍他乐克片”等，症状反复，2016.06.05突发急性心肌梗塞于本院住院治疗，经抗凝、抗聚、调脂等治疗好转后出院。2019.03.29患者因呼吸衰竭入住我院ICU，经治疗好转后出院，半天前患者症情较前加重，现患者为求进一步明确诊疗再次入院，入院时：患者神清，精神欠佳，平车推入病房，痴呆貌，阵发性胸闷胸痛，无后背放射痛，无喘促气急，无头晕头痛，咳嗽咯痰阵作，痰质粘不易咯，无恶寒发热，无恶心呕吐，腰膝关节酸痛，保留胃管，夜寐欠安，留置导尿，导尿管尿液清，大便4-5日一行，舌质淡紫，苔白，脉弦细。,神志清晰，精神尚可，形体适中，语言清晰，口唇淡紫；皮肤正常，无斑疹。头颅大小形态正常，无目窼下陷，无白睛，耳轮正常，无耳瘘及生疮；颈部对称，无青筋暴露，无瘿瘤瘰疬，胸部对称，虚里搏动正常，腹部平坦，无癥瘕痞块，爪甲色泽：淡紫，双下肢对称，舌质淡紫，苔白，脉弦细。,1,0,0,0,0,1,0,0,0,0,2,血瘀|气虚
469578,val,气虚血瘀证,auto,反复胸闷隐痛1年，加重1周。,患者1年前常于活动时出现胸闷隐痛，位于心前区，呈钝痛，持续数分钟，休息后可缓解，患者未予重视，未到医院就诊。1周前患者因劳累及情绪不畅自觉胸闷隐痛较前加重，乏力，伴头晕不适，无明显头痛，无恶心呕吐，遂今日至我院就诊，为进一步治疗收入我科。入院时：患者心胸疼痛，痛有定处，时作时休，心悸气短，动则益甚，倦怠乏力，易汗出，纳可，二便尚调，夜寐尚可。,神志清晰，精神尚可，形体适中，语言清晰，口唇红润；皮肤正常，无斑疹。头颅大小形态正常，无目窼下陷，白睛无黄染，耳轮正常，无耳瘘及生疮；颈部对称，无青筋暴露，无瘿瘤瘰疬，胸部对称，虚里搏动正常，腹部平坦，无癥瘕痞块，爪甲色泽红润，双下肢无浮肿，舌质淡紫，苔薄白，脉虚细涩。,1,0,0,0,0,1,0,0,0,0,2,血瘀|气虚
466464,train,阴虚阳亢证,auto,反复头晕半年余，加重1天。,患者半年余前无明显诱因出现头晕不适，多次测血压高于140/90mmhg，未予重视，未服药治疗。1月余前无明显诱因下患者再次出现头晕不适，行走不稳，伴恶心欲吐，轻微头痛，视物旋转，无口眼歪斜，无四肢感觉运动障碍，无言语不利，无胸闷胸痛，无喘憋气促，无心慌自汗，患者于我院就诊，测血压220/110mmHg，建议患者住院治疗，患者拒绝，查头颅CT提示腔隙性脑梗塞，服用缬沙坦氢氯噻嗪、苯磺酸氨氯地平治疗，血压控制尚可。1天前患者无明显诱因突发头晕加重，伴恶心欲呕，行走不稳，自测血压180/102mmhg，服用上述药物后，血压较前降低，但仍头晕明显，遂至我院就诊，门诊查血常规、新冠肺炎核酸、胸部CT，排除新冠肺炎可能后，为求系统诊治收入住院。入院时：患者头晕不适明显，行走欠稳，稍有视物旋转，恶心欲呕，无口眼歪斜，无四肢感觉运动障碍，无言语不利，稍有胸闷，无胸痛放射痛，无喘憋气促，无心慌自汗，纳食尚可，夜寐一般，二便无殊。,神志清晰，精神欠佳，形体适中，语言清晰，口唇红润；皮肤正常，无斑疹。头颅大小形态正常，无目窼下陷，白睛无黄染，耳轮正常，无耳瘘及生疮；颈部对称，无青筋暴露，无瘿瘤瘰疬，胸部对称，虚里搏动正常，腹部平坦，无癥瘕痞块，爪甲色泽红润，双下肢浮肿。舌暗，苔白，脉弦。,0,0,1,0,0,0,0,0,0,0,1,阴虚
456191,train,气虚血瘀证,auto,阵发性胸闷、心慌1周。,患者近1周常于活动时出现胸闷，位于心前区，呈憋闷样，续数分钟，休息后可缓解，伴心慌，未予诊治，自觉症状逐渐加重，部位性质同前，口服药物效果不明显（具体不祥），遂今日至我院就诊，为进一步诊治收入我科。入院时：患者活动后胸闷、心慌，时作时休，无胸痛及其他部位放射痛，无头晕、黑矇，无肢体活动及意识障碍，无咳嗽、咳痰，无气喘，无畏寒、发热，饮食睡眠尚可，二便正常。,神志清晰，精神尚可，形体适中，语言清晰，口唇发绀；皮肤正常，无斑疹。头颅大小形态正常，无目窼下陷，白睛无黄染，耳轮正常，无耳瘘及生疮；颈部对称，无青筋暴露，无瘿瘤瘰疬，胸部对称，虚里搏动正常，腹部平坦，无癥瘕痞块，爪甲色泽红润，双下肢无浮肿，舌质淡紫，苔薄白，脉虚细涩。,1,0,0,0,0,1,0,0,0,0,2,血瘀|气虚
459370,train,气阴两虚证,auto,发现血糖升高3年，口干多饮伴乏力1周。,患者2017年体检时发现血糖升高，测空腹血糖：6.5mmol/L，患者未予重视，未系统诊治。2019年体检时查空腹血糖：8.15mmol/L，近1周患者自觉口干多饮明显，伴体倦乏力，于我院门诊查OGTT（0/1/2h）:8.54/15.96/16.25mmol/L；胰岛素+C肽释放试验：C肽（0/1/2h）：0.96/2.56/3.69ng/ml，胰岛素（0/1/2h）：3.94/17.38/28.81mU/L，诊断为2型糖尿病，今患者为求进一步中西医结合系统诊治收入我区。目前：患者神清，精神可，口干多饮，体倦乏力，双下肢酸软，头晕时作，纳食可，夜寐安，小便有泡沫，大便正常。无四肢麻木，无心慌胸闷，无恶寒发热，无咳嗽咳痰，无腹痛腹泻，无恶心呕吐，双下肢无浮肿，近期体重无明显改变。,神志清晰，精神可，形体适中，语言清晰，口唇红润；皮肤正常，无斑疹。头颅大小形态正常，无目窼下陷，白睛无黄染，耳轮正常，无耳瘘及生疮；颈部对称，无青筋暴露，无瘿瘤瘰疬，胸部对称，虚里搏动正常，腹部平坦，无癥瘕痞块，爪甲色泽红润；呼吸如常，无呕吐，无呃逆、嗳气、太息、喷嚏等，无特殊异味。双下肢无浮肿，舌暗红，苔薄白，脉细。,1,0,1,0,0,0,0,0,0,0,2,阴虚|气虚
465332,train,气滞血瘀证,auto,摔伤致全身多处肿痛伴活动受限3小时余,患者约3小时前不慎跌倒摔伤，当时即感右肩、胸肋部等多处疼痛伴活动不利，急被送至我院急诊就诊。经询问病史及查体后，行相关影像学检查，结果回示：肋骨骨折；肺挫伤。故为求进一步治疗，遂经急诊拟“肋骨骨折”收治入院。刻下患者胸肋部及右肩部疼痛依然，活动受限，伤后无昏迷，无意识不清，对受伤经过回忆清晰，偶有胸闷不适，无腹胀腹痛，二便未解。,神志清晰，精神尚可，形体适中，语言清晰，口唇红润；皮肤正常，无斑疹。头颅大小形态正常，无目窼下陷，白睛无黄染，耳轮正常，无耳瘘及生疮；颈部对称，无青筋暴露，无瘿瘤瘰疬，胸部对称，虚里搏动正常，腹部平坦，无癥瘕痞块，爪甲色泽红润，双下肢无浮肿，舌淡红，苔白，脉弦。,0,0,0,0,1,1,0,0,0,0,2,气滞|血瘀
487684,train,湿热蕴结证,auto,大便不成形1年余，再作2月。,患者1年前无明显诱因出现大便不成形，4-5次/日，色黄，甚则呈黄色稀水便，夹杂粘液，无脓血，偶有夹杂黑色粪块，无呕血，无腹痛，无恶心呕吐，2020年05月外院行结肠息肉内镜下治疗，术后患者病情好转。2月前，患者自觉症状再作，外院复查提示结肠息肉，未予内镜下治疗，患者为寻求中西医结合治疗，遂至我院，由门诊收住入院。入院时，患者大便不成形，4-5次/日，色黄，甚则呈黄色稀水便，夹杂粘液，无脓血，偶有夹杂黑色粪块，无呕血，无腹痛，无恶心呕吐，无口干口苦，无反酸、嗳气及上腹部、胸骨后烧灼感，食纳尚可，小便正常，夜寐欠安，近期无明显体重变化。,6.中医四诊摘要：神志清晰，精神尚可，形体形体适中，语言清晰，口唇红润；皮肤正常，无斑疹。头颅大小形态正常，无目窼下陷，无白睛，耳轮正常，无耳瘘级生疮；颈部对称，无青筋暴露，无瘿瘤瘰疬，胸部对称，虚里搏动正常，腹部平坦，无癥瘕痞块，爪甲色泽红润，双下肢对称，舌淡红，苔白，脉细。,0,0,0,0,0,0,0,1,0,0,1,湿热
464721,train,痰瘀互结证,auto,咳嗽1年余。,"患者1年多前无明显诱因出咳嗽，咳少量白痰，无胸闷气喘，无畏寒发热，无胸痛咯血，后未予重视，症状加重，于当地医院查胸部CT示“右上肺占位”，我院就诊，胸部CT示：右肺上叶新生物。排除相关禁忌，于2019-05-30在全麻下行支气管镜活检检查，病理诊断：（右肺上叶尖段）肺癌，考虑为腺癌。（右肺上叶尖段）支气管刷片：见到癌细胞。（右肺上叶）支气管镜灌洗液：见到红细胞、中性粒细胞、淋巴细胞，纤毛柱状上皮及组织细胞。免疫组化结果示：G-;CK7+;TTF-1+;NapsinA+;P40+/-;SY-;CK5/6+/-;CgA-;P63灶+;Ki67 20%+。结合HE，符合（右肺上叶尖段）腺癌，向鳞状分化。排除相关化疗禁忌，于2019-06-14行第一次化疗，培美曲塞 700mg d1+ 顺铂 90mg d1方案化疗，化疗过程中轻度上消化道反应。今为行第八次化疗，至我院就诊，拟“右肺腺癌”收治入院。病程中,患者神志清，精神可，无胸痛，无咯血，饮食、睡眠一般，二便正常。",神志清晰，精神尚可，形体适中，语言清晰，口唇红润；皮肤正常，无斑疹。头颅大小形态正常，无目窼下陷，白睛无黄染，耳轮正常，无耳瘘及生疮；颈部对称，无青筋暴露，无瘿瘤瘰疬，胸部对称，虚里搏动正常，腹部平坦，无癥瘕痞块，爪甲色泽红润，双下肢无浮肿，舌淡红，苔白，脉细滑。,0,0,0,0,0,1,1,0,0,0,2,痰湿|血瘀
486689,test,痰浊中阻证,auto,头晕间作1月,患者约1月前无明显诱因出现头晕，间歇性发作，劳累时可诱发，伴有偏侧头痛，未予重视，症状持续不解，为求进一步中西医结合治疗，至我院就诊，经门诊收住入院，入院时患者神清，精神欠佳，头晕头痛未作，时有胸闷，自觉口角流涎，左侧髋关节疼痛，无发热，无视物旋转，无恶心呕吐，无肢体抽搐及不遂，纳食一般，大便次数多，2-3次/日，小便调，舌红，苔白腻，脉弦滑。,神志清晰，精神欠佳，形体适中，语言清晰，口唇发绀；皮肤正常，无斑疹。头颅大小形态正常，无目窼下陷，白睛无黄染，耳轮正常，无耳瘘及生疮；颈部对称，无青筋暴露，无瘿瘤瘰疬，胸部对称，虚里搏动正常，腹部平坦，无癥瘕痞块，爪甲色泽红润，双下肢无浮肿，舌红，苔白腻，脉弦滑。,0,0,0,0,0,0,1,0,0,0,1,痰湿
442714,train,热毒蕴结证,auto,肛旁肿痛1周,"患者于入院前1周，出现因食辛辣醇厚且劳累后出现肛旁肿胀疼痛，症情反复发作渐加重，遂来本院求治。刻下：肛旁肿胀疼痛剧烈，坐卧不宁，行走不利。大便，日行1-2次，质软，排出畅，伴便血，量少,无排便不尽及肛门坠胀感，无粘液便，小溲畅，无发热恶寒。纳食可，夜寐尚可，舌红，苔黄，脉滑数。",神志清晰，精神尚可，形体形体适中，语言清晰，口唇红润；皮肤正常，无斑疹。头颅大小形态正常，无目窼下陷，白睛无黄染，耳轮正常，无耳瘘及生疮；颈部对称，无青筋暴露，无瘿瘤瘰疬，胸部对称，虚里搏动正常，腹部平坦，无癥瘕痞块，爪甲色泽红润，双下肢无浮肿，舌红，苔黄，脉滑数。,0,0,0,0,0,0,0,0,0,1,1,实热
459529,train,肾虚证,auto,IVF-ET后12天，下腹痛1天。,患者平素月经规则，3-5/30-32天，经量中等，色红，偶有血块，轻度痛经，G4P0。患者末次月经2019-09月（具体不详），本周期于徐州市妇幼保健院行人工周期长效长方案行内膜准备，2020年1月2日移植一枚冻胚，1月4日移植一枚囊胚，移植后予芬吗通红片1片tid、达芙通10mg bid、强的松5mg qd、羟氯喹0.2g bid、环孢素25mg tid、那屈肝素钙6150IU qd皮下注射、钙尔奇600mg qd口服等健黄体、调节免疫等治疗，01-04日2000IU 肌注健黄体；01-10日查血HCG示：49.13mIU/ml，孕酮：10.05ng/ml，雌二醇：277.0pg/ml，予HCG2000IU 肌注健黄体；昨日患者无明显诱因下出现下腹疼痛不适，今日至徐州市妇幼保健院查血HCG：82.35mIU/ml、P：:19.26ng/ml、雌二醇:205.0pg/ml。现患者要求保胎治疗，由门诊拟“早孕待查、复发性流产”收入我科，刻下：患者神清，精神可，偶有下腹刺痛，腰酸不显，无阴道异常出血，无恶心呕吐，无明显腰酸，无寒热往来，纳眠可，二便调畅。,神志清晰，精神尚可，形体适中，语言清晰，口唇红润；皮肤正常，无斑疹。头颅大小形态正常，无目窼下陷，白睛无黄染，耳轮正常，无耳瘘及生疮；颈部对称，无青筋暴露，无瘿瘤瘰疬，胸部对称，虚里搏动正常，腹部平坦，无癥瘕痞块，爪甲色泽红润，双下肢无浮肿，舌淡红，苔白，脉沉滑尺脉弱。,1,0,0,1,0,0,0,0,0,0,2,阳虚|气虚
453143,train,肝胃不和证,auto,胃酸胀感间作一月,患者一月前无明显诱因出现上腹部酸胀不适，以剑下为主，伴胃内烧灼感，伴口干口苦，伴嗳气间作，无恶心呕吐，无食欲减退，曾口服奥美拉唑等对症治疗，效果欠佳，一月来症状反复，无明显好转，今为求中西医结合进一步诊治再来我院，门诊遂拟胆汁反流性胃炎收住入院。病程中患者上腹部胀满，伴嗳气，口干口苦间作，食欲尚可，无发热、黄疸，无吞咽困难，无呕血、黑便，无腹泻，食纳尚可，睡眠一般，二便正常，近期无明显消瘦。,神志清晰，精神尚可，形体形体适中，语言清晰，口唇红润；皮肤正常，无斑疹。头颅大小形态正常，无目窼下陷，无白睛，耳轮正常，无耳瘘级生疮；颈部对称，无青筋暴露，无瘿瘤瘰疬，胸部对称，虚里搏动正常，腹部平坦，无癥瘕痞块，爪甲色泽红润，双下肢对称，舌质红，苔薄黄，脉弦。,0,0,0,0,1,0,0,0,0,0,1,气滞
437435,test,肝胃不和证,auto,食欲减退伴腹胀间作一年,患者一年前无明显诱因出现食欲减退，进食量较前减少1/3，伴腹胀间作，排气正常，伴口干口苦，伴乏力，无吞咽困难，无反酸烧心，未予重视，未系统治疗，一年来症状反复，无明显好转，今为求中西医结合进一步诊治再来我院，门诊遂拟食欲缺乏收住入院。病程中患者食欲减退，腹部胀满不适，口干口苦间作，活动性憋喘，无发热、黄疸，无吞咽困难，无呕血、黑便，无腹泻，食纳尚可，睡眠欠佳，小便正常，大便不成形，近一年消瘦八斤。,神志清晰，精神尚可，形体形体适中，语言清晰，口唇红润；皮肤正常，无斑疹。头颅大小形态正常，无目窼下陷，无白睛，耳轮正常，无耳瘘级生疮；颈部对称，无青筋暴露，无瘿瘤瘰疬，胸部对称，虚里搏动正常，腹部平坦，无癥瘕痞块，爪甲色泽红润，双下肢对称，舌质红，苔薄黄，脉弦。,0,0,0,0,1,0,0,0,0,0,1,气滞
430418,train,心血不足证,auto,反复心慌5年余，加重1周。,"患者5余年前每于活动后出现心慌，持续数分钟，休息后可缓解，未予药物规范治疗，病情时有反复。1周前患者出现心慌加重，夜间平卧时尤甚，伴胸闷气短，咽喉紧缩感，咳嗽无痰，坐位可减轻，持续数分钟缓解。遂今日至我院就诊,为进一步诊治收治入院。入院时：心悸气短，头晕目眩，失眠健忘，面色无华，倦怠乏力，纳呆食少，舌淡红，脉细弱。",神志清晰，精神尚可，形体适中，语言清晰，口唇红润；皮肤正常，无斑疹。头颅大小形态正常，无目窼下陷，白睛无黄染，耳轮正常，无耳瘘及生疮；颈部对称，无青筋暴露，无瘿瘤瘰疬，胸部对称，虚里搏动正常，腹部平坦，无癥瘕痞块，爪甲色泽红润，双下肢无浮肿，舌暗，苔白腻，脉弦涩。,0,1,0,0,0,0,0,0,0,0,1,血虚
417371,train,风痰入络证,auto,突发右侧肢体无力2天。,患者2天前无明显诱因出现右侧肢体无力，行走欠稳，今为求进一步中西医结合治疗遂来珍，门诊拟“中风”收住入院，现患者神清，精神欠佳，右侧肢体无力，行走欠稳，无口角流涎，无饮水、饮食呛咳，无咳嗽咳痰，无恶心呕吐，无肢体抽搐，无视物重影、黑朦。食纳尚可，夜寐尚可，二便自知，舌暗淡，苔白腻，脉弦。,神志清晰，精神欠佳，形体适中，语言清晰，口唇红润；皮肤正常，无斑疹。头颅大小形态正常，无目窼下陷，白睛无黄染，耳轮正常，无耳瘘及生疮；颈部对称，无青筋暴露，无瘿瘤瘰疬，胸部对称，虚里搏动正常，腹部平坦，无癥瘕痞块，爪甲色泽红润，双下肢无浮肿，舌暗淡，苔白腻，脉弦。,0,0,0,0,0,0,1,0,1,0,2,内风|痰湿
444764,train,风痰上扰证,auto,头晕伴胸闷2年余。,患者近2年出现头晕，无视物旋转，无恶心、呕吐，并伴有胸闷不适，劳累后症状较明显，症状时有反复，为明确诊治，今至我院，门诊以“眩晕”收入我科。入院时症状：神志清，精神欠佳，头晕，无视物旋转，无恶心、呕吐，胸闷不适，天气炎热及劳累后症状较明显，腰部酸痛不适，双踝关节疼痛不适，饮食尚可，二便可，夜寐尚可。舌质暗，苔白腻，脉弦涩。,神志清晰，精神欠佳，形体适中，语言清晰，口唇红润；皮肤正常，无斑疹。头颅大小形态正常，无目窼下陷，白睛无黄染，耳轮正常，无耳瘘及生疮；颈部对称，无青筋暴露，无瘿瘤瘰疬，胸部对称，虚里搏动正常，腹部平坦，无癥瘕痞块，爪甲色泽红润，双下肢无浮肿，舌质暗，苔白腻，脉弦涩。,0,0,0,0,0,0,1,0,1,0,2,内风|痰湿
473610,train,气虚血瘀证,auto,反复胸闷不适1月余，加重1天。,患者1月余前无明显诱因出现左侧肢体麻木伴行走左偏，稍有胸闷不适，至徐州中心医院就诊，查头颅MRI提示急性延髓梗塞，肌钙蛋白I定量示51.7pg/ml，心脏冠脉CTA：左冠状动脉前降支近端钙化及非钙化斑块，继发管腔不均匀狭窄、局部中度狭窄，左冠状动脉回旋支近段小混合斑块，继发管腔轻度狭窄，右冠状动脉散在非钙化小斑块，继发管腔轻度狭窄。予双联抗血小板、调脂稳斑、清除氧自由基等对症处理后，患者病情好转出院，长期服用拜阿司匹林、硫酸氢氯吡格雷、瑞舒伐他汀、丁苯酞胶囊等药物治疗，病情尚平稳。1天前患者无明显诱因再发胸闷不适，服用上述药物症状无明显改善，遂至我院门诊就诊，查血常规、新冠肺炎核酸、胸部CT可排除新冠肺炎可能，为进一步治疗收入我科。入院时：患者稍有胸闷，无胸痛放射痛，时作时休，稍有心悸，气短乏力，动则益甚，声息低微，面色晄白，纳可，二便尚调，夜寐尚可。,神志清晰，精神欠佳，形体适中，语言清晰，口唇发绀；皮肤正常，无斑疹。头颅大小形态正常，无目窼下陷，白睛无黄染，耳轮正常，无耳瘘及生疮；颈部对称，无青筋暴露，无瘿瘤瘰疬，胸部对称，虚里搏动正常，腹部平坦，无癥瘕痞块，爪甲色泽红润，双下肢无浮肿，舌质暗，苔薄白，脉弦。,1,0,0,0,0,1,0,0,0,0,2,血瘀|气虚
421508,test,肝胃郁热证,auto,上腹疼痛1年余，又作1月,患者1年前无明显诱因出现上腹部疼痛，呈持续性隐痛，进食后则缓解，无肩背部放射痛，有反酸、嗳气、腹胀、上腹部烧灼感，无恶心、呕吐，无发热，食欲欠佳，大便每日一次，质粘不成形，无粘液、脓血便，至当地医院，考虑胆囊炎，口服药物（所用药物不祥）后症状好转。1年来患者上腹部疼痛症状反复发作，进食则缓解，无肩背部放射痛，有反酸、嗳气、腹胀、上腹部烧灼感，无恶心、呕吐，无发热，食欲欠佳，大便每日一次，质粘不成形，无粘液、脓血便，服用药物后症状好转。1月前患者上腹部疼痛症状又作，至当地医院，药物治疗后症状未见明显好转，患者为求进一步诊治，今来我院，由门诊收入我科。病程中患者：无头晕，无心悸胸闷，纳少，伴咳嗽，咳黄痰，睡眠可，小便正常，近期体重无明显变化，舌红苔白，脉弦。,神志清晰，精神尚可，形体形体适中，语言清晰，口唇红润；皮肤正常，无斑疹。头颅大小形态正常，无目窼下陷，白睛无黄染，耳轮正常，无耳瘘及生疮；颈部对称，无青筋暴露，无瘿瘤瘰疬，胸部对称，虚里搏动正常，腹部平坦，无癥瘕痞块，爪甲色泽红润，双下肢无浮肿，舌淡红，苔白，脉弦。,0,0,0,0,1,0,0,0,0,1,2,气滞|实热
471331,train,气虚血瘀证,auto,反复胸闷1年，加重伴憋喘1天。,患者1年前始劳累后出现心前区憋闷，伴胸痛，阵发性心慌，气促喘憋，不能平卧，持续约10分钟，休息后多可自行缓解。2019年8月1日我院行冠脉造影检查示LM未见明显狭窄，LAD近段长病变70%-80%狭窄，远段逆供LCX及RCA，LCX近段次全闭塞；RCA近段80%狭窄，后三叉100%狭窄，对LCX行PCI术，植入2.5*33mm、2.75*29mmFirebird支架各1枚。9月6日对LAD行PCI术，植入2.75*33mmFirebird支架1枚。术后长期服用“阿司匹林、波立维、托妥、缬沙坦、呋塞米、螺内酯”。今日晨起时患者自觉胸闷、憋喘再发，遂至我院就诊，门诊完善血常规、新冠核酸检测、胸部CT排除新冠肺炎后，收入我科进一步诊治，入院时：患者胸闷，时作时休，活动时憋喘，乏力，无胸痛及其他部位放射痛，无恶心呕吐，无头晕、黑矇，无咳嗽咳痰，无畏寒、发热，纳可，二便尚调，夜寐尚可。,神志清晰，精神欠佳，形体适中，语言清晰，口唇发绀；皮肤正常，无斑疹。头颅大小形态正常，无目窼下陷，白睛无黄染，耳轮正常，无耳瘘及生疮；颈部对称，无青筋暴露，无瘿瘤瘰疬，胸部对称，虚里搏动正常，腹部平坦，无癥瘕痞块，爪甲色泽青紫，双下肢无浮肿，舌质淡紫，苔薄白，脉虚细涩。,1,0,0,0,0,1,0,0,0,0,2,血瘀|气虚
488780,train,气虚血瘀证,auto,反复胸闷隐痛4年余，加重伴心慌2周,患者4年余前无明显诱因反复出现胸闷隐痛，持续数分钟，活动时加重，休息后可缓解，患者未予重视，未经规范化治疗，症状时有反复。2周前患者因劳累自觉胸闷隐痛较前加重，伴心慌乏力，偶有后背沉重感，自服雷贝拉唑，健胃消食片等药物效果不显，遂今日至我院就诊，为进一步治疗收入我科。入院时：患者心胸疼痛，时作时休，甚则心痛彻背，背痛彻心，伴心慌气短，动则益甚，倦怠乏力，声息低微，无头晕头痛，无畏寒发热，纳可，二便尚调，夜寐尚可。,神志清晰，精神尚可，形体适中，语言清晰，口唇红润；皮肤正常，无斑疹。头颅大小形态正常，无目窼下陷，白睛无黄染，耳轮正常，无耳瘘及生疮；颈部对称，无青筋暴露，无瘿瘤瘰疬，胸部对称，虚里搏动正常，腹部平坦，无癥瘕痞块，爪甲色泽红润，双下肢无浮肿，舌质淡紫，可见舌体胖且边有齿痕，苔薄白，脉虚细涩。,1,0,0,0,0,1,0,0,0,0,2,血瘀|气虚
423913,train,湿热下注证,auto,肛内肿物外脱伴便血2周。,"患者于入院前2周，出现因食辛辣醇厚且劳累后出现肛缘肿痛伴肛内肿物脱出,伴便血，量中，色鲜红，未予治疗，症情反复发作渐加重，遂来本院求治。刻下：肛内肿物脱出伴肿缘疼痛，坐卧不宁，行走不利。大便2-3日/行，，质软，排出不畅，无便血，无排便不尽及肛门坠胀感，无粘液便，小溲畅，无发热恶寒。纳食可，夜寐尚可，舌红，苔黄，脉滑数。",神志清晰，精神尚可，形体形体适中，语言清晰，口唇红润；皮肤正常，无斑疹。头颅大小形态正常，无目窼下陷，白睛无黄染，耳轮正常，无耳瘘及生疮；颈部对称，无青筋暴露，无瘿瘤瘰疬，胸部对称，虚里搏动正常，腹部平坦，无癥瘕痞块，爪甲色泽红润，双下肢无浮肿，舌红，苔黄，脉滑数。,0,0,0,0,0,0,0,1,0,0,1,湿热
464182,train,湿热下注证,auto,便后肛内肿物脱出1月，加重5天,"患者1月前因劳累感会阴部坠胀明显，而致便后肛内肿物脱出，不能回复，大便带血，自行休息后症状未见明显缓解，5天来症状明显加重，肛门疼痛剧烈，行走不便，便血量多，遂于今日由门诊拟“混合痔、脱肛”，收入我区。刻下：无发热咳嗽，便后肛内肿物脱出，不能还纳，持续疼痛，活动受限，肛门坠胀不适,大便排出困难，纳寐欠安。",神志清晰，精神尚可，形体形体适中，语言清晰，口唇红润；皮肤正常，无斑疹。头颅大小形态正常，无目窼下陷，无白睛，耳轮正常，无耳瘘及生疮；颈部对称，无青筋暴露，无瘿瘤瘰疬，胸部对称，虚里搏动正常，腹部平坦，无癥瘕痞块，爪甲色泽红润，双下肢无浮肿，舌淡红，苔白，脉平和。,0,0,0,0,0,0,0,1,0,0,1,湿热
446828,train,湿热下注证,auto,便后肛内肿物脱出20余年，加重2年,"患者20余年前感会阴部坠胀明显，而致便后肛内肿物脱出，能回复，自行治疗（具体不祥）后症状有所缓解，2年来症状明显加重，脱出无法还纳，自行休息后无缓解，疼痛难忍，无便血，遂于今日由门诊拟“脱肛、混合痔”，收入我区。刻下：便后肛内肿物脱出，不能回复，持续疼痛，肛门坠胀不适,大便排出费力，纳寐欠安。",神志清晰，精神尚可，形体形体适中，语言清晰，口唇红润；皮肤正常，无斑疹。头颅大小形态正常，无目窼下陷，无白睛，耳轮正常，无耳瘘及生疮；颈部对称，无青筋暴露，无瘿瘤瘰疬，胸部对称，虚里搏动正常，腹部平坦，无癥瘕痞块，爪甲色泽红润，双下肢无浮肿，舌淡红，苔白，脉平和。,0,0,0,0,0,0,0,1,0,0,1,湿热
429522,train,外伤损络证,manual_disambiguated,摔倒致左膝肿痛、畸形伴活动受限2小时,患者2小时前骑车时不幸跌倒致伤左下肢及头面部，当时即感左膝关节疼痛、肿胀、畸形，活动障碍，受伤后无昏迷，对受伤经过回忆清晰，急被送至当地医院，拍片示：左胫骨平台粉碎性骨折。患者为求进一步治疗，急来我院就诊，经询问病史、查体及阅片后，建议患者住院系统检查治疗，遂经急诊拟“左侧胫骨平台骨折”收住入院。刻下患者左膝关节肿胀疼痛依然，患者自发病以来精神正常，偶有头晕疼痛，无恶心呕吐，大小便未行。,神志清晰，精神尚可，形体适中，语言清晰，口唇红润；皮肤正常，无斑疹。头颅大小形态正常，无目窼下陷，白睛无黄染，耳轮正常，无耳瘘及生疮；颈部对称，无青筋暴露，无瘿瘤瘰疬，胸部对称，虚里搏动正常，腹部平坦，无癥瘕痞块，爪甲色泽红润，双下肢无浮肿，舌淡红，苔白，脉弦细。,0,1,1,0,0,0,0,0,0,0,2,阴虚|血虚
423571,test,风痰阻络证,auto,左侧头痛10年，加重1周,"患者于10年前无明显诱因突然出现头痛，以左侧为主，每次持续10多分钟缓解，未予重视，症状反复发作，近1周症状较前加重，为求进一步中西医结合治疗,今至本院求治，遂收住入院，入院症状：患者神志清晰，精神欠佳，左侧头痛，无视物模糊，无头晕、恶心，时有胸闷，急躁易怒，无腹痛、腹泻，无发热，食纳可，夜寐欠安，大小便可，舌淡，苔白，脉弦。",神志清晰，精神欠佳，形体适中，语言清晰，口唇红润；皮肤正常，无斑疹。头颅大小形态正常，无目窼下陷，白睛无黄染，耳轮正常，无耳瘘及生疮；颈部对称，无青筋暴露，无瘿瘤瘰疬，胸部对称，虚里搏动正常，腹部平坦，无癥瘕痞块，爪甲色泽红润，双下肢无浮肿，舌淡，苔白，脉弦。,0,0,0,0,0,0,1,0,1,0,2,内风|痰湿
464409,train,风痰阻络证,auto,右侧肢体无力9天,患者诉4月12号凌晨突发右侧肢体无力，未予重视，13号至徐州市二院诊断为脑梗死，予药物治疗后，现仍有右侧肢体无力，今为求进一步治疗由门诊收入院，入院证见：神志清，精神一般，右侧肢体无力，言语稍欠利，无头晕及头痛，无发热，无咳嗽及咳痰，饮食睡眠一般，二便通畅。,神志清晰，精神欠佳，形体适中，语言清晰，口唇发绀；皮肤正常，无斑疹。头颅大小形态正常，无目窼下陷，白睛无黄染，耳轮正常，无耳瘘及生疮；颈部对称，无青筋暴露，无瘿瘤瘰疬，胸部对称，虚里搏动正常，腹部平坦，无癥瘕痞块，爪甲色泽苍白，双下肢无浮肿，舌淡紫，苔腻略黄，脉弦。,0,0,0,0,0,0,1,0,1,0,2,内风|痰湿
475559,train,气虚血瘀证,auto,发现血糖升高10年，加重伴双下肢麻痛2周,患者10余年前体检发现血糖轻度升高，诊断为“2型糖尿病”，后未予重视，曾间断口服二甲双胍等降糖药物。2周前于呼吸科住院时发现血糖升高明显，伴双下肢麻木、乏力，口服达格列净5mg qd降糖。为求进一步诊治，今来我院就诊，收入我区住院系统治疗。患者自觉口干，胸闷间作，双下肢凉，足麻，小便调，大便溏结不调，夜寐欠安。病程中无恶寒发热，无恶心呕吐，无咳血胸痛，双下肢无水肿，饮食可。近来体重未见明显异常。,神志清晰，精神尚可，形体适中，语言清晰，口唇红润；皮肤正常，无斑疹。头颅大小形态正常，无目窼下陷，白睛无黄染，耳轮正常，无耳瘘及生疮；颈部对称，无青筋暴露，无瘿瘤瘰疬，胸部对称，虚里搏动正常，腹部平坦，无癥瘕痞块，爪甲色泽红润，双下肢无浮肿，舌淡红，苔白，脉涩。,1,0,0,0,0,1,0,0,0,0,2,血瘀|气虚
462057,test,气滞血瘀证,auto,外伤致左手中指肿痛、畸形伴活动障碍3天,患者3天前不幸因外伤致左手中指末节疼痛、肿胀、畸形，活动障碍，休息后症状未见缓解，故患者为求进一步治疗，今日来我院门诊就诊，经询问病史及查体后，建议患者住院系统检查治疗，遂经门诊拟“肌腱损伤”收治入院。伤后患者无昏迷，无意识不清，对受伤经过回忆清晰，无咳痰咳痰，无胸闷憋喘，无腹胀不适，二便自调。刻下患者左手中指末节处肿胀疼痛依然，活动受限。,神志清晰，精神尚可，形体适中，语言清晰，口唇红润；皮肤正常，无斑疹。头颅大小形态正常，无目窼下陷，白睛无黄染，耳轮正常，无耳瘘及生疮；颈部对称，无青筋暴露，无瘿瘤瘰疬，胸部对称，虚里搏动正常，腹部平坦，无癥瘕痞块，爪甲色泽红润，双下肢无浮肿，舌淡红，苔白，脉弦。,0,0,0,0,1,1,0,0,0,0,2,气滞|血瘀
429594,train,气滞血瘀证,auto,右下腹痛2月余,平素月经规律，30天一行，行经7天，月经量中等，色红，偶有血块，无痛经，G2P1，顺产，上环避孕（4年前）。LMP：2019-04-09，量色质如常。近2月无明显原因出现右侧下腹部疼痛，夜间痛甚，休息后缓解，04-11因腹痛不适就诊矿务局医院，予以行妇科超声描述：宫底部肌层强回声，凸向浆膜层：可疑节育器残留？请结合临床，建议进一步检查。行阑尾区超声描述：右下腹阑尾区未见明显包块及积液声像，请结合临床，不除外节育器残留可能，建议患者手术治疗，患者为求明确诊断，就诊我院，予以行妇科检查：外阴已婚式，阴道畅，分泌物多，呈脓性，宫颈轻度糜烂，宫体中位，界限欠清，压痛阳性，右侧附件区增粗，压痛阳性，左侧附件区增粗，压痛（+），考虑患者盆腔炎症，建议患者住院进一步检查及治疗，刻下：一般情况可，无不适，自觉腰酸，无明显腹痛，无异常子宫出血，无头晕乏力等不适，纳食可，夜寐安，二便调，舌淡红，苔白，脉弦涩。,神志清晰，精神尚可，形体适中，语言清晰，口唇红润；皮肤正常，无斑疹。头颅大小形态正常，无目窼下陷，白睛无黄染，耳轮正常，无耳瘘及生疮；颈部对称，无青筋暴露，无瘿瘤瘰疬，胸部对称，虚里搏动正常，腹部平坦，无癥瘕痞块，爪甲色泽红润，双下肢无浮肿，舌淡白，苔白，脉弦涩。,0,0,0,0,1,1,0,0,0,0,2,气滞|血瘀
426380,train,湿热下注证,auto,肛旁间作流脓液伴肛内肿物外脱1月。,患者1月来无明显诱因下出现肛旁间作流脓液伴肛内肿物外脱，未予治疗，大便1日1次，大便质软，排出畅，偶伴便血，鲜红，量少，无粘液便，无里急后重及排便不尽感，小溲畅，无发热恶寒。纳食可，夜寐尚可。舌淡红，苔白，脉数。,神志清晰，精神尚可，形体适中，语言清晰，口唇红润；皮肤正常，无斑疹。头颅大小形态正常，无目窼下陷，白睛无黄染，耳轮正常，无耳瘘及生疮；颈部对称，无青筋暴露，无瘿瘤瘰疬，胸部对称，虚里搏动正常，腹部平坦，无癥瘕痞块，爪甲色泽红润，双下肢无浮肿，舌淡红，苔白，脉数。,0,0,0,0,0,0,0,1,0,0,1,湿热
484355,train,湿热下注证,auto,肛内肿物外脱伴肛门坠涨2月,"患者于入院前2月，出现因食辛辣醇厚且劳累后出现肛内肿物外脱，伴肛门坠涨,未予治疗，症情反复发作渐加重，遂来本院求治。刻下：肛内肿物外脱，大便日行1次，质软，排出畅，无便血，伴排便不尽及肛门坠胀感，无粘液便，小溲不固，无发热恶寒。纳食可，夜寐尚可，舌红，苔黄，脉滑数。",神志清晰，精神尚可，形体适中，语言清晰，口唇红润；皮肤正常，无斑疹。头颅大小形态正常，无目窼下陷，白睛无黄染，耳轮正常，无耳瘘及生疮；颈部对称，无青筋暴露，无瘿瘤瘰疬，胸部对称，虚里搏动正常，腹部平坦，无癥瘕痞块，爪甲色泽红润，双下肢无浮肿，舌淡红，苔白，脉滑数。,0,0,0,0,0,0,0,1,0,0,1,湿热
472201,train,痰浊瘀阻证,auto,反复胸闷疼痛4年余，加重伴腹胀1周,患者4年前无明显诱因反复出现胸闷疼痛不适，偶感心慌，伴有乏力，每次发作2-5分钟不等，无明显憋喘，休息及口服“丹参滴丸”后可缓解。2019年9月患者上述症状发作频繁，休息后无明显缓解，遂至我院住院治疗，冠脉CTA示：未见明显异常。右冠脉近中段局部略有错位，考虑搏动伪影。近一周患者自觉胸闷痛症状较前加重，伴腹胀，心慌乏力，遂至我院就诊，为求进一步诊治收住入院。入院时：患者胸闷疼痛不适，腹胀心慌，无憋喘，乏力气短，两侧肩胛区时有紧缩感，口干口苦，无恶寒发热，无咳嗽咳痰，无头晕头昏，无放射痛，无恶心呕吐，无腹痛，纳可，二便尚调，夜寐一般。,神志清晰，精神尚可，形体适中，语言清晰，口唇红润；皮肤正常，无斑疹。头颅大小形态正常，无目窼下陷，白睛无黄染，耳轮正常，无耳瘘及生疮；颈部对称，无青筋暴露，无瘿瘤瘰疬，胸部对称，虚里搏动正常，腹部平坦，无癥瘕痞块，爪甲色泽红润，双下肢有浮肿，舌体胖大且边有齿痕，质暗红，有紫气，苔浊腻，脉弦涩。,0,0,0,0,0,0,1,0,0,0,1,痰湿
487824,train,心血不足证,auto,反复心慌1年余，加重伴乏力1周,患者1年前无明显诱因后出现心慌，无胸闷胸痛，无自汗，患者遂至“徐州市中心医院”就诊，自诉查心电图提示“早搏”，予对症处理后症状好转出院。2020.04于我院就诊，查心脏彩超：1.左房稍大2. 二尖瓣轻度反流3. 主动脉瓣轻度反流4. 左心舒张功能减退，EF：59%，经治疗好转后出院。心慌症状时有反复，时轻时重。1周前患者自觉症状加重，自诉咽喉部不适，乏力，患者遂今日至我院门诊就诊，为求诊治，今收入住院。入院时：患者诉心慌乏力，伴咽喉部不适，乏力，无胸闷胸痛，无喘憋气促，无自汗，无视物旋转，无黒朦、晕厥，无恶心呕吐，无四肢感觉运动障碍，无言语不利，无饮水呛咳，纳食尚可，夜寐欠佳，入睡困难，二便尚调。,神志清晰，精神尚可，形体适中，语言清晰，口唇红润；皮肤正常，无斑疹。头颅大小形态正常，无目窼下陷，白睛无黄染，耳轮正常，无耳瘘及生疮；颈部对称，无青筋暴露，无瘿瘤瘰疬，胸部对称，虚里搏动正常，腹部平坦，无癥瘕痞块，爪甲色泽红润，双下肢无浮肿，舌淡红，苔薄白，脉细弱。,0,1,0,0,0,0,0,0,0,0,1,血虚
453346,train,气滞血瘀证,auto,阴道不规则出血半月余,患者平素月经规则，6/25-26天，量中等，色鲜红，无痛经，G2P1，节育器避孕。前次月经：2019-9-20，量色质正常。末次月经：2019-10-31，无明显诱因阴道淋漓出血至今，伴腰酸不适。为求系统诊疗，患者今至我院妇科门诊，查妇科检查提示外阴已婚式，阴道畅，少量血性白带，质稀，宫颈经产式，略肥大，宫体中位，常大，无压痛，左侧附件区增粗，压痛（+），右侧附件区未及明显异常。为求进一步综合治疗收入院。刻下：患者一般情况可，无明显头晕、乏力，阴道少量血性分泌物，腰酸不适，小腹隐痛，无发热恶寒，纳食可，夜寐安，二便调畅。舌暗，胎白，脉沉。,神志清晰，精神尚可，形体适中，语言清晰，口唇红润；皮肤正常，无斑疹。头颅大小形态正常，无目窼下陷，白睛无黄染，耳轮正常，无耳瘘及生疮；颈部对称，无青筋暴露，无瘿瘤瘰疬，胸部对称，虚里搏动正常，腹部平坦，无癥瘕痞块，爪甲色泽红润，双下肢无浮肿，舌暗，苔白，脉沉弦。,0,0,0,0,1,1,0,0,0,0,2,气滞|血瘀
484676,train,风痰阻络证,auto,突发右侧肢体麻木、无力一天,患者昨晚无明显诱因下突然出现右上肢麻木，肢体活动尚可，当时未予特殊重视，症状持续。今晨起床时，患者发现右下肢无力，行走欠稳，伴有头晕，右侧面部麻木，无发热，无视物旋转，遂至我院就诊。今为求进一步治疗，遂收住入院。入院时：患者神志清，精神一般，头晕间作，伴有右上肢麻木，右下肢无力，行走欠稳，头晕，右侧面部麻木，言语尚清，无发热，无意识障碍，无头痛，无视物旋转，无咳嗽咯痰，无恶心呕吐，无腹痛腹泻，纳寐尚可，二便尚调。舌暗红，苔薄腻，脉弦滑。,神志清晰，精神尚可，形体适中，语言清晰，口唇红润；皮肤正常，无斑疹。头颅大小形态正常，无目窼下陷，白睛无黄染，耳轮正常，无耳瘘及生疮；颈部对称，无青筋暴露，无瘿瘤瘰疬，胸部对称，虚里搏动正常，腹部平坦，无癥瘕痞块，爪甲色泽红润，双下肢无浮肿。,0,0,0,0,0,0,1,0,1,0,2,内风|痰湿
443967,val,气虚血瘀证,auto,右侧肢体麻木4天,患者4天前无明显诱因右侧肢体麻木不适，症状持续未见明显缓解，今为求进一步中西医结合治疗，前来我院门诊，予收入我科，刻下：患者神清，精神可，时有心慌胸闷不适，右侧肢体麻木不适，行走可，饮食可，二便正常，夜寐可，舌淡红，苔薄白，脉细数。,神志清晰，精神尚可，形体适中，语言清晰，口唇红润；皮肤正常，无斑疹。头颅大小形态正常，无目窼下陷，白睛无黄染，耳轮正常，无耳瘘及生疮；颈部对称，无青筋暴露，无瘿瘤瘰疬，胸部对称，虚里搏动正常，腹部平坦，无癥瘕痞块，爪甲色泽红润，双下肢无浮肿，舌淡红，苔薄白，脉细数。,1,0,0,0,0,1,0,0,0,0,2,血瘀|气虚
456444,train,饮食积滞证,auto,上腹部胀痛间作一月,患者一月前无明显诱因出现腹部胀疼不适，以剑下为主，进食后加重，伴嗳气间作，无反酸呕吐，无口干口苦，食欲尚可，进食量较前减少，曾口服吗丁啉、三九胃泰等对症治疗，效果欠佳，一月来病情呈进行性加重，无明显好转，今为求中西医结合进一步诊治再来我院，门诊遂拟满性胃炎收住入院。病程中患者上腹部胀痛，嗳气间作，无口干口苦，食欲欠佳，无发热、黄疸，无吞咽困难，无呕血、黑便，无腹泻，食纳欠佳、睡眠尚可，二便正常，近期无明显消瘦。,神志清晰，精神尚可，形体形体适中，语言清晰，口唇红润；皮肤正常，无斑疹。头颅大小形态正常，无目窼下陷，无白睛，耳轮正常，无耳瘘级生疮；颈部对称，无青筋暴露，无瘿瘤瘰疬，胸部对称，虚里搏动正常，腹部平坦，无癥瘕痞块，爪甲色泽红润，双下肢对称，舌质红，苔薄黄，脉弦。,0,0,0,0,1,0,1,0,0,0,2,气滞|痰湿
447254,train,湿热内蕴证,auto,多关节肿痛间作15年，加重5天,患者15年前夜间突发右膝关节疼痛，红肿热痛，后逐渐出现左膝关节、双第一跖趾关节、双足背、双踝关节、双侧足跟部及双手多个指间关节红肿热痛，交替发作，几乎每月1次，间隙期如常人，2007年查血尿酸升高，服用秋水仙碱稍能缓解，2008年6月于我院查尿酸654.9mmol/L，X线：右侧第1跖骨远端见小囊状低密度影，骶髂关节CT：未见异常，骶髂关节MRI：未见异常，诊为痛风、骨性关节炎，经住院治疗好转，患者出院后自行停用苯溴马隆，仅服用小苏打，2010年12月出现右踝关节、右膝关节肿痛，于我科住院治疗，予秋水仙碱、小苏打、双醋瑞因治疗；其后患者每年发作1-2次，每次均为第一跖趾关节或膝关节，今年4月因出现双足第一跖趾关节、双膝、双肩、双肘、双腕、右MCPJ1关节肿痛，再次入我科住院治疗，入院后予抗炎、营养关节等治疗后病情好转出院，出院后患者未按时服药。2018年8月患者因左膝关节肿痛，疼痛剧烈，活动受限，无发热，自服消炎止痛药效果差，至我科住院治疗，入院后诊为“化脓性关节炎”，予抗感染、关节腔冲洗及关节镜等治疗后患者病情好转出院，出院后患者按时服药，积极功能训练，现右膝关节屈伸略受限，活动需辅助，活动后可出现双膝关节疼痛；今年8月患者因出现左肘关节肿痛，屈伸受限，至我科住院治疗，入院后予抗炎、降尿酸等治疗后关节肿痛不明显，但住院期间突然出现右侧胁肋部疼痛明显，伴有反酸恶心，查体墨菲征强阳性，黄疸，肝损害，考虑胆囊结石，请外科会诊后建议手术治疗，遂转至外科行胆囊切除手术治疗；患者在外科住院期间于9月18日再次突然出现左肘关节肿痛，屈伸受限，考虑痛风性关节炎发作，遂于外科出院后再次至我科进一步治疗，入院症见：左肘关节肿痛，屈伸受限，右膝关节疼痛，活动后加重，休息后可缓解，时有腰部及颈部酸痛，纳眠一般，二便调。,神志清晰，精神尚可，形体偏胖，语言清晰，口唇红润；皮肤正常，无斑疹。头颅大小形态正常，无目窼下陷，无白睛，耳轮正常，无耳瘘及生疮；颈部对称，无青筋暴露，无瘿瘤瘰疬，胸部对称，虚里搏动正常，腹部平坦，无癥瘕痞块，爪甲色泽红润，双下肢无浮肿，舌红，苔黄，脉滑数。,0,0,0,0,0,0,0,1,0,0,1,湿热
453248,test,湿热下注证,auto,肛内肿物外脱伴肿痛3年。,"患者于入院前3年，出现因食辛辣醇厚且劳累后出现肛缘肿痛伴肛内肿物脱出,未予治疗，症情反复发作渐加重，遂来本院求治。刻下：肛内肿物脱出伴肿缘疼痛，坐卧不宁，行走不利。大便，日行1次，质软，排出不畅，伴便血，量中，滴落而出，色鲜红，无排便不尽及肛门坠胀感，无粘液便，小溲畅，无发热恶寒。纳食可，夜寐尚可，舌红，苔黄，脉滑数。",神志清晰，精神尚可，形体形体适中，语言清晰，口唇红润；皮肤正常，无斑疹。头颅大小形态正常，无目窼下陷，白睛无黄染，耳轮正常，无耳瘘及生疮；颈部对称，无青筋暴露，无瘿瘤瘰疬，胸部对称，虚里搏动正常，腹部平坦，无癥瘕痞块，爪甲色泽红润，双下肢无浮肿，舌红，苔黄，脉滑数。,0,0,0,0,0,0,0,1,0,0,1,湿热
453065,train,痰湿蕴肺证,auto,反复发作性咳喘10余年，加重伴发热1天,"患者10余年前无明显诱因出现咳嗽、咳痰、喘憋，于当地医院就诊，予以对症治疗后改善。此后10余年间，患者咳嗽、咳痰及喘憋症状反复发作，多在受凉及季节交替时加重，每年发作时间超过3个月，多次因病情加重于当地医院就诊，予以药物化痰、止喘及消炎等对症治疗后改善。1天前患者因受凉后出现发热，体温38℃，咳嗽，咳中等量黄痰，憋喘,伴胸闷,夜间不能平卧,无胸痛,双下肢无肿。为求进一步诊治，今来我院就诊，门诊以“慢性阻塞性肺病伴急性加重”收入我区住院系统治疗。病程中，无畏寒寒战，无恶心呕吐，无双下肢水肿，饮食差,二便可,夜寐差。",神志清晰，精神尚可，形体适中，语言清晰，口唇无发绀；皮肤正常，无斑疹。头颅大小形态正常，无目窼下陷，无白睛，耳轮正常，无耳瘘及生疮；颈部对称，无青筋暴露，无瘿瘤瘰疬，胸部对称，虚里搏动正常，腹部平坦，无癥瘕痞块，爪甲色泽红润，双下肢无浮肿，舌淡白，苔白，脉滑。,0,0,0,0,0,0,1,0,0,0,1,痰湿
474160,train,热毒蕴结证,auto,肛旁肿痛5天,"患者于入院前5天，出现因食辛辣醇厚且劳累后出现肛旁肿胀疼痛,初未重视，有抗炎治疗，疗效欠佳，症情反复发作渐加重，遂来本院求治。刻下：肛旁肿胀疼痛剧烈，大便日行1次，质软，排出畅，伴便血，色鲜红，无排便不尽及肛门坠胀感，无粘液便，小溲畅，无发热恶寒。纳食可，夜寐尚可，舌红，苔黄，脉滑数。",神志清晰，精神尚可，形体适中，语言清晰，口唇红润；皮肤正常，无斑疹。头颅大小形态正常，无目窼下陷，白睛无黄染，耳轮正常，无耳瘘及生疮；颈部对称，无青筋暴露，无瘿瘤瘰疬，胸部对称，虚里搏动正常，腹部平坦，无癥瘕痞块，爪甲色泽红润，双下肢无浮肿，舌淡红，苔白，脉滑数。,0,0,0,0,0,0,0,0,0,1,1,实热
450224,train,脾肾两虚证,manual_disambiguated,血糖升高20年，血肌酐升高2年,"患者发现血糖升高20年余，予诺和锐、重组甘精胰岛素皮下治疗，控制欠佳。发现血压升高10年，予坎地沙坦1片 bid、络活喜1片 qd、倍他乐克47.5mg qd降压，血压控制不佳，发现蛋白尿10年余,至矿务局总医院继予坎地沙坦治疗,剂量不详。2017年发现血肌酐升至117umol/l ，继予坎地沙坦治疗，2018年7月予雷公藤多苷治疗，剂量不详；2018年8月复查血肌酐157umol/l，后至徐医附院门诊，予百令胶囊、包醛氧淀粉尿囊、复方α酮酸、贝前列素钠治疗，血肌酐逐渐上升，波动在160-326umol/l，近半年双下肢水肿间作，2019年3月14日因双下肢水肿明显至我科住院，查血肌酐340 mmol/l，白蛋白 25.8g/L，予利尿消肿、降压、保肾等治疗水肿好转后出院，4月血肌酐升至434.43 umol/L↑，考虑肾间质病变所致血肌酐升高可能性大，予以甲强龙40mg静滴并强的松口服后血肌酐下降至298.80umol/L↑，强的松规律减量，至10mg qd，7月12因水肿、乏力加重住院，予以速尿、安体舒通利尿并积极控制血糖治疗，期间监测血肌酐再次升高，从317.65umol/L升至394.60umol/L，怀疑间质性肾损害加重可能，速尿等药物所致可能不能排除，停速尿，加予甲强龙40mg一组静滴qd×7天后改强的松30mg qd口服治疗，血肌酐降至344.80umol/L，予以好转出院。2019.8.23突发头晕头痛，水肿加重，查头颅MRI提示两侧基底节区及两侧额顶叶多发腔隙性脑梗塞，住院治疗，口服硫酸氢氯吡格雷、立普妥，并静滴红花黄素氯化钠等，症状改善，期间激素继续减量，并加予雷公藤多苷20mg bid口服治疗，好转出院。近日乏力倦怠加重，门诊检查谷丙转氨酶 98U/L,谷草转氨酶 46U/L,肌酐363.49umol/l，再次收住入院。入院时：患者双下肢水肿间作，乏力倦怠，头晕头痛偶作，视物模糊，纳食一般，夜寐欠安，尿量一般，夜尿1-2次，大便偏干，无胸闷憋喘，夜间可以平卧，无口干眼干，无恶寒发热，无腹痛腹泻，无光过敏，无口腔溃疡。",神志清晰，精神尚可，形体适中，语言清晰，口唇苍白；皮肤苍白，无斑疹。头颅大小形态正常，无目窼下陷，无白睛，耳轮正常，无耳瘘及生疮；颈部对称，无青筋暴露，无瘿瘤瘰疬，胸部对称，虚里搏动正常，腹部平坦，无癥瘕痞块，爪甲色泽苍白，双下肢有浮肿，舌淡红，苔白，脉沉细。,1,1,1,1,0,0,0,0,0,0,4,阴虚|阳虚|血虚|气虚
429727,train,外伤损络证,manual_disambiguated,车祸致左踝肿痛伴活动受限2小时,患者2小时前不幸发生车祸致伤左踝关节，当时即感左踝疼痛、肿胀，活动障碍，受伤后无昏迷，对受伤经过回忆清晰，急诊送至本院诊治，经询问病史及查体后，行相关影像学检查，结果回示：左外踝骨折。急诊为进一步治疗收住院，刻下患者左踝肿胀疼痛依然。患者自发病以来精神正常，无头晕疼痛，无恶心呕吐，大小便未行。,神志清晰，精神尚可，形体适中，语言清晰，口唇红润；皮肤正常，无斑疹。头颅大小形态正常，无目窼下陷，白睛无黄染，耳轮正常，无耳瘘及生疮；颈部对称，无青筋暴露，无瘿瘤瘰疬，胸部对称，虚里搏动正常，腹部平坦，无癥瘕痞块，爪甲色泽红润，双下肢无浮肿，舌淡红，苔白，脉滑有力。,0,1,0,0,0,0,1,0,0,0,2,血虚|痰湿
476582,val,气滞血瘀证,auto,经间期出血6年，加重2月。,患者既往月经规则，近6年左右排卵期少量出血，能自止，无腹痛等伴随症状，患者未予重视。患者PMP：2020年7月中旬，量色质正常，7月30日出现少量暗褐色阴道流血，淋漓日久不净，至8月14日阴道出血量增多似平素经量。8月21日阴道流血止，8月30日再次出现少量阴道流血，呈褐色，无腹痛腰酸等不适，至今未净，患者9月12日至我院门诊就诊，查妇科彩超见宫体左侧壁见一大小26x21mm低回声结节，内膜厚15mm，回声不均，宫腔内见一大小11x7mm低回声团，考虑子宫肌瘤，子宫内膜增厚不均合并宫腔低回声团 息肉，遂于今日行宫腔镜检查提示宫颈息肉样增生，子宫内膜息肉。现患者为求手术治疗，由门诊经新冠病毒肺炎排查后入住我院。入院时：患者神清，精神好，阴道少量鲜红色流血，无下腹疼痛及腰酸，无咳嗽发热，无头晕头痛，无恶心呕吐，纳可，寐安，二便调畅，舌瘀斑，苔白，脉弦涩。,神志清晰，精神尚可，形体适中，语言清晰，口唇红润；皮肤正常，无斑疹。头颅大小形态正常，无目窼下陷，白睛无黄染，耳轮正常，无耳瘘及生疮；颈部对称，无青筋暴露，无瘿瘤瘰疬，胸部对称，虚里搏动正常，腹部平坦，无癥瘕痞块，爪甲色泽红润，双下肢无浮肿，舌瘀斑，苔白，脉弦涩。,0,0,0,0,1,1,0,0,0,0,2,气滞|血瘀
442375,train,气虚血瘀证,auto,头晕头痛伴行走不稳1月,患者1月前无明显诱因出现头晕，伴左侧头顶部疼痛，部位局限，以胀痛为主，伴有行走不稳，就诊于外院查头颅MR提示脑干新鲜腔隙性脑梗死，经治疗后症状改善，仍遗留轻度头晕头痛，伴有行走不稳，今为进一步行中西医结合治疗收入我区，刻下：神情，精神尚可，头晕，头痛时作，以头顶部为主，呈胀痛，行走不稳，纳食可，夜寐尚可，二便正常。,神志清晰，精神尚可，形体适中，语言清晰，口唇红润；皮肤正常，无斑疹。头颅大小形态正常，无目窼下陷，白睛无黄染，耳轮正常，无耳瘘及生疮；颈部对称，无青筋暴露，无瘿瘤瘰疬，胸部对称，虚里搏动正常，腹部平坦，无癥瘕痞块，爪甲色泽红润，双下肢无浮肿，舌淡红，苔白，脉细。,1,0,0,0,0,1,0,0,0,0,2,血瘀|气虚
430182,train,肝胃郁热证,auto,口渴多饮间作5年，加重2月,患者5年前口渴多饮、消瘦体检发现血糖升高，时空腹血糖12mmol/L，诊断“2型糖尿病”，予“二甲双胍缓释片、格列吡嗪”口服治疗，后多次调整降糖方案，目前降糖方案为：“二甲双胍缓释片 0.5 2/日，格列吡嗪 2.5mg 2/日，吡格列酮 30mg 1/日”，血糖波动于空腹血糖7-10mmol/l，餐后2h血糖11-15mmol/l；近2月患者感口渴多饮症状加重，小便量多，小便有泡沫，食欲亢进，无四肢麻木不适，为求进一步评估胰岛功能、治疗糖尿病及其并发症入住我科。病程中面色红赤，心烦易怒，视物模糊，无双手麻木，无心慌胸闷，无头晕，口干口苦，大便干，小便色黄。近期无消瘦及体重增加。,神志清晰，精神尚可，形体适中，语言清晰，口唇淡红；皮肤正常，无斑疹。头颅大小形态正常，无目窼下陷，白睛无黄染，耳轮正常，无耳瘘及生疮；颈部对称，无青筋暴露，无瘿瘤瘰疬，胸部对称，虚里搏动正常，腹部平坦，无癥瘕痞块，爪甲色泽淡红，双下肢无浮肿，舌质红，苔黄，脉滑。,0,0,0,0,1,0,0,0,0,1,2,气滞|实热
463956,train,血瘀痰凝证,auto,骶尾部发现肿物2年，复发10天。,患者2年前于骶尾部发现一花生米大小脓肿，于当地医院就诊后，予以挤压排脓、抗炎治疗后病情好转，骶尾部肿物消退，此后患者病情一直较稳定。10天前患者骶尾部肿物再次增大至指头大小，坐立压迫时排出大量脓液，疼痛不适，于4月10日在我院查腰骶MR示：考虑骶尾部皮下脓肿（藏毛窦感染可能）。L5-S1椎间盘突出。为进一步治疗，患者昨日遂来我科就诊，门诊查肺部CT未见异常、血常规：WBC11.98*10^9/l。患者否认近14天湖北疫区及本地发病区接触史，否认近14天新冠肺炎病人接触史，否认近14天接触过来自武汉市及周边或境内、境外疫情严重地区发热有呼吸道症状的患者，否认近14天发热、咳嗽、腹泻，排除新冠肺炎，今日遂以“藏毛窦（囊肿）”收入院拟行手术治疗。入院时患者无发热，无咳嗽不适，精神及纳食可，睡眠一般，二便自调。,神志清晰，精神尚可，形体适中，语言清晰，口唇红润；皮肤同前，有斑疹。头颅大小形态正常，无目窼下陷，白睛无黄染，耳轮正常，无耳瘘及生疮；颈部对称，无青筋暴露，无瘿瘤瘰疬，胸部对称，虚里搏动正常，腹部平坦，无癥瘕痞块，爪甲色泽红润，双下肢无浮肿，舌质暗红，苔薄黄，脉弦滑。,0,0,0,0,0,1,1,0,0,0,2,痰湿|血瘀
466806,train,肝胃不和证,auto,纳差、消瘦2月余,患者2个月前无明显诱因出现上腹胀满，进食后加重，无胃痛，不伴肩背部放射痛，无反酸、嗳气、胸骨后烧灼感，无恶心呕吐，无畏寒发热，食纳欠佳，大便正常，无粘液脓血，服用中药、复方阿嗪米特等症状减轻，现为求进一步诊治，今来我院，由门诊收入我科。入院时：患者上腹胀满，进食后加重，无疼痛，无肩背部放射痛，无反酸、嗳气及胸骨后烧灼感，口干口苦，乏力，无恶心呕吐，无头晕，无心悸胸闷，食纳尚可，夜寐安，二便调，近2月体重下降10斤。舌质红，苔薄黄，脉弦。,神志清晰，精神尚可，形体适中，语言清晰，口唇红润；皮肤正常，无斑疹。头颅大小形态正常，无目窼下陷，白睛无黄染，耳轮正常，无耳瘘及生疮；颈部对称，无青筋暴露，无瘿瘤瘰疬，胸部对称，虚里搏动正常，腹部平坦，无癥瘕痞块，爪甲色泽红润，双下肢无浮肿，舌红，苔黄，脉弦。,0,0,0,0,1,0,0,0,0,0,1,气滞
441013,test,痰湿蕴肺证,auto,"反复咳喘20余年,加重1天","患者20余年前无明显诱因出现咳嗽、咳痰、喘憋，于当地医院就诊，予以对症治疗后改善。此后期间，患者咳嗽、咳痰及喘憋症状反复发作，多在受凉及季节交替时加重，每年发作时间超过3个月，多次因病情加重于当地医院就诊，诊断为“慢性阻塞性肺疾病”，予以药物化痰、止喘及消炎等对症治疗后改善，长期吸入信必可、噻托溴铵，无创辅助通气控制。1天前患者因受凉后出气喘加重，动则尤甚，咳嗽、咳中等量白痰，无发热,胸闷憋喘。为求进一步诊治，今来我院就诊，门诊以“慢性阻塞性肺疾病急性加重”收入我区住院系统治疗。患者病程中，无恶寒寒战，无恶心呕吐，无咳血胸痛，双下肢无水肿，饮食可，睡眠一般，小便量少,大便4日一行。",神志清晰，精神尚可，形体适中，语言清晰，口唇红润；皮肤正常，无斑疹。头颅大小形态正常，无目窼下陷，白睛无黄染，耳轮正常，无耳瘘及生疮；颈部对称，无青筋暴露，无瘿瘤瘰疬，胸部对称，虚里搏动正常，腹部平坦，无癥瘕痞块，爪甲色泽红润，双下肢无浮肿，舌淡红，苔白，脉弦滑。,0,0,0,0,0,0,1,0,0,0,1,痰湿
476123,train,气滞血瘀证,auto,腰痛伴左下肢放射性疼痛麻木1月余,"患者1月前无明显诱因下出现腰痛伴左下肢放射性疼痛，疼痛沿左臀后方，大腿后侧，小腿外侧，咳嗽及大便时患者感左下肢放射性疼痛加重，休息及自服消炎镇痛药物后症状稍缓解。近日来患者症状逐渐加重，经休息未能缓解，现为行进一步治疗，来我院门诊就诊，门诊拟“腰椎间盘突出症”收住入院。刻下患者神清，精神可,饮食睡眠可,二便如常。",神志清晰，精神尚可，形体适中，语言清晰，口唇红润；皮肤正常，无斑疹。头颅大小形态正常，无目窼下陷，白睛无黄染，耳轮正常，无耳瘘及生疮；颈部对称，无青筋暴露，无瘿瘤瘰疬，胸部对称，虚里搏动正常，腹部平坦，无癥瘕痞块，爪甲色泽红润，双下肢无浮肿，舌淡红，苔白，脉弦。,0,0,0,0,1,1,0,0,0,0,2,气滞|血瘀
421433,test,痰湿蕴肺证,auto,反复咳喘30年余，加重10余天。,"患者30年余来，每于感寒受凉后出现咳嗽、咳痰、经抗炎平喘治疗后可改善；多于秋冬季发病，每年总病程超过三个月，反复发病，间断求治；患者10余天前受凉后，出现咳嗽阵作，咳少量白粘痰，胸闷气喘，活动后加重，夜间偶有喉间喘鸣，自诉胃胀不适，间断自服药物,效果欠佳；现患者为求进一步治疗，收治我区住院。",神志清晰，精神尚可，形体形体适中，语言清晰，口唇苍白；皮肤正常，无斑疹。头颅大小形态正常，无目窼下陷，无白睛，耳轮正常，无耳瘘及生疮；颈部对称，无青筋暴露，无瘿瘤瘰疬，胸部对称，虚里搏动正常，腹部平坦，无癥瘕痞块，爪甲色泽苍白，双下肢无浮肿，舌淡红，苔白，脉滑。,0,0,0,0,0,0,1,0,0,0,1,痰湿
456772,train,痰浊瘀阻证,auto,反复胸闷痛1余年，加重伴咽喉紧缩感1周,患者1余年前开始反复出现胸闷痛不适，劳累时明显加重，每次持续约10分钟，休息后后可缓解，未予重视，1年来症状反复发作。近1周患者感胸闷痛明显加重，伴咽喉紧缩感，时有心慌乏力，无头晕头痛，无恶心呕吐，无腹痛腹泻，休息后缓解不明显，遂今日至我院门诊就诊，为进一步诊治收住入院。入院时：患者胸闷重而痛，痛有定处，痰多气短，肢体沉重，形体中等，倦怠乏力，纳呆便干，咯吐痰涎，纳可，大小便尚调，夜寐尚可。,神志清晰，精神欠佳，形体适中，语言清晰，口唇发绀；皮肤正常，无斑疹。头颅大小形态正常，无目窼下陷，白睛无黄染，耳轮正常，无耳瘘及生疮；颈部对称，无青筋暴露，无瘿瘤瘰疬，胸部对称，虚里搏动正常，腹部平坦，无癥瘕痞块，爪甲色泽红润，双下肢无浮肿，舌质暗红，苔浊，脉弦涩。,0,0,0,0,0,0,1,0,0,0,1,痰湿
459873,train,湿热下注证,auto,肛内肿物外脱伴肿痛便血2年,"患者2年来反复出现肛内肿物外脱伴肿痛便血,自用痔疮栓治疗，效欠佳，大便1日/行，日行1次，质软，排出畅，伴便血，色鲜红，量中，伴排便不尽及肛门坠胀感，无粘液便，小溲畅，无发热恶寒。纳食可，夜寐尚可，舌淡红，苔白，脉数。",神志清晰，精神尚可，形体适中，语言清晰，口唇红润；皮肤正常，无斑疹。头颅大小形态正常，无目窼下陷，白睛无黄染，耳轮正常，无耳瘘及生疮；颈部对称，无青筋暴露，无瘿瘤瘰疬，胸部对称，虚里搏动正常，腹部平坦，无癥瘕痞块，爪甲色泽红润，双下肢无浮肿，舌淡红，苔白，脉数。,0,0,0,0,0,0,0,1,0,0,1,湿热
459197,train,气滞血瘀证,auto,停经28天，腹痛伴阴道不规则出血14天,"患者月经周期尚规则，30日一行，5天净，量中，无痛经，G1P0，未避孕，LMP：2019-12-15,量色质如常。患者12-28日无明显诱因出现阴道少量出血，色鲜红，伴有下腹部疼痛，遂于当地门诊，查彩超未见明显异常（报告未见），未予以特殊处理，后出血自止，2020-01-01再次因阴道出血就诊当地医院查血HCG提示妊娠，予以黄体酮口服及肌注保胎治疗，但阴道出血一直存在，2020-01-04因阴道出血未见明显减少且下腹部疼痛不适，就诊于当地门诊，查彩超提示右侧附件区见32*32mm无回声，子宫直肠窝见19*9mm液性暗区，继续予以保胎治疗，2020-01-12就诊于淮北市金汇康医院，查彩超提示右侧附件区不均匀回声包块，宫内探及厚约0.4cm液性暗区，考虑异位妊娠可能性大，患者为求进一步诊疗就诊我院，门诊拟“异位妊娠待查”收入院，刻下：患者神清，精神可，无寒热往来，无头晕头痛，偶有下腹部隐痛不适，阴道少量出血，无明显腰酸乏力，无肛门下坠感，纳差，寐安，二便调畅，舌黯，苔白，脉弦涩。",神志清晰，精神尚可，形体适中，语言清晰，口唇红润；皮肤正常，无斑疹。头颅大小形态正常，无目窼下陷，白睛无黄染，耳轮正常，无耳瘘及生疮；颈部对称，无青筋暴露，无瘿瘤瘰疬，胸部对称，虚里搏动正常，腹部平坦，无癥瘕痞块，爪甲色泽红润，双下肢无浮肿，舌黯，苔白，脉弦涩。,0,0,0,0,1,1,0,0,0,0,2,气滞|血瘀
437590,test,痰湿蕴肺证,auto,"反复咳喘10年余,加重1周",患者10余年前无明显诱因出现咳嗽、咳痰、喘憋，于当地医院就诊，予以对症治疗后改善。此后期间，患者咳嗽、咳痰及喘憋症状反复发作，多在受凉及季节交替时加重，每年发作时间超过3个月，多次因病情加重于当地医院就诊，诊断为“慢性阻塞性肺疾病”，予以药物化痰、止喘及消炎等对症治疗后改善。1周前患者因受凉后出胸闷气喘加重，动则尤甚，咳嗽、咳中等量白粘痰，无发热，无明显胸痛。为求进一步诊治，今来我院就诊，门诊以“慢性阻塞性肺疾病急性加重”收入我区住院系统治疗。患者病程中，无恶寒发热，无恶心呕吐，无咳血胸痛，双下肢无水肿，胃纳差，睡眠一般，二便正常。,神志清晰，精神尚可，形体适中，语言清晰，口唇红润；皮肤正常，无斑疹。头颅大小形态正常，无目窼下陷，白睛无黄染，耳轮正常，无耳瘘及生疮；颈部对称，无青筋暴露，无瘿瘤瘰疬，胸部对称，虚里搏动正常，腹部平坦，无癥瘕痞块，爪甲色泽红润，双下肢无浮肿，舌淡红，苔白，脉弦滑。,0,0,0,0,0,0,1,0,0,0,1,痰湿
488901,train,气滞血瘀证,auto,肛周起赘生物3月余。,患3月余前发现肛门附近起绿豆粒大小疣状赘生物，无明显不适，家属用丝线系紧后摘除，患者未予重视，后发现疣状皮疹逐渐增多，渐增大增厚，自觉瘙痒，皮疹散在分布。今日来诊，诊断为“疣”。门诊查新冠肺炎核酸未见异常，排除新冠肺炎，遂收治入院。入院时患者无发热不适，精神及纳食可，睡眠佳，大小便正常。,神志清晰，精神尚可，形体适中，语言清晰，口唇红润；皮肤同前，肛周皮肤有疣状赘生物。头颅大小形态正常，无目窼下陷，白睛无黄染，耳轮正常，无耳瘘及生疮；颈部对称，无青筋暴露，无瘿瘤瘰疬，胸部对称，虚里搏动正常，腹部平坦，无癥瘕痞块，爪甲色泽红润，双下肢无浮肿，舌质暗红，苔薄白，脉弦涩。,0,0,0,0,1,1,0,0,0,0,2,气滞|血瘀
483769,train,气虚血瘀证,auto,反复胸闷隐痛1月余。,患者1月余前活动后出现胸闷隐痛，伴憋喘，位于胸骨下段，持续10余秒，休息后可缓解，无咽喉紧缩感，无放射痛，现服用“阿司匹林、阿托伐他汀、活心丸”，效果不佳。为进一步诊疗，遂今日至我院就诊，收入我科。入院时：患者胸闷隐痛，伴憋喘，痛有定处，时作时休，心悸气短，动则益甚，无出汗，无头晕、黑矇，无恶心呕吐，无视物旋转，无腹胀腹痛，无咳嗽咳痰，无畏寒发热，纳寐可，二便尚调。,神志清晰，精神尚可，形体适中，语言清晰，口唇发绀；皮肤正常，无斑疹。头颅大小形态正常，无目窼下陷，白睛无黄染，耳轮正常，无耳瘘及生疮；颈部对称，无青筋暴露，无瘿瘤瘰疬，胸部对称，虚里搏动异常，腹部平坦，无癥瘕痞块，爪甲色泽红润，双下肢无浮肿。舌质淡紫，苔薄白，脉虚细涩。,1,0,0,0,0,1,0,0,0,0,2,血瘀|气虚
446682,train,脾胃虚寒证,auto,大便质稀伴矢气频频间作1月余,患者1月前无明显诱因出现大便质稀，无里急后重，每日解1-2次黄色稀便，无粘液，无脓血，排便时伴矢气频频加重，伴有上腹胀痛、反酸、嗳气及上腹部烧灼感，无发热，无咳嗽、咳痰，无胸闷、憋喘，无恶心、呕吐，伴有乏力，时有口干口苦，患者为求进一步诊治，今来我院，由门诊收入我科。发病以来患者无明显头晕、心慌、胸闷，感脘腹胀满不舒，面色萎黄，肢倦乏力，睡眠尚可，小便正常，舌淡苔白，脉细弱，近期体重无明显变化。,神志清晰，精神尚可，形体形体适中，语言清晰，口唇红润；皮肤正常，无斑疹。头颅大小形态正常，无目窼下陷，白睛无黄染，耳轮正常，无耳瘘及生疮；颈部对称，无青筋暴露，无瘿瘤瘰疬，胸部对称，虚里搏动正常，腹部平坦，无癥瘕痞块，爪甲色泽红润，双下肢无浮肿，舌淡红，苔白，脉弦。,0,0,0,1,0,0,0,0,0,0,1,阳虚
477151,train,风痰阻络证,auto,左侧肢体无力4月余,患者2020-05-05突发言语不清，左侧肢体无力，于三院ICU诊断为“急性脑梗死”，经脱水降颅压、抗血小板聚集、降血脂等治疗好转出院，遗留左侧肢体无力，为求中西医结合综合治疗，于门诊拟“脑梗死”收治入院。刻下：神清，精神欠佳，左侧肢体无力，言语不清，饮水呛咳，无头晕，无胸闷、心慌，咳嗽、咳痰，无发热，舌暗，苔白腻，脉弦。,神志清晰，精神尚可，形体适中，语言清晰，口唇红润；皮肤正常，无斑疹。头颅大小形态正常，无目窼下陷，白睛无黄染，耳轮正常，无耳瘘及生疮；颈部对称，无青筋暴露，无瘿瘤瘰疬，胸部对称，虚里搏动正常，腹部平坦，无癥瘕痞块，爪甲色泽红润，双下肢无浮肿，舌暗，苔白腻，脉弦。,0,0,0,0,0,0,1,0,1,0,2,内风|痰湿
466697,train,阴虚阳亢证,auto,头晕头痛半月，加重伴耳鸣半天。,患者既往高血压病史10余年，长期口服缬沙坦氢氯噻嗪、硝苯地平缓释片治疗，血压控制良好。半月前患者开始出现头晕头痛不适，多次测血压高于140/90mmhg，最高血压180/105mmhg，未予重视，血压控制仍不理想，血压时有波动。今日晨起患者感头晕头痛明显加重，伴耳鸣，活动时胸闷心慌，右上肢麻木感明显，无胸痛放射痛，无晕厥黑矇，至门诊就诊，查血压180/120mmhg，现为进一步诊治收住入院。入院时：患者头晕头痛明显，耳鸣，头目胀痛，颜面潮红，胸闷心慌，稍反酸，无胸痛放射痛，无恶心呕吐，无咳嗽咳痰，纳欠佳，大小便尚调，夜寐一般。,神志清晰，精神尚可，形体适中，语言清晰，口唇红润；皮肤正常，无斑疹。头颅大小形态正常，无目窼下陷，白睛无黄染，耳轮正常，无耳瘘及生疮；颈部对称，无青筋暴露，无瘿瘤瘰疬，胸部对称，虚里搏动正常，腹部平坦，无癥瘕痞块，爪甲色泽红润，双下肢无浮肿，舌红少苔，脉弦细。,0,0,1,0,0,0,0,0,0,0,1,阴虚
450585,train,肝肾亏虚证,manual_disambiguated,反复多关节肿痛6年，加重3月,"患者6年前无明显诱因出现双膝关节肿痛，于社区医院查RF（+），诊为类风湿关节炎，予柳氮磺胺吡啶3粒 2次/日、雷公藤多苷片2粒 3次/日，经治病情好转。3年前患者出现双手近端指间关节肿痛，伴有晨僵，无雷诺现象，1年前于市立医院老年科住院治疗，予加用强的松2# qd，余治疗方案不详，经治好转后出院。患者出院后仍自服柳氮磺吡啶+雷公藤多甙片，患者近3月多关节肿痛加重，主要累及双手近端之间关节、掌指关节、腕关节、双膝等关节，伴晨僵，自行停服柳氮磺胺吡啶、雷公藤多苷片，其后不规律服用强的松，20天前曾至我科住院治疗，查抗环瓜氨酸多肽抗体 142.00U/ml↑。类风湿因子 2580.00IU/ml↑。C－反应蛋白 37.60mg/L↑,血沉 63.00mm/h↑。ANA谱、ANCA阴性。诊断为类风湿性关节炎，予甲氨蝶呤、硫酸羟氯喹治疗，患者3日前无明显诱因再次出现右踝、右膝、双腕、双手近端指间关节疼痛为主，活动受限。患者今日至我科就诊，为进一步系统诊治，收住入院，入院时：患者多关节肿痛，右踝、右膝、双腕、双手近端指间关节疼痛为主，伴晨僵，左手腕强直，双肩关节上举受限，行走困难，纳食可，无口腔溃疡，进食干粮无需饮水送服，夜寐安，二便正常。无发热，无胸闷气喘，无腹痛腹泻。",神志清晰，精神尚可，形体适中，语言清晰，口唇红润；皮肤正常，无斑疹。头颅大小形态正常，无目窼下陷，无白睛，耳轮正常，无耳瘘及生疮；颈部对称，无青筋暴露，无瘿瘤瘰疬，胸部对称，虚里搏动正常，腹部平坦，无癥瘕痞块，爪甲色泽红润，双下肢无浮肿，舌淡红，苔黄腻，脉沉细。,0,0,0,1,0,0,1,0,0,0,2,阳虚|痰湿
469417,train,脾胃虚寒证,auto,反复腹泻、上腹胀痛一月,患者1月前无明显诱因出现腹泻，里急后重，每日解3-4次黄色稀便，无粘液、脓血，有腹痛，排便后腹痛稍缓解，伴有上腹胀痛、反酸、嗳气及上腹部烧灼感，无发热，无咳嗽、咳痰，无胸闷、憋喘，无恶心、呕吐。至我院门诊就诊，口服药物后腹泻效果欠佳，伴有乏力，患者为求进一步诊治，今来我院，由门诊收入我科。发病以来患者无明显头晕、心慌、胸闷，感脘腹胀满不舒，面色萎黄，肢倦乏力，咳嗽咳痰，痰色白，睡眠欠佳，小便正常，舌淡苔白，脉细弱，近期体重无明显变化。,神志清晰，精神尚可，形体形体适中，语言清晰，口唇红润；皮肤正常，无斑疹。头颅大小形态正常，无目窼下陷，白睛无黄染，耳轮正常，无耳瘘及生疮；颈部对称，无青筋暴露，无瘿瘤瘰疬，胸部对称，虚里搏动正常，腹部平坦，无癥瘕痞块，爪甲色泽红润，双下肢无浮肿，舌淡红，苔白，脉弦。,0,0,0,1,0,0,0,0,0,0,1,阳虚
473382,train,气虚血瘀证,auto,突发头晕伴行走不稳1天。,患者既往有“血压升高”病史，未规律服药治疗。昨日上午患者无明显诱因下突发头晕，行走不稳，无胸闷胸痛，无心慌自汗，无喘憋气促，无四肢感觉运动障碍，无口眼歪斜，无言语不利，无饮水呛咳，患者于当地医院就诊，予输液治疗（具体不详），后患者自诉症状无缓解，遂至我院急诊就诊，急诊测血压160/100mmHg，头颅CT：脑干点片稍低密度；两侧基底节区腔隙性脑梗塞，右基底节区脑软化灶；右上颌窦、蝶窦炎症。建议颅脑MR平扫。胸部CT:两肺轻度间质性改变；两肺下叶及左肺上叶模糊影 考虑炎症；主动脉瓣区及二尖瓣区致密影。随诊。为求系统诊治，今收入住院。入院时：患者诉头晕，行走不稳，无胸闷胸痛，无心慌自汗，无喘憋气促，无四肢感觉运动障碍，无口眼歪斜，无言语不利，无饮水呛咳，纳可，夜寐一般，二便无殊。,神志清晰，精神尚可，形体适中，语言清晰，口唇发绀；皮肤正常，无斑疹。头颅大小形态正常，无目窼下陷，白睛无黄染，耳轮正常，无耳瘘及生疮；颈部对称，无青筋暴露，无瘿瘤瘰疬，胸部对称，虚里搏动异常，腹部平坦，无癥瘕痞块，爪甲色泽红润，双下肢无浮肿。舌紫暗有瘀斑，苔白腻，脉弦滑。,1,0,0,0,0,1,0,0,0,0,2,血瘀|气虚
433179,train,风痰入络证,auto,右侧肢体麻木无力1月，加重伴头晕1天,"患者1月前无明显诱因突发右侧肢体麻木无力，遂前往我市四院就诊,经治病情好转出院，遗留右侧肢体麻木无力，1天前患者自诉上述症状较前加重，伴头晕，遂来我院门诊就诊，由门诊收住入院，入院时：患者神清，精神可，右侧肢体不利，言语稍欠利，头晕不适，无胸闷、心慌，无恶心、呕吐，无发热，无咳嗽、咳痰，饮食尚可，睡眠可，二便调。舌质淡红，苔白腻，脉弦滑。",神志清晰，精神尚可，形体适中，语言清晰，口唇红润；皮肤正常，无斑疹。头颅大小形态正常，无目窼下陷，白睛无黄染，耳轮正常，无耳瘘及生疮；颈部对称，无青筋暴露，无瘿瘤瘰疬，胸部对称，虚里搏动正常，腹部平坦，无癥瘕痞块，爪甲色泽红润，双下肢无浮肿，舌质淡红，苔白腻，脉弦滑。,0,0,0,0,0,0,1,0,1,0,2,内风|痰湿
445853,train,气滞血瘀证,auto,外伤致右膝关节疼痛活动受限2天,患者2天前骑电动车不慎摔倒，被电动车压伤右膝部，致右膝肿痛活动受限，经休息无好转，至当地医院诊治，行右膝MRI示：右股骨外髁局部水肿。右膝前交叉韧带撕裂（断裂可能），后交叉韧带及外侧副韧带损伤。右膝内侧半月板后角损伤变性。右膝关节腔积液，关节软组织挫伤。今为进一步治疗转诊我院并收住院。刻下患者右关节肿痛活动受限依然。,神志清晰，精神尚可，形体适中，语言清晰，口唇红润；皮肤正常，无斑疹。头颅大小形态正常，无目窼下陷，白睛无黄染，耳轮正常，无耳瘘及生疮；颈部对称，无青筋暴露，无瘿瘤瘰疬，胸部对称，虚里搏动正常，腹部平坦，无癥瘕痞块，爪甲色泽红润，双下肢无浮肿，舌淡红，苔白，脉弦。,0,0,0,0,1,1,0,0,0,0,2,气滞|血瘀
423585,train,气虚血瘀证,auto,反复头晕、头昏10年余，加重7天,患者10年余前无明显诱因感头晕头昏时作，头胀痛，予外院就诊，诊断：脑梗塞，予住院治疗，好转后出院，症状反复发作，7天前患者无明显诱因感头晕频作，头昏时作，无恶心呕吐，时有四肢乏力，胸闷心慌阵作，胸痛偶作，无放射痛，无憋喘，无夜间憋醒，可平躺，即来我院门诊就诊，为进一步检查治疗收住入院。病程中患者咳嗽、咳痰不显，无恶寒发热，无四肢抽搐，无气喘，纳食可，夜寐一般，二便尚调。,神志清晰，精神欠佳，形体适中，语言清晰，口唇发绀；皮肤正常，无斑疹。头颅大小形态正常，无目窼下陷，白睛无黄染，耳轮正常，无耳瘘及生疮；颈部对称，无青筋暴露，无瘿瘤瘰疬，胸部对称，虚里搏动正常，腹部平坦，无癥瘕痞块，爪甲色泽苍白，双下肢有浮肿，舌淡白，苔白，脉弱。,1,0,0,0,0,1,0,0,0,0,2,血瘀|气虚
490288,test,气滞血瘀证,auto,便后肛痛伴便血1月余。,患者1月前无明显诱因下出现便后肛痛，伴便血，量少，点滴而出，色鲜红，无肛内坠胀不适，症状反复发作渐加重。刻下：便后肛痛，伴便血，量少，点滴而出，色鲜红，无肛内坠胀不适，无里急后重感。,神志清晰，精神尚可，形体适中，语言清晰，口唇红润；皮肤正常，无斑疹。头颅大小形态正常，无目窼下陷，白睛无黄染，耳轮正常，无耳瘘及生疮；颈部对称，无青筋暴露，无瘿瘤瘰疬，胸部对称，虚里搏动正常，腹部平坦，无癥瘕痞块，爪甲色泽红润，双下肢无浮肿，舌淡红，苔白，脉弦。,0,0,0,0,1,1,0,0,0,0,2,气滞|血瘀
418567,train,肝胃郁热证,auto,口渴多饮伴消瘦3月,患者素嗜肥甘，喜甜食饮料，3月前渐出现口干多饮、多尿，体重明显减轻。1周前于外院门诊查空腹血糖12.2mmol/L，予胰岛素皮下注射治疗，后血糖降低但未达标。现为中西医结合控制血糖紊乱及检查并发症，入住我区。现症：口干多饮、多食及多尿，头晕偶作，无恶心呕吐，无心慌胸闷。自发病以来神清，精神可，胃纳、睡眠可，小便可见泡沫，无发热，近三月来体重减轻7kg。,神志清晰，精神尚可，形体适中，语言清晰，口唇红润；皮肤正常，无斑疹。头颅大小形态正常，无目窼下陷，无白睛，耳轮正常，无耳瘘及生疮；颈部对称，无青筋暴露，无瘿瘤瘰疬，胸部对称，虚里搏动正常，腹部平坦，无癥瘕痞块，爪甲色泽红润，双下肢无浮肿，舌红，苔黄腻，脉弦数。,0,0,0,0,1,0,0,0,0,1,2,气滞|实热
417833,train,痰湿蕴肺证,auto,反复咳喘30年余，加重3天。,"患者30年前无明显诱因出现咳嗽、咳痰、喘憋，于当地医院就诊，予以对症治疗后改善。此后3年间，患者咳嗽、咳痰及喘憋症状反复发作，多在受凉及季节交替时加重，每年发作时间超过3个月，多次因病情加重于当地医院就诊，诊断为“慢性阻塞性肺疾病”，予以药物化痰、止喘及消炎等对症治疗后改善。3天前患者因受凉后出现咳嗽阵作,咳少量黄白粘痰,胸闷气喘,活动后加重,自服药物控制,效果欠佳；现患者为求进一步诊治，来我院就诊，门诊以“慢性阻塞性肺疾病急性加重”收入我区住院系统治疗。病程中，患者无恶寒发热，无恶心呕吐，无咳血胸痛，饮食少，睡眠一般，二便正常。",神志清晰，精神尚可，形体适中，语言清晰，口唇红润；皮肤正常，无斑疹。头颅大小形态正常，无目窼下陷，白睛无黄染，耳轮正常，无耳瘘及生疮；颈部对称，无青筋暴露，无瘿瘤瘰疬，胸部对称，虚里搏动正常，腹部平坦，无癥瘕痞块，爪甲色泽红润，双下肢无浮肿，舌淡红，苔白，脉数。,0,0,0,0,0,0,1,0,0,0,1,痰湿
466151,train,热毒蕴结证,auto,肛旁肿痛1年,"患者于入院前1年，出现因食辛辣醇厚且劳累后出现肛旁肿胀疼痛,初未重视，症情反复发作渐加重，遂来本院求治。刻下：肛旁肿胀疼痛剧烈，大便日行1-2次，质软，排出畅，无便血，偶伴排便不尽及肛门坠胀感，无粘液便，小溲畅，无发热恶寒。纳食可，夜寐尚可，舌红，苔黄，脉滑数。",神志清晰，精神尚可，形体适中，语言清晰，口唇红润；皮肤正常，无斑疹。头颅大小形态正常，无目窼下陷，白睛无黄染，耳轮正常，无耳瘘及生疮；颈部对称，无青筋暴露，无瘿瘤瘰疬，胸部对称，虚里搏动正常，腹部平坦，无癥瘕痞块，爪甲色泽红润，双下肢无浮肿，舌淡红，苔白，脉滑数。,0,0,0,0,0,0,0,0,0,1,1,实热
436016,train,湿热瘀阻证,auto,下腹痛伴腰酸4天，加重1天。,患者月经周期尚规则，37日一行，5-7天净，量中等，色红，有血块，无痛经。患者4天前患者无明显诱因出现下腹痛伴腰酸，经休息未见明显缓解，未予特殊处理。昨晚出现下腹痛疼痛明显加重，今日凌晨腹痛难忍遂急诊就诊于我院，查妇科彩超：子宫内膜回声不均、宫颈囊肿、右侧卵巢未见明显异常（子宫前位，宫体大小形态正常，表面光滑，肌层回声均匀，内膜厚10mm，回声不均。宫颈可见多枚无回声，最大直径8mm。左卵巢显示不清，右卵巢大小26*20mm，形态正常，子宫直肠窝见少量液性暗区），妇科检查提示宫体及双侧附件区压痛明显，建议住院。患者为行进一步治疗入住我院。刻下：患者神清，精神可，下腹部疼痛不适，腰部酸痛，无寒热往来，无头晕头痛，无肛门下坠感，纳可，寐安，二便调畅，舌红，苔黄腻，脉滑数。,神志清晰，精神尚可，形体适中，语言清晰，口唇红润；皮肤正常，无斑疹。头颅大小形态正常，无目窼下陷，白睛无黄染，耳轮正常，无耳瘘及生疮；颈部对称，无青筋暴露，无瘿瘤瘰疬，胸部对称，虚里搏动正常，腹部平坦，无癥瘕痞块，爪甲色泽红润，双下肢无浮肿，淡红，苔白，脉弦涩。,0,0,0,0,0,0,0,1,0,0,1,湿热
472638,val,气虚血瘀证,auto,头晕、头痛伴行走不稳1周。,患者近1周，自觉头晕，伴有行走不稳，持续不能缓解，头痛间作，以前额部为主，头昏沉，今为求进一步中西医结合治疗，门诊排除新冠肺炎，拟“脑梗死”收治入院。入院时，患者神志清楚，精神欠佳，头晕，行走不稳，头痛间作，受凉及休息欠佳时明显，伴有头昏沉，食纳尚可，二便尚调，舌暗红，苔薄白，脉弦细涩。,神志清晰，精神欠佳，形体适中，语言清晰，口唇红润；皮肤正常，无斑疹。头颅大小形态正常，无目窼下陷，白睛无黄染，耳轮正常，无耳瘘及生疮；颈部对称，无青筋暴露，无瘿瘤瘰疬，胸部对称，虚里搏动正常，腹部平坦，无癥瘕痞块，爪甲色泽红润，双下肢无浮肿，舌暗红，苔薄白，脉弦细涩。,1,0,0,0,0,1,0,0,0,0,2,血瘀|气虚
482269,train,风痰阻络证,auto,左侧肢体活动无力1.5月余。,患者于9-25因脑出血至外院行去骨瓣减压+清除血肿术，经治疗后病情好转，遗留有左侧肢体活动无力，为求中西医结合诊治，今至我院，门诊以“脑出血”收入我科。入院时症状：神志清，精神欠佳，左侧肢体活动无力，饮食可，二便可，夜寐尚可。舌质红，苔黄腻，脉弦。,神志清晰，精神欠佳，形体偏胖，语言清晰，口唇红润；皮肤正常，无斑疹。头颅大小形态正常，无目窼下陷，白睛无黄染，耳轮正常，无耳瘘及生疮；颈部对称，无青筋暴露，无瘿瘤瘰疬，胸部对称，虚里搏动正常，腹部平坦，无癥瘕痞块，爪甲色泽红润，双下肢无浮肿，舌红，苔黄腻，脉弦。,0,0,0,0,0,0,1,0,1,0,2,内风|痰湿


